Battery capacity (kWh),Vehicle weight (kg),Motor power (kW),Avg speed kmph,Road type,Elevation gain (m),Ambient temp C,AC usage,Driving style,Passenger load,Regen braking level,Real world range (km)
59.96320951,1392.558526,197.2790108,46.86560361,City,126.2131556,34.9729577,Off,Normal,2,Medium,324.9787695
106.0571445,1370.468199,253.303759,45.98700869,City,102.7933025,19.02368284,On,Eco,2,Medium,625.8356241
88.55951534,2359.381871,242.4386231,46.71266611,City,141.7408578,25.4643604,Off,Aggressive,3,Medium,512.4326103
77.89267874,1374.3193,96.93597713,28.10014989,City,78.16670985,21.92370615,Off,Normal,5,Medium,417.7501462
42.48149124,1407.924589,95.81987274,21.04947465,City,168.2616703,25.51785937,Off,Eco,1,High,258.8788137
42.47956163,2139.097394,124.3618483,27.832004,City,135.4380188,19.64257204,Off,Aggressive,2,Medium,223.1023086
34.64668897,1674.609764,146.6579343,28.36122037,City,139.5609397,15.95224757,Off,Normal,1,Medium,172.3824898
99.29409166,2165.065835,158.0293395,47.2808098,City,107.1871986,26.45130908,On,Eco,4,Medium,535.2810611
78.08920094,1098.049236,223.127332,39.47728199,City,177.0457968,21.71708632,Off,Normal,4,High,425.4236513
86.64580622,1731.356791,73.60330372,22.45111879,City,50.40294674,18.63882803,On,Eco,5,Medium,476.9698752
31.64675954,1050.4204,68.32144901,24.06135788,City,76.22953067,21.47871132,Off,Aggressive,2,Medium,160.0925822
107.5927882,1093.979805,154.0585351,24.67028377,City,155.5285139,15.98560403,On,Aggressive,3,Medium,593.4720226
96.59541126,2359.65618,227.3192861,38.91265245,City,98.54977923,34.00884468,On,Aggressive,2,High,563.8274361
46.98712885,1208.868057,106.4244823,42.06242077,City,177.8428027,26.6229583,On,Normal,1,Medium,256.8238065
44.54599738,1798.631023,213.9610755,45.78931732,City,69.27986395,31.29537363,Off,Normal,4,High,235.0652233
44.67236079,1616.643404,122.3587531,48.21909652,City,73.86603376,23.46236395,Off,Normal,1,High,244.0997498
54.33937944,1521.014989,272.6606661,26.05113672,City,177.7471579,33.06629335,On,Eco,5,Medium,275.8792394
71.98051453,2349.750019,274.9655866,29.29317454,City,92.87406404,24.66636443,Off,Normal,4,Medium,412.4062553
64.55560149,1032.735095,131.348929,27.20968642,City,103.2249168,26.47890644,Off,Normal,3,High,378.8923664
53.29833122,1995.684529,115.198501,30.76284702,City,66.55274307,24.8358796,Off,Eco,4,High,310.5751731
78.94823158,2445.091651,158.7129533,47.43995322,City,55.33398844,29.66556592,On,Normal,2,Medium,427.2243348
41.15950885,1840.252275,117.7275804,37.25337701,City,131.1897422,26.33312155,On,Aggressive,2,Medium,181.7891404
53.37157188,2405.233693,221.3721224,42.14575692,City,23.96813231,20.43197847,On,Aggressive,4,High,234.9496948
59.30894746,1078.386819,258.2555243,34.70357708,City,175.8545282,17.91079063,Off,Eco,5,High,334.6035124
66.48559874,1628.189979,221.5421114,20.8657374,City,155.8406274,27.12248778,Off,Eco,2,High,374.5149832
92.81407691,1390.236686,257.8441073,21.92586458,City,38.14965274,24.78359923,On,Eco,2,High,542.7381714
45.97390257,2096.231447,155.2781189,36.13769094,City,138.8039892,16.91951393,Off,Aggressive,3,Medium,223.761437
71.13875507,2471.945636,97.51607297,41.56367104,City,120.5265843,22.91234932,Off,Eco,4,High,406.7851716
77.39316551,1384.795094,237.1082274,26.45991583,City,36.90701015,25.29552844,Off,Normal,2,Medium,464.4234027
33.71603302,1981.261902,146.5138812,41.65728722,City,54.64070121,31.53786468,Off,Eco,5,High,185.5443385
78.60358815,1297.146449,221.1049981,44.3199732,City,81.79730075,16.52202112,Off,Normal,1,High,471.9448018
43.64192989,1847.995382,124.9545461,32.35692435,City,139.848547,21.96990696,Off,Normal,4,Medium,210.0267599
35.20412744,1695.89873,79.49511235,42.39257699,City,127.7446818,31.45312245,Off,Normal,3,Medium,172.7750274
105.910843,2458.007994,298.2196309,32.12089851,City,106.4469695,27.96847864,Off,Eco,2,Medium,618.9079571
107.2505626,1912.790909,97.4883619,40.35051888,City,153.6821086,20.79916644,On,Normal,5,Medium,578.36556
94.67178785,1524.259558,297.2210386,42.91991148,City,151.5875479,31.90670244,Off,Eco,4,High,557.3790323
54.36910153,1171.143677,294.5471838,49.75779855,City,123.5718308,24.86587161,Off,Normal,5,Medium,263.3214471
37.81376912,1226.870243,250.5163449,30.36189986,City,157.3980167,24.96703783,On,Aggressive,5,Medium,143.7676347
84.73864212,1337.975395,218.2615109,32.33122342,City,66.85267496,34.53174678,On,Eco,3,Medium,462.6710978
65.2121995,1376.449992,198.6736921,24.96860178,City,176.2499057,33.94233006,Off,Aggressive,4,High,360.143941
39.76305879,2275.924087,267.8643709,26.12219175,City,122.9820172,22.17065367,On,Normal,2,High,193.772486
69.61415281,1841.834182,129.4654852,40.80185008,City,164.4727028,17.81158257,Off,Eco,3,Medium,366.0035851
32.75108169,1785.086367,172.243491,47.5113677,City,109.255821,21.51333465,Off,Normal,2,High,191.4154873
102.7456322,1172.153308,208.6535926,31.83814855,City,43.687649,15.60966521,Off,Eco,1,High,641.2958962
50.70239853,2290.20954,158.6857142,25.39533341,City,108.4820257,15.41535773,Off,Normal,5,Medium,230.8222595
83.00178275,2084.221455,162.596749,28.55298498,City,74.22233276,22.91044273,On,Normal,1,High,484.6220772
54.93688609,1101.502543,139.2683202,33.65155114,City,139.4998072,33.82039645,Off,Eco,5,Medium,317.2085149
71.60544169,2061.752646,195.415636,28.71950988,City,95.15875835,32.42714682,Off,Normal,3,Medium,399.7509499
73.73682235,1815.307326,264.1378867,27.00737249,City,167.222561,25.22885668,On,Aggressive,2,Medium,395.553717
44.78835644,1122.588019,108.3668107,42.07953466,City,135.6145025,26.30452762,Off,Aggressive,2,High,230.1641211
107.5667702,1687.450962,284.2639293,20.23534764,City,136.9088866,15.11866993,On,Normal,3,Medium,617.0958922
92.01062587,1727.044431,225.3810369,36.17691582,City,43.4310667,19.31002312,On,Aggressive,4,High,511.6952217
105.1599153,1248.66181,257.585571,43.81300421,City,196.8499533,15.49548254,Off,Normal,1,High,608.5984566
101.586188,2418.547221,193.4857662,27.98684859,City,168.3350419,30.09079065,On,Normal,1,High,577.7496572
77.8319983,2274.963057,247.0840083,38.09874532,City,157.8009769,17.91291592,Off,Aggressive,2,High,439.3968592
103.7499388,2003.533506,63.88809536,40.06700317,City,66.04304503,32.38094205,Off,Normal,2,Medium,610.3762064
37.07940016,1693.443342,256.4113019,39.65074089,City,107.1263306,27.86648627,Off,Normal,2,Medium,198.5006801
45.67862899,1617.648312,69.63332618,33.37548903,City,27.42063761,19.58837353,On,Normal,3,High,226.5204734
33.61818311,1976.460201,273.5792103,30.39733964,City,107.6951953,18.15440634,On,Aggressive,4,Medium,118.0043021
56.02642646,1818.147804,298.0710593,45.07772219,City,29.1778493,27.55249402,Off,Aggressive,1,High,324.4617875
61.09418318,1093.409659,130.5761909,42.75337871,City,110.6075688,33.01673961,Off,Normal,5,High,308.8639868
51.70792254,1768.753973,110.4764535,29.6376552,City,129.744376,29.36720438,Off,Normal,3,Medium,271.9150335
96.29900073,2209.605426,243.6872073,23.09057583,City,78.03919345,21.97093303,On,Normal,1,High,558.2480255
58.54026614,1688.859816,120.7263218,22.15422636,City,99.70897567,26.74767191,On,Normal,4,Medium,305.6650584
52.47476077,1077.934866,267.734972,22.82827934,City,175.1306775,21.21523391,On,Eco,3,High,280.0825814
73.41568665,2179.417299,84.68222212,37.48608084,City,21.71262894,34.98299134,On,Normal,1,High,423.5396885
41.273938,1302.045673,90.22924713,21.54986527,City,158.3465786,29.97678377,Off,Normal,3,High,239.396205
94.17575846,1387.931252,294.9963732,30.10780625,City,34.1509102,27.2876328,Off,Normal,1,High,554.4518213
35.96405149,1247.05953,221.7213356,42.59599106,City,7.341596561,23.46518286,Off,Eco,1,Medium,210.9280026
108.9509549,1495.322597,263.2529339,28.830445,City,37.11492055,27.36304581,On,Eco,4,High,630.322413
91.77958154,2135.127259,137.8390506,42.89924232,City,153.008638,21.83232125,Off,Aggressive,5,High,497.6822026
45.89725452,1779.078789,222.3560999,42.36401115,City,81.02521467,15.57729679,Off,Normal,4,Medium,206.2404296
30.44176937,1307.321911,202.6180386,27.37481398,City,174.5041034,22.90177045,On,Eco,1,High,164.8004641
95.23691428,2316.745117,204.7560288,41.8646654,City,104.9415082,33.60961639,On,Normal,3,High,538.0360547
86.54858751,2319.372782,223.8077903,42.43329915,City,4.450070385,27.5260219,Off,Normal,4,High,505.236361
88.32057344,2305.867638,198.0862016,31.92361777,City,143.3427219,16.67911406,On,Eco,5,High,483.1965116
91.70162773,1358.194317,162.9749686,26.31261451,City,22.04658174,32.69987227,On,Normal,1,High,521.7965586
35.92357214,1676.859016,126.2214467,35.63812421,City,157.8759267,20.37749699,Off,Normal,4,High,164.2217067
58.67725828,2477.484484,244.4595194,47.64192764,City,33.62050996,19.87538986,Off,Normal,4,Medium,268.0250848
39.26952476,2158.018714,114.3053832,39.18850197,City,69.08927716,20.94181938,Off,Normal,4,High,191.4798577
99.04827407,1040.751132,226.1650335,25.18767493,City,152.2542859,26.54404472,Off,Normal,4,Medium,606.4123985
79.86385015,1097.806887,115.9998774,40.48270774,City,190.8462715,25.89376187,On,Aggressive,3,High,444.5555816
56.47184199,1695.897065,210.0792408,32.81609082,City,74.28679013,24.82827509,Off,Normal,5,Medium,280.5402327
35.08466802,2363.830309,239.2987841,37.74586392,City,165.880044,29.35073727,Off,Eco,5,Medium,161.5346432
54.87858574,1808.052697,112.4913333,42.02192105,City,38.1584531,21.33075463,Off,Eco,1,Medium,313.9982016
56.01466576,1746.718762,74.38639221,35.44842055,City,161.435954,30.64129043,Off,Normal,2,Medium,330.0298446
88.36849427,1158.21055,91.43369832,44.41951924,City,131.4988119,18.50643357,Off,Normal,3,High,539.3017765
81.00459771,1985.170157,205.4392721,41.66466738,City,38.54870144,30.65241578,On,Eco,1,High,471.2709733
100.9770194,2233.154741,263.8671375,38.4522002,City,60.50079207,28.27620211,Off,Normal,1,High,604.6084537
67.77719401,1570.630011,70.7992371,24.52378447,City,26.35417772,28.66416619,On,Eco,4,Medium,375.1008673
39.56753968,2163.417776,236.1963022,45.07847333,City,76.59340221,24.63106794,On,Normal,2,Medium,187.999065
87.05958298,2446.714981,141.916475,48.07716756,City,40.72972822,28.34003065,Off,Normal,2,Medium,503.7512111
90.86280389,1305.649689,174.8468088,24.10895371,City,128.7995907,16.59594093,On,Normal,3,Medium,506.7300101
74.90217581,1784.994447,282.926292,34.64723388,City,198.9010208,32.03102234,On,Normal,2,Medium,415.83034
91.6773744,1430.706937,139.6731611,27.76666226,City,2.401832617,16.11094467,Off,Eco,1,Medium,526.7033086
69.50364771,2189.281629,171.6808641,42.63569922,City,108.1839627,17.9748302,Off,Normal,2,Medium,385.2705709
71.81862635,1866.390049,63.28377954,41.64888908,City,114.7333195,26.53579417,On,Eco,2,High,388.5924961
64.20328147,1951.873626,79.5836928,24.22655362,City,182.8417579,29.78822911,On,Aggressive,5,Medium,323.2918636
32.03353014,2196.871239,122.0619819,46.31081814,City,101.201067,16.52503129,Off,Eco,1,High,170.7305974
38.63131416,1593.955709,66.6845378,25.42919192,City,108.7402839,33.41529628,Off,Aggressive,2,High,178.6664295
32.51433485,2372.635103,211.5300783,43.91777077,City,94.33056027,34.47215298,Off,Normal,2,Medium,137.0942267
80.9128329,1799.543301,162.3356056,33.70941079,City,53.78086091,27.11900346,Off,Normal,4,Medium,459.1064024
55.14847849,1236.932234,191.5548487,29.84816881,City,11.20582665,24.62486911,Off,Normal,2,Medium,296.9185356
70.68565529,2043.848677,101.9153246,24.74717788,City,81.73153644,29.82789945,Off,Aggressive,2,Medium,392.0736557
102.6053179,2189.892026,131.0236871,25.02842768,City,10.51829425,21.56714705,Off,Eco,5,High,620.7677735
49.94337833,1475.142516,219.317874,39.85671664,City,110.0984939,24.86528868,Off,Eco,1,Medium,296.1398549
62.83063384,2285.768885,291.6726537,36.51291164,City,61.45872865,33.32302054,Off,Normal,3,High,343.6911452
90.44409108,2359.214882,72.10002566,23.66256265,City,106.7204803,34.1131085,Off,Eco,1,Medium,528.3563423
48.30385324,1415.356731,273.692237,23.38093581,City,26.85939288,33.54138232,Off,Eco,4,High,276.7932243
36.15839279,2475.282209,198.4514883,22.16931724,City,186.5259931,20.24896134,Off,Aggressive,1,High,188.4187342
53.18011623,1211.067292,195.340696,42.31302042,City,178.9042487,19.6493808,On,Aggressive,2,High,275.8635709
42.89770298,1303.023503,180.0668484,41.35646256,City,37.99930184,20.95329012,On,Normal,4,High,169.8392148
104.3758122,1276.337259,76.65458062,21.75292973,City,68.68885666,23.82622225,Off,Aggressive,1,High,633.3805626
94.64963037,2340.984565,81.57044442,36.80810227,City,122.6985544,21.28334826,Off,Normal,4,Medium,511.0196856
80.67230052,1981.438828,204.2188814,22.54028466,City,19.13724146,22.48425591,Off,Eco,3,Medium,465.8288002
99.71684722,1228.156425,141.8300571,47.11237312,City,70.91356422,27.41273904,Off,Normal,1,Medium,606.9927626
94.29376615,1660.485128,280.144336,47.21352258,City,50.22245736,30.25051354,Off,Normal,2,High,520.0567833
44.92560471,1922.947038,157.581729,40.94698969,City,183.1033457,29.71116397,Off,Aggressive,4,Medium,213.2658946
101.4047199,1125.196127,94.38755009,47.78566764,City,170.5021273,31.28847134,On,Eco,5,High,562.6746705
73.14737935,2323.624553,231.53252,44.34359091,City,115.9665483,15.64368806,Off,Normal,4,High,404.3081539
94.59521241,2205.405303,130.4048211,44.85615728,City,104.0692674,15.95467579,Off,Eco,5,Medium,541.9455515
101.687304,1757.81016,186.1128738,37.09123552,City,186.1451589,30.78765921,On,Eco,2,High,590.9790197
55.440278,2450.689923,227.4798685,29.18177595,City,186.4855566,25.66157645,On,Eco,3,Medium,274.1001072
38.80415396,1626.641469,276.0633867,26.53397345,City,193.8660251,26.56281348,Off,Aggressive,5,High,180.3572492
48.234813,2476.165479,250.1258868,29.81600066,City,25.07577682,16.0517372,Off,Aggressive,3,Medium,246.1226001
64.16862309,2001.879998,222.3266563,38.8548629,City,32.11156215,20.10627602,Off,Normal,4,High,351.6376738
95.44118127,1952.00691,223.1119638,25.17969607,City,135.3473397,27.7670861,Off,Normal,2,Medium,586.9548577
98.85844666,1248.932343,287.0219146,27.7592071,City,108.2868953,32.1836378,Off,Normal,5,Medium,577.7515907
30.55617044,2322.891637,130.9977834,34.04182588,City,3.693180979,33.33966794,Off,Eco,4,High,181.7955591
70.85978421,1641.234532,60.26690261,26.99150296,City,12.3950072,25.00838992,Off,Eco,1,High,435.1219691
63.39288025,1243.350109,125.2690943,37.65931009,City,177.6160765,25.90948465,On,Normal,4,High,354.3350573
47.76862484,1018.91128,112.2939311,47.69528085,City,173.7741591,31.66099262,On,Normal,3,Medium,220.1823459
39.58922939,1839.633525,218.8403004,42.44268097,City,71.4541844,25.75249201,Off,Normal,2,Medium,202.78888
57.00921371,1791.099433,212.0907839,39.99279842,City,178.2101234,25.33717051,Off,Eco,2,High,322.881757
105.4327763,2079.030434,202.4307318,37.48164428,City,118.7350149,33.10168076,Off,Eco,4,Medium,606.3066925
55.85623456,2335.38708,63.89842637,34.63843728,City,161.1811294,30.79865442,Off,Eco,1,Medium,327.0996206
71.50324974,1119.109877,234.9067331,25.59691579,City,85.48621423,33.18145053,Off,Normal,3,High,412.4880174
86.24151671,2097.244736,137.647299,46.84131366,City,22.67966547,19.3649411,On,Aggressive,4,Medium,459.0810284
59.09036819,1281.117916,219.6134374,27.45608006,City,86.74541253,25.48750973,On,Normal,4,Medium,326.2343342
107.7425666,2287.26558,193.5788228,22.73926633,City,91.4599596,31.84944257,On,Aggressive,2,Medium,584.3456494
106.9957836,2228.595271,142.2554221,42.50045538,City,110.1888388,17.22295655,On,Normal,3,High,587.4902474
50.14258367,1811.190632,92.2983041,25.26846603,City,21.11654258,30.89324309,On,Normal,1,Medium,233.682901
69.77988047,2065.364198,82.66053544,31.15687999,City,198.2803726,18.65946767,On,Eco,2,High,382.0187271
54.07026479,1471.52517,259.5643999,20.84854785,City,48.82736416,31.1623751,On,Aggressive,4,Medium,255.5042436
52.78723955,1706.751848,280.4154101,24.11203828,City,39.71048071,27.24001875,Off,Normal,2,Medium,285.7424394
32.95095579,2232.455347,215.9491312,25.19610892,City,105.3605838,18.86471983,Off,Eco,2,Medium,165.250421
78.76514672,1688.897796,84.82418757,21.63230383,City,107.4416359,24.46708359,Off,Normal,5,Medium,436.5444772
70.21432186,1536.697398,156.4865321,39.6997087,City,87.96414757,28.63810333,On,Normal,2,Medium,375.4064116
34.1183001,1741.318671,234.945408,45.11023387,City,154.3784293,27.67705802,Off,Normal,2,High,164.7179936
52.29171714,2242.373879,247.1570122,31.19946219,City,103.3308801,23.54494392,Off,Aggressive,3,Medium,272.5528665
102.6612709,1502.812071,88.37246935,46.2372943,City,121.939091,32.98733058,Off,Normal,2,Medium,589.6939852
49.16495125,1260.64239,60.00737252,26.40039724,City,144.7492771,25.38526829,On,Normal,1,Medium,276.9294558
41.59158977,2068.02103,230.912891,29.76171271,City,5.005020313,25.11734597,Off,Eco,4,Medium,219.0326753
69.15622082,2238.967319,145.5830822,24.52210979,City,114.1288365,16.2450118,On,Eco,3,High,380.8130094
108.8520363,1150.956218,121.0755196,38.61677586,City,176.8388942,33.4424078,On,Eco,2,Medium,634.7770242
49.36442172,1359.811169,63.09539275,32.59608773,City,3.477748585,18.54233137,On,Eco,1,Medium,245.0794344
83.77084379,1212.957985,189.6718576,38.39850041,City,81.03642076,25.56689387,Off,Normal,4,Medium,486.9759304
90.92956923,1521.912117,264.2761765,42.85024716,City,185.24549,31.07135203,Off,Normal,3,Medium,528.9313495
49.01100352,1675.526468,289.8315951,36.37109048,City,70.63088046,19.30906554,Off,Eco,1,High,280.1708429
88.25730789,2123.239505,195.7787881,38.82891065,City,91.74576484,25.5474658,Off,Aggressive,2,High,487.8713573
59.42265062,1976.721377,183.4707187,48.05750943,City,196.3082786,19.81369818,Off,Eco,5,Medium,302.926324
80.58446645,1931.392851,80.41353252,28.97192929,City,39.86477179,30.19389996,On,Normal,5,Medium,407.3115449
80.68237686,1528.56242,191.7294724,30.77491816,City,13.05103783,26.28682336,Off,Eco,3,Medium,447.6065658
72.86197473,2262.17133,151.194979,41.53110085,City,171.8845182,32.11951721,On,Normal,1,Medium,380.8192129
37.2231816,1706.930751,205.7124674,38.33916551,City,173.6930682,32.89116006,On,Eco,4,Medium,134.9699326
96.82419965,2468.657407,153.2943235,25.35598714,City,94.41556694,27.97466965,Off,Normal,1,High,572.7662712
55.6624052,1951.213207,117.6717896,31.2844193,City,102.8414349,29.50782492,On,Normal,5,High,273.9904354
44.92148083,1189.397112,82.79166605,34.03514039,City,167.1612739,25.984402,On,Aggressive,3,Medium,225.032198
33.26201132,2014.266343,135.5804267,32.58169514,City,147.7118996,22.68857466,Off,Eco,2,Medium,194.6765652
77.27143546,1487.656023,83.19476023,25.34824425,City,53.02980044,27.96235846,Off,Eco,1,Medium,454.9387125
84.20514895,2029.490795,102.4552682,47.73290275,City,3.378671014,33.16577247,Off,Eco,5,High,475.1298706
31.32702631,1104.461722,296.9606781,42.86956285,City,95.94003251,23.33360761,Off,Normal,4,Medium,159.0193529
70.96744466,1262.322156,166.5848537,34.44067496,City,171.7824652,21.28820053,On,Eco,3,Medium,383.9743512
48.11966202,2283.605888,187.649224,40.40183085,City,179.1669353,22.76873877,Off,Aggressive,2,High,255.1629054
81.61382323,1340.769336,269.6684469,46.91848016,City,191.2452394,23.7079526,On,Normal,1,High,451.8350941
43.94931432,2255.561688,298.9365361,24.08522427,City,175.9126475,16.47122058,Off,Normal,4,Medium,224.1414057
85.27501905,1418.914133,199.8514678,27.51119152,City,116.0087111,24.96883681,Off,Normal,2,Medium,496.595683
60.9388277,1964.322865,254.9937171,36.28103742,City,88.92111985,24.88628496,Off,Eco,5,Medium,326.5146746
104.9383991,2041.22586,138.4658458,43.97031114,City,154.9699693,26.76887655,Off,Eco,5,Medium,615.8221231
41.00167553,1768.98213,133.3785498,21.08764686,City,147.9643269,22.25640061,Off,Normal,4,High,200.44811
57.28530808,1457.966015,156.648893,49.52054451,City,107.628686,27.26215192,Off,Normal,5,High,301.3875524
39.0778817,1318.966565,221.401743,33.64719809,City,17.46547451,32.56432621,On,Eco,3,Medium,219.930736
103.9754895,1049.784032,223.7260054,30.77693422,City,185.2162694,34.10941981,On,Eco,4,High,598.5108616
100.1871483,1455.919602,135.6574643,28.78173314,City,91.1205075,26.67224432,Off,Aggressive,5,Medium,544.6714889
50.63533022,1979.744186,91.97038179,25.23070123,City,72.66675638,15.85181908,Off,Eco,1,High,308.6901825
82.79872368,2407.457228,211.7751016,43.74721727,City,125.913479,34.38471995,Off,Aggressive,5,Medium,475.447627
95.37777602,2306.806723,90.79820693,48.66242494,City,134.7675922,29.11724122,Off,Normal,3,Medium,543.6307862
74.41606493,2149.097165,198.838202,32.40934265,City,42.13758341,21.71927297,On,Eco,2,High,435.485419
72.37204627,2182.671015,226.4213107,48.57262084,City,167.387769,17.94315402,On,Eco,2,High,405.3027492
49.34818327,1997.477355,228.1467591,44.71392846,City,57.98741873,17.86837224,On,Eco,5,High,248.4303857
37.44822142,1390.430286,240.8333066,34.43153382,City,37.33678518,18.35488812,Off,Normal,2,High,202.101658
101.7772606,2360.792546,269.4862612,40.22078537,City,81.27997057,15.91145043,On,Normal,5,High,544.5637879
102.0334446,2006.098468,179.9901581,33.04952538,City,146.1120162,33.04308377,Off,Normal,3,Medium,594.3850222
80.64811658,1840.660946,235.2598055,36.76170225,City,193.0916357,25.81536466,On,Aggressive,2,Medium,416.0251473
57.12238328,1166.484204,208.6014565,21.74139011,City,161.8562529,28.99918825,Off,Normal,1,High,329.9362129
57.93676597,1670.583316,104.7935856,40.88790426,City,188.0696755,31.56217019,Off,Eco,5,Medium,337.3609092
88.07645431,1690.537407,66.16551477,21.58473933,City,28.12116082,30.83082013,Off,Eco,2,Medium,525.2198783
101.7688208,2296.845414,128.2899326,44.51254841,City,14.23535977,32.65211247,Off,Aggressive,3,Medium,561.7705703
100.9669139,1819.97233,166.3280895,44.74840788,City,111.5409524,34.34509245,On,Eco,3,Medium,576.5246517
92.39004367,1570.600823,208.1054267,27.11231863,City,58.05949661,23.78141229,On,Eco,1,High,537.4645793
81.36253169,2465.200493,263.9902393,29.70988343,City,165.6109946,34.00670933,Off,Normal,3,Medium,462.2349222
36.7311972,1166.08089,107.098972,34.43931136,City,134.3975743,29.46579897,On,Normal,3,Medium,151.2706184
42.93029713,1633.822642,90.13194958,37.89988721,City,194.1456328,16.41336381,Off,Aggressive,2,Medium,228.2914942
101.8843351,1063.037013,291.2351874,28.62060985,City,50.95847115,28.63566242,Off,Normal,5,Medium,580.5236065
78.51432477,2109.856181,85.93069425,37.77459214,City,97.15682287,28.73433319,On,Eco,4,High,419.5082806
30.73576413,2377.114828,174.8378568,28.9336122,City,100.2480955,33.11721128,On,Aggressive,3,Medium,124.238496
38.11772343,1420.055994,200.5352949,21.66472163,City,47.83535897,22.45864265,Off,Eco,3,Medium,236.7986059
83.08014153,2287.512515,189.929861,20.07582649,City,118.0186799,26.69823001,Off,Normal,4,Medium,456.9881036
30.40492671,1438.327346,80.64771769,23.03453174,City,88.65719722,15.24375102,Off,Normal,3,High,165.4611641
42.86464411,2366.155242,73.68645936,43.767521,City,89.3443112,21.64150484,On,Eco,2,High,230.2844977
73.89870315,2130.942855,85.31602259,48.84293937,City,72.54732959,16.24487452,On,Normal,2,Medium,405.7920232
85.35161582,2207.360165,200.5410441,32.80898598,City,3.385870485,25.43745946,Off,Eco,4,Medium,504.1316199
82.15690076,1027.009833,190.642773,35.3805186,City,104.4190474,31.34895301,On,Normal,3,High,450.9679176
47.94154476,2444.215536,116.0977901,24.40544507,City,67.04956714,19.12885384,Off,Normal,3,Medium,258.6425705
86.97433771,2090.006488,213.065794,36.53094058,City,0.263973797,25.54882091,Off,Normal,5,High,489.2038841
48.979927,1457.126643,256.8162005,24.33964706,City,61.58874153,19.08017273,On,Aggressive,3,Medium,224.0421196
56.03197585,2244.091997,69.97895036,38.33642994,City,55.72566662,17.41376936,Off,Eco,2,Medium,327.7631459
89.71931241,1422.281798,179.5511865,47.99776003,City,78.68963064,25.21993584,Off,Normal,1,High,524.7212706
81.97063192,2309.130759,225.4344989,25.87095618,City,26.37039793,16.58297242,On,Normal,1,Medium,489.5832904
97.93787284,1168.870586,120.5548625,42.93691154,City,101.5367649,26.74709262,Off,Eco,1,Medium,581.2216496
82.60903138,2055.528966,133.8650173,20.70507268,City,138.4880705,15.62674921,Off,Normal,1,Medium,467.7058822
75.46468827,1811.047715,207.2730967,31.26491724,City,126.0371138,17.13429944,On,Normal,3,High,428.3000655
37.49398143,1144.801705,275.5044704,23.32245523,City,160.7509895,25.99994971,On,Eco,3,High,180.8120843
59.41726424,1362.840742,254.3818609,30.57426325,City,90.4016576,26.82814826,On,Normal,5,Medium,278.7584509
51.21618941,1018.606054,199.9512526,25.20610759,City,103.8183461,15.5797386,Off,Eco,3,Medium,295.3135684
49.51917147,1703.151948,235.2532123,31.1991497,City,162.0803882,26.46753576,Off,Normal,1,Medium,297.1005125
107.8408444,1451.897891,147.5573928,32.52568418,City,85.54023416,31.77005051,On,Eco,4,Medium,623.6420129
61.44781797,1897.536226,213.8317267,29.01773368,City,140.31987,29.44632355,Off,Aggressive,4,High,317.947179
101.3637244,1445.856712,171.8835819,39.69865848,City,86.92047374,17.62370208,Off,Normal,2,High,598.9437714
80.49109008,1449.878667,105.5846727,47.56556154,City,83.5472389,26.84949295,Off,Normal,2,High,461.5502324
93.58490428,2114.789798,228.4171857,32.01786122,City,152.0411249,28.44505,Off,Normal,3,Medium,560.0031777
70.21096745,1072.214254,193.551513,25.77029469,City,34.96738309,15.74462404,Off,Aggressive,4,Medium,373.3010892
76.15231077,2354.342493,146.0691797,28.12168275,City,67.71719439,32.10695337,On,Normal,1,High,432.9317855
69.40141551,2278.395812,278.7214056,45.6200247,City,44.83445535,33.12534795,On,Eco,1,Medium,393.6553364
45.61943902,2001.707025,65.02418828,37.1491917,City,71.82198859,32.00904547,Off,Normal,1,Medium,237.1149656
87.79616922,1889.832355,135.7855563,33.65033097,City,46.07496447,31.49262936,On,Aggressive,3,High,475.7425269
52.461789,2338.453747,73.65153547,24.48910165,City,115.8811262,29.89930397,On,Normal,3,Medium,263.5185949
31.94527731,1277.995269,243.9665559,33.49181925,City,159.6341605,27.66864063,On,Normal,5,High,148.0082337
81.63778367,1118.453743,228.505789,28.3547601,City,157.3226122,28.5725401,Off,Aggressive,1,Medium,471.35014
44.16885435,1359.265255,139.5245325,48.29489384,City,72.90019291,31.12790587,Off,Aggressive,1,Medium,226.215779
105.2366867,2191.867418,222.1590965,46.52210328,City,197.7520812,28.24996917,Off,Aggressive,3,Medium,591.059593
106.3142862,1052.0054,155.0249343,22.51707625,City,118.7708729,21.55453913,Off,Eco,3,Medium,631.0207883
103.1891512,1874.210253,241.5009099,35.49960468,City,79.88006036,22.51922204,Off,Normal,5,Medium,582.3414344
59.61269602,2493.156274,169.0040791,26.75175037,City,167.1078558,32.94114937,Off,Normal,5,High,330.5993116
31.23652932,2283.544141,158.9471347,32.32331269,City,145.9748025,15.34244172,Off,Normal,2,High,175.5611297
104.265485,1782.168534,284.3351797,46.30543995,City,149.8550674,28.97641162,Off,Normal,4,Medium,578.7984822
64.25473187,1095.461364,120.210984,35.8254356,City,39.22786995,34.09555105,Off,Eco,1,Medium,397.5203103
107.3323855,2247.060272,88.9073616,30.0264588,City,93.66486147,29.1245634,Off,Normal,1,High,652.6731528
107.0895982,1898.467762,200.2903472,26.23665062,City,172.3656262,34.87823976,On,Normal,5,High,594.4886754
98.24075644,1172.399496,292.6372349,44.00974578,City,100.8076015,28.75089811,Off,Eco,5,Medium,541.2775496
53.55591137,1140.785927,150.6814113,38.73554046,City,136.6905487,15.68726058,On,Normal,2,High,285.8457638
60.80781829,2364.440229,74.88882327,34.04196381,City,117.5867466,31.54019763,On,Eco,4,High,319.0288471
98.09093372,2003.800394,141.4332642,26.52453062,City,168.4713575,20.69259824,On,Normal,2,High,567.9706016
55.35376041,2243.930199,181.423597,30.02739122,City,56.91216795,23.92114451,On,Eco,4,Medium,296.4965497
43.55941973,2318.46835,98.86152159,48.7953028,City,115.0950556,21.24183832,On,Normal,1,High,241.5094138
74.544101,1857.658528,217.9445323,35.60269813,City,24.6469336,20.37108212,Off,Normal,2,High,417.2630219
104.8923819,1776.169528,299.4598534,32.02097844,City,138.0421553,23.62811407,On,Normal,5,High,610.681064
85.68238373,1645.641115,168.4174742,35.64266127,City,146.3935677,22.57502897,On,Normal,2,High,494.2976708
75.60489361,1475.419882,145.1348536,43.36965518,City,8.567464238,27.66677164,On,Aggressive,2,Medium,413.526997
37.7741195,1651.893941,156.169,30.2032681,City,135.1581927,31.26302402,Off,Eco,1,High,249.2411884
79.20057814,2160.819484,87.63508281,25.36118363,City,82.93803083,20.94177306,Off,Eco,5,High,456.8264704
109.204308,1902.885147,271.9856643,37.54808355,City,24.81937522,19.27442306,On,Aggressive,5,High,610.8462458
41.20672122,2338.784935,159.5581573,39.9561231,City,83.98150954,28.33790542,On,Eco,3,Medium,205.7334642
71.46637219,1665.070022,152.9458587,41.38154009,City,38.84658594,28.40640132,On,Aggressive,3,Medium,382.3633022
100.1898458,1910.634368,218.3256655,46.45962772,City,83.11190642,33.02262479,Off,Aggressive,3,Medium,580.3628977
89.26148942,1946.96133,166.088021,31.13522362,City,76.86780559,15.31891373,Off,Normal,1,High,545.4814249
85.76125928,1887.545743,215.5760325,22.26064689,City,147.6783274,32.06081324,Off,Aggressive,2,High,471.3287659
86.19872672,2053.95066,74.74710963,48.75045751,City,154.8431116,25.42004346,Off,Eco,5,High,482.5579827
58.7592921,1356.150203,255.2936025,33.05035782,City,121.4057309,27.42604178,Off,Normal,5,Medium,324.9253548
53.48734754,1768.545666,285.7209487,38.69772529,City,4.537368436,16.82742881,Off,Normal,2,High,308.154947
94.74889244,1156.337204,215.7036927,39.98915969,City,186.2044558,23.65229866,Off,Normal,5,High,533.4484206
94.80907157,1576.766991,289.0958229,36.39541126,City,137.246656,19.54604814,Off,Aggressive,2,Medium,547.5203962
99.36578549,1731.500603,96.34375545,26.15772589,City,6.839089984,20.0845006,Off,Eco,1,High,591.7263924
103.0592442,1978.336389,174.5798855,42.6542915,City,163.7665798,25.08190229,On,Normal,1,High,604.6216402
70.90739191,2425.796579,204.4336161,44.11255923,City,40.05323094,31.24911901,On,Normal,1,Medium,395.0223484
70.12130357,1900.9766,199.6167954,36.58926758,City,115.8442379,29.8756186,On,Normal,2,Medium,381.1609701
93.86361432,2115.390874,156.350827,34.65683482,City,93.32687399,26.81999918,Off,Eco,2,Medium,554.1150444
81.99711446,1759.399089,141.1402582,23.41814549,City,83.96775647,25.78836386,On,Normal,4,Medium,447.2815271
86.15735018,1951.156047,90.43776541,22.51854984,City,177.942744,23.54612086,Off,Aggressive,5,Medium,464.4590999
93.66341355,1106.398324,154.0181881,30.18694537,City,87.47225831,34.45419947,On,Eco,5,High,520.2015874
101.2004273,1381.587371,99.03859563,29.32538467,City,15.06882351,26.20385108,On,Aggressive,4,Medium,577.2864657
57.03961255,1542.77964,236.2477624,48.60969353,City,189.3277454,20.07932797,Off,Normal,4,High,281.8980211
60.04663621,1708.740033,110.1194245,43.50868227,City,184.1070462,19.60181584,On,Normal,1,High,305.0040646
37.51855519,1068.473118,74.05567327,39.79772886,City,136.8865379,27.22706062,Off,Normal,4,Medium,193.2226879
76.26241128,1210.036146,192.5678731,35.52944267,City,93.57850563,25.45655055,Off,Eco,2,Medium,431.9786576
32.8753819,1415.221462,202.8551359,25.02102592,City,18.57189459,15.15395606,On,Normal,3,High,124.6630333
67.24784145,2457.299036,269.2591347,49.35370017,City,158.1496237,31.60130744,Off,Aggressive,2,High,383.0304764
73.41157078,1497.020511,198.475587,31.25122095,City,15.09558288,29.08244708,Off,Normal,4,High,430.8218937
52.92330017,1723.061587,142.9154049,23.20776807,City,13.72019698,28.23658579,On,Aggressive,5,Medium,228.661859
77.26666085,1294.146569,252.7228516,34.81396687,City,107.4767685,16.37561315,Off,Normal,2,High,423.9703467
32.44002,1916.170107,189.6669344,46.21994035,City,32.02564804,22.241117,On,Eco,5,Medium,117.8109485
32.9878551,1421.024823,79.02726831,46.61873005,City,1.546053468,33.70764521,On,Normal,2,High,144.807485
95.80804485,1310.488868,195.8041345,20.32897748,City,84.6226862,32.25178483,Off,Aggressive,5,High,563.2222262
58.81525131,1774.858943,277.9244509,46.58887234,City,27.44344632,20.71085876,Off,Normal,2,High,325.6318451
40.16484101,1008.258699,155.1150301,28.14452652,City,32.10308306,18.14117768,Off,Aggressive,5,Medium,197.2894911
71.7794608,1011.496049,131.1181925,21.16917092,City,15.38212775,23.98175914,Off,Aggressive,3,Medium,407.9563067
91.59948425,1328.603214,94.43266968,45.43370811,City,41.01875074,22.11660757,Off,Normal,1,High,561.4367729
47.2656822,1055.082044,96.34692526,45.91600268,City,143.096836,28.64452753,Off,Eco,2,High,262.1704017
79.83123807,1162.038631,163.8651562,37.8869324,City,161.7854614,34.3286962,Off,Normal,3,High,456.451758
36.8277972,1508.290974,202.9631578,37.23301272,City,90.50672881,22.260029,Off,Normal,1,Medium,196.4641271
34.13453769,2203.878519,79.34769724,44.39360818,City,101.3107632,16.24448345,On,Normal,2,Medium,161.808444
72.50837053,1858.072965,285.4964614,43.58928658,City,6.531006919,32.95228017,On,Normal,3,Medium,404.5551613
73.25080973,1769.001589,241.2320682,46.7031642,City,13.86325227,15.7589946,On,Normal,3,Medium,421.8300093
80.99439212,1440.233235,200.7897404,36.58242343,City,51.51354513,34.05531794,Off,Normal,3,Medium,454.8001819
88.0873067,2397.630579,258.825281,49.02941278,City,108.7796841,28.29158856,Off,Normal,4,High,497.965439
108.0681664,1595.522562,79.24482163,49.88440493,City,147.9102297,33.83378417,On,Normal,5,High,607.7793514
71.30402786,1130.63915,174.4413307,23.4963383,City,121.0006123,18.99319373,Off,Normal,1,High,430.9944696
55.83651784,1925.599774,211.2223504,45.48631279,City,78.425571,15.81399591,Off,Normal,5,Medium,310.4338946
93.61489558,1170.75759,258.8766975,34.99466773,City,23.6648146,24.76419957,On,Normal,5,High,511.4073038
51.6665801,1517.834714,248.0326944,31.62699015,City,156.154647,24.01246829,Off,Aggressive,5,Medium,247.5351195
65.11771366,1761.117908,126.4966199,38.3921693,City,72.75721032,21.62984547,Off,Normal,3,Medium,379.6345684
36.27651051,2311.333787,285.8112407,21.67896672,City,147.2108029,34.15312949,On,Normal,5,High,161.2561308
32.02805947,1740.319871,89.84300194,35.19383356,City,102.5957684,31.45167464,On,Normal,4,High,143.2634867
107.0118732,2053.388149,270.0320685,46.1267171,City,147.7324107,28.23164043,Off,Eco,2,Medium,633.2178119
96.87840964,2489.225258,293.0256599,26.40384548,City,181.4579123,18.25716583,Off,Eco,3,Medium,581.5321085
85.67793649,1197.23368,102.5168456,32.79169684,City,184.2059032,29.68646816,Off,Aggressive,1,High,484.7528983
62.71623555,1412.097288,233.2958554,48.18442663,City,107.021356,29.54024909,On,Normal,2,Medium,325.5036712
43.86354561,1591.864113,69.66852451,32.85691513,City,102.301673,23.50136347,Off,Normal,2,Medium,199.9604728
42.51496341,1632.742268,157.301478,30.75102897,City,53.1356931,33.49571819,Off,Normal,2,Medium,221.1339616
50.01943185,1616.531613,183.9079918,33.21609944,City,187.1599663,18.33955764,On,Eco,5,High,263.8216216
73.93813318,2361.416504,199.3548542,35.583583,City,91.58383344,20.34675125,Off,Normal,5,Medium,401.0062607
87.16767382,2071.048967,284.6249396,38.95974032,City,25.51824786,16.26448679,On,Normal,3,Medium,466.0711212
82.81579014,1911.857821,221.340165,44.02078403,City,86.54098293,30.90901916,On,Normal,5,Medium,456.0227549
52.39471176,1464.059077,175.5067083,33.56306617,City,25.41065005,27.43518772,Off,Normal,5,Medium,272.0794246
106.3892225,2235.685576,254.3220087,44.52442805,City,100.5063369,21.29880611,On,Eco,5,Medium,615.8798819
89.03175334,2432.590767,288.127877,36.01161984,City,112.255103,18.27627327,Off,Eco,3,Medium,530.3582381
74.3483242,2231.797424,65.29587568,30.15441531,City,67.5511523,15.8029554,On,Aggressive,3,Medium,392.6743409
78.9376597,1002.347658,295.8051053,39.73852484,City,14.33012285,18.33491137,On,Normal,4,High,453.7571254
63.56800499,1954.602055,80.67171338,41.53166764,City,188.7007071,24.06569293,Off,Normal,4,High,340.5077874
49.81847916,1076.703072,255.452827,36.74146927,City,154.6706227,19.94353938,On,Eco,4,High,241.7850285
58.47781429,1386.410831,127.2803406,21.69844919,City,167.7762161,20.17964355,On,Eco,4,Medium,331.5883301
90.62768884,1089.287051,91.72311786,25.09648625,City,73.37367886,32.51152733,Off,Normal,2,High,544.0488996
31.15147909,1905.693179,165.5653535,28.55893163,City,152.166206,25.30275347,Off,Normal,2,High,182.562023
39.28581124,2029.88487,214.5495791,28.47876818,City,97.07457903,29.58503946,Off,Normal,4,Medium,207.4211882
33.68021136,1171.731457,151.4284428,40.20262401,City,40.21669768,15.71421898,Off,Eco,4,High,198.6225301
33.25830419,1575.758325,73.09569799,20.55045985,City,24.88467538,22.30326711,On,Normal,1,Medium,157.7612741
98.43684672,1684.354763,203.8706735,42.67045331,City,69.01017386,24.58338695,On,Eco,2,Medium,563.3159753
86.29262875,1553.579533,276.5767863,27.96027424,City,27.5104223,18.7283371,Off,Eco,1,Medium,517.8772234
67.93390633,1181.537501,151.9716878,29.30065539,City,199.6537952,17.40383083,Off,Normal,1,High,396.0285708
37.82673285,1628.421685,111.9198666,35.83729484,City,9.837798046,32.40607557,Off,Eco,5,Medium,168.1482388
69.32927001,2126.767072,166.218563,26.47776803,City,88.22871987,33.78863254,Off,Eco,3,High,407.1388566
67.87774166,1106.511497,71.60705065,46.53413941,City,90.41870448,16.57613396,Off,Normal,2,Medium,394.3181919
43.85614959,1120.270021,256.9170203,22.56106338,City,60.12638572,21.98037425,Off,Normal,4,Medium,217.9213409
64.70813194,1532.156938,258.3217946,33.33147087,City,114.2703131,34.16571256,Off,Aggressive,4,High,333.2878758
61.88037875,2412.588567,201.1201112,45.48266808,City,29.99540483,16.66323466,On,Normal,3,Medium,317.7448216
79.26800784,2002.85897,144.7446933,38.47531683,City,156.7824761,27.87282746,On,Eco,2,High,462.3147331
80.80749207,2018.004935,251.9480075,28.76988548,City,66.48954365,34.44442742,On,Eco,4,Medium,430.8578639
33.62432078,1542.879986,193.1248859,32.62280623,City,118.268518,34.56447337,Off,Aggressive,4,Medium,181.1705044
59.96900917,1890.491187,258.2237541,41.20083141,City,143.1278472,24.42446662,On,Normal,5,Medium,276.1556808
80.06879326,1015.196776,211.5501102,49.1978223,City,177.8084235,18.25498216,On,Normal,1,Medium,437.9637037
70.25090069,1954.14407,248.2573136,46.79416155,City,167.1574873,19.0416863,On,Eco,4,Medium,389.9146927
98.5191873,2369.930421,203.6551184,30.27298425,City,121.6618056,32.7920279,Off,Normal,2,Medium,588.3231836
82.69549053,1918.860203,159.3938564,49.94593638,City,77.67863608,33.23366009,Off,Eco,3,Medium,489.0441044
43.03475417,2310.54789,289.9070064,20.10513991,City,100.640934,27.15759288,Off,Normal,5,Medium,203.459229
35.64549979,2085.959583,189.867318,20.82889267,City,153.7469587,30.32352799,Off,Aggressive,2,High,174.7526394
81.39354226,1180.837625,205.2214844,44.71521546,City,175.5091085,29.79862503,On,Aggressive,5,High,409.1355158
32.12090484,2353.679961,112.9170335,25.9838806,City,20.75638564,28.23643196,On,Normal,1,High,155.3727155
76.8620465,1099.665767,210.1561895,21.82307805,City,76.9712525,31.5455391,Off,Normal,4,Medium,437.4387745
105.2184193,1800.951209,197.1858359,27.1144422,City,155.2233197,28.70813246,Off,Aggressive,2,High,599.7740835
76.03793423,1213.205686,104.3612155,32.78300462,City,86.33035252,25.68004611,On,Normal,3,High,393.0599544
61.0535941,1017.559916,74.30090336,41.91698811,City,66.44555281,19.73912725,Off,Eco,1,Medium,377.1327981
81.46305748,1633.05139,205.0462367,38.7300658,City,82.26453936,29.87776288,On,Normal,1,High,460.2041403
66.66023124,1442.561061,243.2861446,27.12863653,City,120.5689494,24.46875736,On,Eco,5,Medium,362.4769764
73.64934315,1729.000741,185.616329,35.09811344,City,199.9610288,20.89583368,Off,Normal,1,High,427.01303
105.3171847,1865.79983,114.4254301,47.78642316,City,98.59848582,31.03892551,On,Normal,2,High,607.9749116
60.88821102,1065.608608,219.9652744,44.45023331,City,41.69889499,28.93427201,Off,Normal,5,High,357.8707892
106.8952451,1184.504943,79.22537439,29.69569354,City,32.56931506,33.74679126,On,Normal,1,High,608.5721653
102.4280514,1837.963595,166.0400892,49.46793684,City,8.469949495,18.3088328,On,Eco,3,High,576.5089972
45.66329078,1514.75103,99.20802202,41.25861201,City,111.763447,27.98378569,On,Normal,2,Medium,215.2436996
35.54890407,2093.760231,104.2701723,21.87348067,City,108.9144183,19.88478936,Off,Aggressive,3,High,203.9159038
38.06224011,1978.437473,108.5505478,21.0548214,City,41.04678536,33.07165971,Off,Normal,3,Medium,197.2648992
31.45774605,2268.406544,152.8096937,25.05223847,City,139.0658813,16.98998829,Off,Normal,5,High,156.8252833
37.55543686,2038.73924,72.27604935,41.83567604,City,148.2214083,28.12323613,Off,Aggressive,4,Medium,131.8153635
84.64054187,1644.896616,155.4704258,25.51216778,City,51.81964108,30.82171443,On,Aggressive,5,High,452.8032881
35.69509188,2009.449934,182.8097873,35.34460308,City,68.81995281,22.09835681,Off,Eco,2,High,196.3105395
55.51805042,1413.071761,175.9906284,22.79780361,City,198.0943345,34.08276159,On,Eco,2,High,328.4715061
97.59002488,1459.470248,151.8681841,47.62658473,City,74.85289357,32.01461369,Off,Normal,5,High,559.9036286
31.86175486,2183.47774,261.3951859,30.31881841,City,152.1603344,20.89236599,Off,Aggressive,4,High,135.5282918
95.15747861,1669.629275,94.87840618,47.2439617,City,90.54508533,15.15082185,On,Aggressive,5,Medium,523.1680927
52.54838198,2197.570511,181.3672185,48.34626926,City,158.6689656,20.93314352,Off,Aggressive,2,High,301.8906358
39.45318621,2233.633561,74.88994007,20.18385942,City,153.8046478,20.62620941,On,Normal,4,High,205.2635809
85.73897323,2286.343506,77.07736293,33.92405562,City,133.551205,32.79929215,Off,Normal,2,Medium,505.1818444
80.31542774,2374.952854,197.7278039,20.73968167,City,170.9556693,34.34242357,On,Eco,4,High,443.9523339
100.1977611,1646.477831,195.844422,47.26078299,City,187.843699,16.40879972,Off,Eco,4,High,586.1315551
88.8056835,1478.300227,270.7280431,35.55222634,City,115.9966641,24.42589657,On,Normal,5,High,475.1100503
94.27847443,1873.29812,193.8896822,22.24832038,City,47.49378144,25.96663997,Off,Normal,5,High,539.9362773
52.56276581,1556.758635,290.3498449,23.30830185,City,79.72579233,16.85823323,Off,Normal,5,High,269.7286034
44.1951635,1901.61125,71.68676362,31.50527073,City,151.6611427,22.54995418,On,Normal,4,Medium,203.7348807
90.04918013,2058.378794,83.52184435,48.20702579,City,130.176697,21.34164835,On,Eco,4,High,531.7472242
94.54677914,2032.607528,70.57580678,40.78727455,City,35.55966771,25.72112709,Off,Normal,2,Medium,553.52415
109.2404114,1561.829331,104.4664441,46.02856599,City,10.24790823,28.22381799,Off,Eco,3,High,643.1069564
63.00941415,1250.290303,189.9048266,30.99369939,City,136.5923187,29.06970221,Off,Normal,5,High,325.0271424
59.76144686,1645.794008,214.9373235,21.29641099,City,50.21580481,17.73510047,Off,Normal,2,Medium,338.1158564
92.11303686,1213.891216,70.94043791,49.22952912,City,99.93404875,31.25895404,On,Normal,2,High,529.8247929
57.26428322,2335.145553,287.0330136,20.51518972,City,149.3493545,28.5708406,Off,Aggressive,1,High,324.2976459
104.460586,1518.816191,262.1196904,48.42954959,City,112.5333561,32.78149833,Off,Eco,5,Medium,597.6142496
98.67302015,1231.689621,131.1869957,31.06032272,City,16.66051662,23.98672119,On,Normal,2,High,572.3204722
64.31952219,1038.17164,78.52500725,20.30271215,City,37.11604736,32.87779525,Off,Normal,1,High,386.9832478
90.06968542,1968.733579,100.7728976,40.67471695,City,43.86563681,32.31548245,On,Normal,5,Medium,492.321646
90.36342993,1955.353476,90.4666593,49.41620912,City,51.57285073,23.76818665,On,Aggressive,4,Medium,487.9793947
38.24990951,1510.90625,89.58810703,48.96877169,City,113.0806784,22.62286631,Off,Normal,1,High,208.4801766
102.2042325,1107.567833,184.4548053,24.82811034,City,100.793156,33.6562403,On,Aggressive,4,High,562.0470183
70.4201898,1614.443342,119.0033862,25.43743418,City,40.63200767,29.30329469,Off,Eco,3,High,413.6558172
96.11659729,1466.826243,145.953532,36.96616744,City,13.51096869,33.56490693,Off,Aggressive,3,Medium,551.279846
55.60396808,2015.68096,297.48128,39.11914479,City,34.28644089,30.93949558,Off,Eco,3,Medium,327.941759
101.6418583,1908.668874,224.2354197,42.18253741,City,196.8762625,27.18594879,Off,Aggressive,3,High,572.8817008
61.1361343,1546.890592,287.7553601,25.43151081,City,93.70938996,17.31705554,Off,Normal,2,High,349.1315963
30.86701212,1326.838831,94.21357321,48.7702126,City,173.4691009,20.82961345,Off,Normal,3,High,138.0757353
102.4305581,2482.053949,151.713474,39.16217769,City,169.7504933,34.37684814,On,Normal,2,Medium,556.660122
37.30293414,1681.002432,193.1356328,45.41140757,City,102.3039115,21.38844197,On,Aggressive,2,Medium,146.3367654
55.54509101,2032.411354,78.42193485,36.20197146,City,141.3375417,16.8650974,On,Eco,5,Medium,265.0060604
106.0049574,1210.829451,61.00498647,32.42830543,City,38.55040208,29.15106712,Off,Normal,2,High,619.8301368
106.0485718,1728.384549,220.9042401,49.3154872,City,137.679341,29.68008509,Off,Aggressive,2,High,617.6092007
75.87503105,1041.30508,214.036684,37.46364112,City,54.47691585,20.70915441,Off,Normal,3,High,419.0368666
80.54697697,1758.182677,158.5893144,46.00620748,City,166.4124194,20.95343959,Off,Eco,2,Medium,470.7445333
65.87564176,2446.026111,177.5145782,48.59877189,City,16.74482662,24.37785971,Off,Normal,4,High,371.4078736
53.45686174,1576.310069,159.7063201,40.26063881,City,154.6277346,15.435779,On,Normal,3,Medium,257.069533
56.29316363,1058.494019,65.76121076,36.46816036,City,19.98738131,30.78646021,Off,Aggressive,1,High,309.5034148
83.80147649,1046.433686,140.4891855,20.10532553,City,176.2378474,21.34177575,Off,Normal,3,Medium,462.7224081
90.18996236,1581.98014,102.4997413,21.20058922,City,60.84090363,32.07526204,Off,Normal,2,High,519.8297609
93.3263235,1240.037405,83.62180538,26.02553648,City,130.878673,31.05260843,Off,Aggressive,4,High,545.0719146
93.16945142,1035.028144,289.6129041,25.58025296,City,97.50045572,28.22804066,Off,Normal,3,Medium,546.0254524
37.29648824,2134.320421,203.846334,27.64276386,City,73.26062905,21.49749734,Off,Eco,4,High,229.2244742
69.55362438,1687.784513,234.8775082,29.14803913,City,129.0883666,25.32633123,On,Eco,1,Medium,386.4411021
34.6047008,1433.867158,135.6872984,30.80196481,City,189.5045961,23.89658515,Off,Normal,1,High,212.3322154
73.96231059,2350.124775,154.3553111,32.6161307,City,8.253949475,21.77763772,On,Eco,5,High,390.4062284
65.32244011,1174.20844,116.8617585,22.96599015,City,183.7705712,31.96272579,Off,Aggressive,5,High,338.4472465
101.0163346,2433.878243,83.27176103,21.27085796,City,121.816331,24.67014149,Off,Normal,3,Medium,623.762786
58.073201,1470.950076,102.967593,40.21833347,City,161.4628602,31.65446196,On,Eco,5,High,287.7380826
39.36536131,2332.605508,251.4033709,36.12004475,City,76.77499069,17.10436948,Off,Normal,4,Medium,215.3481491
41.43933456,1904.414315,222.6109932,33.32432607,City,94.36859497,17.82049577,Off,Normal,5,High,204.9208301
90.92085054,2240.06104,191.2629302,39.03319824,City,173.7701504,34.5464061,On,Aggressive,4,High,471.616154
79.45744507,2476.019745,174.0215695,44.83038222,City,82.96959396,26.75536925,Off,Aggressive,5,Medium,400.8572778
38.08981409,1432.608157,281.3842281,32.83078727,City,106.9319133,25.19539347,Off,Normal,5,High,186.9676031
36.72854449,2441.703228,77.45638747,39.23358395,City,4.038984617,25.46312126,On,Normal,5,High,141.0584363
86.07753052,1584.222842,127.3441952,48.60716672,City,31.71960117,19.30537548,On,Normal,2,Medium,473.2888156
35.82104051,1578.267857,143.9850849,45.18873488,City,128.3373016,29.37407899,Off,Normal,2,Medium,156.6926669
95.74880474,1510.580656,247.7821949,32.78002432,City,143.3953802,16.69561247,Off,Eco,5,High,558.2538622
86.49937817,1812.111411,298.2035088,39.34150513,City,116.5201874,26.46647426,On,Eco,4,Medium,456.3142664
36.50790245,1231.217565,117.7609235,25.31212766,City,28.66200726,26.41537593,Off,Normal,3,Medium,187.5280363
36.78701713,1830.567228,269.8337602,36.81566555,City,89.08108572,33.28376848,Off,Eco,1,High,195.4006597
108.9311663,1812.557219,259.3494625,49.43984873,City,71.01895327,25.5236562,Off,Eco,2,Medium,664.0019812
59.94166366,2142.852719,113.9177754,35.54945346,City,99.13226881,17.74125392,On,Normal,5,Medium,266.3730685
59.65137177,2250.474943,155.8398192,47.82914898,City,174.0658069,26.45506518,Off,Eco,1,High,347.3731766
95.02396538,1660.662025,158.3214886,32.22004762,City,155.1722877,16.82655289,On,Normal,2,Medium,543.3097789
105.7798862,1453.499874,294.7729604,49.96534482,City,16.79790028,19.07587671,Off,Normal,3,Medium,615.7104282
108.8800851,1389.002346,103.4140563,37.37660106,City,178.0618396,15.62217168,Off,Aggressive,4,High,600.6865198
90.27025482,1291.935755,251.7979131,21.26806983,City,94.35343023,25.26587165,On,Normal,5,High,470.3649127
60.10076684,1086.471373,140.2062514,37.6026439,City,148.772429,16.69065231,On,Eco,3,Medium,333.630966
36.68005734,1513.671968,235.408883,28.23718087,City,28.00784625,24.38788757,Off,Normal,2,High,198.3310732
92.17175327,1405.371538,160.802641,20.97443966,City,134.1439051,33.65890071,Off,Aggressive,5,Medium,492.7650724
74.67233998,2449.626079,198.8063431,44.62559914,City,47.26520352,29.39522826,On,Aggressive,1,Medium,413.3142714
63.93776074,1836.563239,259.8268256,28.27188911,City,87.67617943,16.54823348,On,Normal,4,Medium,322.6318881
102.5083508,1520.915559,252.9997356,43.89645662,City,3.372574016,19.48419624,Off,Normal,2,Medium,589.9650042
38.89579858,1870.701401,267.941564,28.64652749,City,30.32212759,28.4732484,Off,Aggressive,4,High,175.8031881
69.41000834,1208.795052,74.30815808,25.82979062,City,18.41609862,32.89403722,On,Eco,5,High,365.7834763
30.90829158,1666.065624,226.0921327,49.21806722,City,47.94883459,15.65837174,On,Normal,3,Medium,116.6619936
67.49285136,1939.351482,93.59697041,30.84935983,City,20.003618,31.24902263,On,Normal,4,High,362.2354009
34.50426205,1733.346748,159.7964563,38.04128634,City,138.3820053,26.23627761,Off,Eco,1,Medium,216.4413483
39.5054333,1602.668201,191.6612196,38.29944478,City,5.807980442,25.92182651,Off,Normal,2,Medium,190.3631736
39.40209974,2490.772583,156.6574763,36.81420447,City,123.5481001,34.15626366,On,Eco,1,High,206.3761812
81.93682417,2320.472143,184.7068022,47.44087231,City,28.14156617,29.95289225,Off,Normal,4,High,457.3650526
89.68359034,1935.108937,299.1663141,40.23323214,City,189.0322914,32.00237736,Off,Aggressive,3,Medium,505.5711311
76.66950121,1854.066042,92.45215529,32.11199012,City,186.6188146,22.07991139,Off,Eco,3,High,461.6886596
106.9738039,1930.99072,222.1094509,45.87141154,City,45.1006205,26.08728082,Off,Aggressive,1,Medium,618.6240287
59.98964636,1301.968162,155.0402319,25.43188697,City,122.8842596,27.30811355,Off,Eco,5,High,325.4484581
52.8569669,1592.706615,91.92235174,36.32710273,City,5.601063894,21.43167881,On,Normal,5,High,267.3651652
99.48793026,1059.189299,98.09682321,48.51651116,City,186.3577086,26.4049625,On,Eco,3,Medium,540.3654335
47.88766708,1713.319056,287.8255455,38.7619289,City,104.5974616,19.73310759,Off,Aggressive,1,High,231.0386621
107.0578032,1814.536876,271.1043592,44.50905351,City,8.644630284,17.86751342,Off,Normal,1,High,674.802344
30.97235798,1341.624604,277.6900705,39.60682177,City,68.4999986,22.47940519,Off,Normal,1,Medium,151.9176658
107.5903061,2446.043271,297.9678662,45.18112591,City,15.36989237,29.78579257,On,Aggressive,4,Medium,579.4943933
33.45279296,2364.181916,109.9956936,48.3346364,City,78.58888787,33.32374296,Off,Normal,5,Medium,153.5798429
101.2914491,2083.214853,145.305441,28.18765183,City,133.9852684,24.15428103,On,Aggressive,5,Medium,547.7961528
72.21608873,1800.079943,220.6125672,25.08983244,City,93.97798161,27.85647377,Off,Normal,4,Medium,413.0981037
109.4371837,2304.953739,176.1126096,34.51972251,City,76.74443494,17.06074262,Off,Aggressive,2,Medium,644.210759
35.90372518,1195.978516,160.413488,41.0558728,City,23.83140911,33.08927517,On,Normal,4,High,140.1636611
74.30834275,2185.764691,145.8746998,26.8157376,City,48.98780914,26.37208427,Off,Eco,1,Medium,462.8669015
107.5442028,1187.231221,202.5073517,20.12304351,City,20.02865755,30.60676495,Off,Normal,4,Medium,630.6146514
71.84782753,2191.315994,198.1424229,30.28805348,City,161.4997463,30.88882402,Off,Eco,1,Medium,432.4629666
80.35189105,1413.651352,98.74988018,49.06578006,City,27.0479656,20.12961053,Off,Normal,3,High,464.1255379
85.65989512,2315.635872,173.217561,40.84902382,City,119.0746733,25.58348906,Off,Normal,1,Medium,467.9841802
66.36328518,2416.063141,192.8332263,32.03976332,City,68.54808272,34.20959503,Off,Normal,5,Medium,351.681965
80.20464641,1223.193954,196.8688653,25.77728292,City,45.19567693,16.7926909,On,Eco,4,High,436.3947899
76.74514495,1694.013408,110.4257263,30.68269021,City,127.8936879,28.66099796,On,Eco,1,High,430.3737239
102.0926408,2471.481067,238.1451341,25.095183,City,91.40046188,34.24528156,On,Normal,2,Medium,573.8034665
33.63571043,1725.111154,66.04778276,23.18917464,City,80.02909346,21.01154216,Off,Aggressive,3,High,174.9541072
52.47705517,2295.321284,145.1596453,47.20227118,City,118.570401,32.22895843,On,Normal,2,High,275.7926134
106.0329187,1883.097283,247.2510356,49.92951015,City,98.2535257,33.67315091,Off,Normal,2,Medium,623.3084811
101.2211027,1562.994862,195.3343011,24.92343319,City,60.69684171,29.94172419,Off,Normal,2,Medium,589.307174
66.45254022,1428.675333,122.6789838,21.63567677,City,111.8122576,19.62656625,Off,Normal,3,Medium,378.6813943
79.61060782,1304.834637,226.7887486,29.89193321,City,133.8997153,21.68001438,On,Eco,3,High,447.8111676
52.19049464,2142.697287,196.1738266,33.84977542,City,5.338631717,15.71618589,Off,Normal,3,Medium,295.0253858
45.04969278,1579.81076,251.0984663,26.14463741,City,93.17434578,31.62906468,On,Eco,3,High,247.1695937
67.0958724,1766.913193,236.4060447,29.04274735,City,11.53665692,31.99222373,Off,Aggressive,2,Medium,374.3930101
58.26817824,1738.48822,206.4259013,26.02612207,City,37.28108281,27.6542062,Off,Eco,5,High,312.7210927
76.69248895,1865.918544,177.1626421,43.22781705,City,112.1017468,22.05055703,Off,Normal,5,Medium,419.7981381
36.21877096,2298.365718,91.96371016,41.3773383,City,173.2377831,16.53622055,On,Eco,3,High,179.1697649
107.9515846,2471.109015,122.7199243,39.04854547,City,176.5611358,30.0611522,Off,Eco,4,Medium,628.4462726
108.8968596,1611.376313,160.5838735,31.61653571,City,13.98880203,29.53052387,On,Normal,1,Medium,624.2132317
85.85293712,2241.278383,203.8318289,47.27122824,City,83.82101726,33.25205043,On,Eco,4,Medium,462.1488065
72.88770931,2146.791692,183.2898853,49.08597625,City,116.6012966,29.61064042,On,Eco,4,High,399.6303071
54.7622093,1860.293427,129.1642862,25.20917938,City,29.41398091,31.57389884,Off,Normal,4,High,286.2976055
95.10360158,2434.070715,61.55144587,26.69037924,City,153.0864433,29.91909236,On,Eco,5,Medium,522.4798017
84.7784938,1300.711773,179.0974133,35.76893084,City,148.8470517,27.61374377,On,Eco,1,High,502.9933827
43.00935515,1163.896315,128.5502373,22.73751708,City,180.6682027,23.53932788,Off,Aggressive,4,Medium,215.434514
102.8741748,2280.94295,236.3059922,33.09345196,City,1.697202417,33.04234617,On,Normal,3,High,566.7646307
95.80297943,1658.724725,65.74710366,37.45373794,City,43.3368488,28.01937144,Off,Aggressive,5,Medium,530.7032696
105.9839931,2270.453281,200.3586747,35.66220713,City,165.4373428,22.96710644,Off,Aggressive,3,High,634.5392119
88.05756067,2339.635308,285.953817,29.92725749,City,134.1160102,16.6693859,Off,Normal,3,High,517.3445705
79.07321567,1093.68639,101.8582241,36.27337418,City,178.8779707,20.81409712,Off,Eco,4,High,452.3826146
63.4594429,2325.197144,173.1958778,48.76402863,City,11.43593091,25.8745347,Off,Normal,3,High,370.2776097
104.6182787,1672.478583,81.94127804,26.18052213,City,119.3927931,20.5127074,Off,Aggressive,1,High,646.955565
99.28511116,1765.648734,210.1636589,39.64494075,City,113.809315,19.42470696,On,Normal,3,Medium,565.3156598
33.61749361,1939.888767,192.1276033,21.30190082,City,7.134883272,25.54787028,On,Normal,4,High,126.2353295
32.10935796,2389.57391,157.7677258,21.99249213,City,102.7044154,18.39640692,On,Eco,3,High,165.2357906
60.11706935,1028.674142,185.1304852,36.55484673,City,121.9040623,31.00820127,Off,Aggressive,5,High,329.4875904
94.84426646,1715.265202,275.177918,23.14817541,City,38.25863484,24.68736303,On,Normal,5,High,493.653415
108.9820903,2031.583064,107.1106326,20.67040365,City,54.66591662,26.47725548,Off,Aggressive,5,Medium,625.1377094
42.03335129,2084.060437,65.41548281,25.14538993,City,128.0694693,17.94766535,On,Eco,2,High,221.6332016
77.53045723,2038.798647,266.7995723,36.94547513,City,93.66018952,21.49152671,Off,Eco,5,High,457.2777401
60.47126853,1201.652694,198.5080998,41.10022864,City,171.6027315,23.20179367,Off,Eco,5,Medium,326.4402701
107.5931518,1449.093383,273.7580293,26.07435692,City,68.4763532,31.16425661,On,Normal,2,Medium,621.6565494
97.36951385,1538.073288,203.2668536,40.04778312,City,53.33193168,30.40319046,Off,Eco,5,High,567.641378
97.06629638,2206.655812,254.4386616,25.47428993,City,196.9731881,19.4595495,Off,Eco,4,Medium,573.3078765
67.49545278,1418.139809,163.1216072,38.4037228,City,182.227154,27.32358163,On,Aggressive,5,High,342.4085346
63.18556019,1316.057446,239.9663835,32.3587904,City,5.798549,19.86912716,Off,Eco,5,High,341.3835589
51.87256575,2436.172029,279.1299521,39.61398528,City,154.1457231,34.76494311,Off,Aggressive,2,Medium,267.6497185
34.51003973,1013.294928,197.3095113,49.85158257,City,22.06695477,34.04247756,Off,Normal,4,High,167.5540827
99.1777901,2496.731284,103.3884361,48.13450896,City,5.497038966,26.26529441,Off,Aggressive,3,Medium,574.5737261
95.03208073,2015.231948,124.5114276,20.12845274,City,54.73910319,28.97805144,Off,Normal,1,Medium,571.4919394
109.9774139,2242.703949,107.6746985,46.56316293,City,53.86917581,31.02860764,On,Aggressive,4,High,595.3225708
109.730947,1441.929095,119.2456866,21.99472386,City,163.8637525,29.4199684,Off,Aggressive,3,High,621.9557996
74.43453645,1021.472917,133.5397078,48.59139758,City,142.1334492,28.99657382,On,Eco,4,Medium,410.8800482
91.51899321,2106.804278,193.2321088,28.45477037,City,196.3218855,34.17108016,Off,Eco,3,High,533.6444524
105.5812584,2251.216896,201.1179911,31.46104491,City,142.3025801,26.92912213,Off,Eco,3,Medium,632.7024557
97.97179125,2110.714198,162.3599393,22.74914616,City,83.65111065,27.72605344,On,Normal,4,Medium,541.7981426
49.78784814,1214.275431,207.7009872,23.36818275,City,139.7855322,31.98537501,On,Aggressive,2,Medium,268.0577161
66.04353082,2130.141883,79.57798215,41.80221696,City,199.8918134,28.39781736,On,Normal,4,Medium,327.1883871
40.33275321,2153.384173,81.06917689,48.32996707,City,142.0283765,29.65865244,On,Normal,4,High,202.2361687
106.3240822,1987.810774,101.2390705,38.32245485,City,152.3362712,19.68337372,Off,Eco,3,High,643.9870267
78.49397076,2149.173899,184.3385995,41.47550047,City,187.673003,22.42533848,Off,Aggressive,1,High,441.7704827
48.29142444,2268.88216,111.3587229,42.85909234,City,22.73025226,17.94602691,On,Aggressive,3,High,218.2309084
83.73605475,1920.406171,127.9882568,27.88442824,City,140.9568587,25.11530885,Off,Eco,5,High,506.3883671
79.45025924,1132.907071,156.0750807,21.35688893,City,170.1611916,24.11454801,Off,Normal,4,High,439.1566456
58.65301744,1731.441715,254.8478698,20.05618232,City,190.87572,34.94325629,Off,Eco,4,Medium,331.9963171
39.08460738,1116.474002,63.32691262,30.51947849,City,42.19385794,27.22417306,On,Normal,2,High,201.7482519
83.72585565,1611.314547,215.8509169,27.24392685,City,100.7858015,30.72889646,Off,Normal,3,Medium,478.8776516
71.62461607,1610.659734,220.5303674,21.86953175,City,136.1109695,21.68029342,Off,Eco,2,Medium,433.6249749
91.78547134,1099.014766,251.6773873,25.38584877,City,49.4935459,31.63090663,Off,Normal,4,Medium,510.993462
71.61308009,1523.230801,283.8607054,23.73496695,City,120.0945727,27.30169933,On,Normal,3,High,418.5703388
98.17452003,1166.497148,64.83308375,47.44635142,City,51.5157565,28.93984663,Off,Normal,3,Medium,552.7480554
74.1525471,2212.352815,96.90808932,24.2080164,City,66.69140411,20.88861556,Off,Normal,5,High,408.5274034
74.87503772,2421.532039,272.6811106,36.12945392,City,88.3037393,25.97276783,On,Eco,5,Medium,378.80689
100.1322882,1108.474713,170.0444549,37.79317865,City,105.8380197,27.68073947,On,Normal,1,High,594.0791607
62.2786293,2432.672811,195.5017533,36.30468373,City,89.87317433,26.78189352,On,Normal,5,High,341.1822993
40.72121828,1783.864899,219.1265289,22.97169303,City,98.63910396,33.30387423,On,Normal,3,High,228.10615
32.30261411,1449.348517,222.9759851,29.56395085,City,59.71775126,32.96545329,Off,Eco,5,High,178.0899324
90.41098045,1115.293113,283.6176968,21.53810997,City,31.7930188,34.41968116,Off,Normal,1,High,537.6139374
79.62476411,1750.936402,299.2678602,31.87009742,City,9.469995465,28.34856012,Off,Aggressive,4,Medium,435.1300595
86.32638145,2191.773317,232.8377906,25.65796794,City,39.1957445,34.4382826,On,Eco,5,High,474.5471889
47.03713292,2060.629716,128.9330902,36.848976,City,116.3887283,31.64956,Off,Normal,3,High,235.4613109
40.90971805,1075.339017,271.1405766,40.78425182,City,157.2230896,20.41664281,On,Eco,4,Medium,191.5749067
31.16357325,1109.352753,71.81301949,35.96359581,City,33.84951949,23.54871339,On,Normal,3,High,152.1405598
58.0470047,1604.309924,115.4594047,33.0271009,City,21.71107155,19.76784884,Off,Eco,4,High,315.9717787
77.19341495,1442.935741,275.3725722,31.62000263,City,149.8580721,15.08394322,Off,Normal,3,High,409.6780123
61.37952361,1348.576485,121.4859635,45.25075304,City,61.03166611,18.76097506,Off,Normal,5,High,309.7281611
64.99799376,1421.506748,112.9562543,26.58104195,City,190.2998878,15.08121173,Off,Normal,5,High,364.3024086
102.3326956,2205.224115,93.15007035,42.02655019,City,142.8635941,29.39676923,Off,Normal,1,Medium,578.0870217
57.86043736,2393.84208,266.1868218,42.72446974,City,65.35120945,23.51068595,On,Normal,4,High,286.3960174
71.11915913,1607.654042,180.0139822,32.57600022,City,57.90854956,21.25149454,Off,Normal,1,Medium,408.3628632
92.69224102,2359.166503,221.9743687,28.91901798,City,104.7396773,30.23441782,Off,Eco,2,High,558.9171551
61.72342259,1482.243552,117.3759322,34.11624458,City,15.82893366,31.64973549,Off,Eco,5,Medium,342.2152182
79.76693602,1714.65548,241.929701,22.79641778,City,23.53530253,34.50599077,On,Aggressive,4,Medium,425.9927233
98.9890967,1339.043497,242.4013308,21.37790097,City,35.17157626,27.84027169,On,Eco,1,Medium,581.4594194
105.9616499,1960.714063,135.023526,23.34809598,City,154.9447187,24.23057917,On,Normal,1,High,603.9557511
41.76587847,2468.471673,158.5638319,25.61435094,City,102.7714719,21.10528603,On,Aggressive,2,High,212.9175421
104.12701,1905.239644,110.3256666,35.12530461,City,2.113424555,19.44636418,Off,Eco,1,Medium,604.2180619
69.36930345,1536.721126,294.3746456,45.47409908,City,134.7033055,19.25851901,Off,Normal,3,High,400.2005425
50.65955106,1971.726169,214.9446185,27.06926996,City,84.73803573,23.18378749,Off,Normal,5,High,280.3125959
66.7308605,1184.381018,284.2905314,48.05486032,City,102.170473,34.83572711,Off,Aggressive,1,Medium,404.0891054
108.402606,2332.98862,132.8125305,48.64723727,City,42.82324868,15.01707395,On,Aggressive,1,High,604.6079153
69.40944752,1754.625926,247.6538191,48.76713815,City,110.3564457,18.94411794,Off,Normal,2,Medium,382.6765009
56.30012882,1674.024613,243.8060745,45.12688204,City,195.830648,18.76785965,Off,Eco,3,High,318.8863543
80.67206835,1878.797183,225.9973564,30.91475122,City,14.6889382,29.34238971,On,Normal,1,Medium,455.2350682
49.2116495,1937.175794,291.7533541,22.18051733,City,56.78347993,22.04969455,On,Normal,5,High,250.8603028
36.06906625,1107.663709,154.4532807,37.06456195,City,48.59951857,24.14521609,On,Normal,5,High,162.6203108
40.31037775,2023.925832,91.37215766,36.76044332,City,49.70986215,17.97248261,Off,Eco,1,Medium,226.9115679
40.24366712,1362.89752,221.2101262,45.49927301,City,75.74127151,23.09994078,On,Eco,3,Medium,196.5358298
42.15221548,2070.928949,235.0343521,49.87973153,City,163.6219569,17.06399624,Off,Normal,5,High,216.8477149
41.10617381,2233.802192,198.0145376,35.2447192,City,182.571738,25.66086576,Off,Normal,5,Medium,178.0568331
81.26997958,2205.937761,109.6362944,30.35612093,City,40.44301749,16.95876731,On,Normal,3,Medium,441.0838554
44.55040675,1828.751451,181.069426,25.57705135,City,108.5899876,30.81016762,On,Normal,3,Medium,225.530721
57.65338267,1780.254838,134.9255368,20.14399474,City,127.3797944,26.33203435,Off,Aggressive,1,Medium,306.4060851
101.7430728,1214.313942,162.5919668,35.27341077,City,104.3654949,29.47935748,Off,Normal,4,Medium,532.3629299
67.91693122,2163.019226,214.8524582,36.66556,City,86.81527884,23.37032773,Off,Eco,2,High,420.4424195
83.40461908,1407.114071,238.8515382,44.74815439,City,38.39510117,22.62982586,Off,Eco,4,Medium,476.9023756
43.7855897,1745.043134,115.7339258,35.13730904,City,97.64387184,16.96417778,On,Eco,4,Medium,197.0715282
45.3831215,1426.411139,157.2780866,47.49405046,City,80.24296554,25.47711214,Off,Aggressive,5,Medium,223.9064227
33.2694893,1200.742544,124.598777,38.8425043,City,159.1126725,25.2900433,On,Normal,3,Medium,141.6904431
43.51480505,1944.336545,107.6715873,45.21008715,City,152.7208718,24.36204089,On,Normal,5,High,181.4660723
52.28722712,1081.498052,248.0129328,24.44905204,City,26.79973624,29.81036729,Off,Normal,2,Medium,298.9462838
44.16083874,2122.967851,278.2206467,45.66008391,City,17.70381051,31.650088,Off,Normal,1,High,248.2226284
37.0962027,1476.380193,148.8557246,40.25431563,City,181.6307886,30.0157935,Off,Aggressive,2,High,177.4633827
39.65086969,1000.20204,240.3069418,25.10699097,City,107.1016778,17.87731486,Off,Normal,5,Medium,182.4239267
66.86230144,1766.693709,275.2788694,25.69290674,City,171.5601875,27.44119019,Off,Eco,5,Medium,355.8795107
46.50669747,1070.277863,263.0698105,47.79501857,City,11.63022411,16.60646211,Off,Eco,5,High,256.9416399
59.14158888,1414.254337,103.8752132,20.96646081,City,105.3031233,28.89244575,On,Normal,5,High,283.9221958
70.27338167,2060.464731,289.5100516,33.8760483,City,107.8853029,22.63678193,Off,Aggressive,4,High,368.3053717
85.23158629,1094.034432,150.4023457,29.4042587,City,172.1404065,17.64997913,On,Normal,1,Medium,484.8486277
33.14497119,2259.007739,141.4177587,39.9523232,City,19.52199965,32.24101714,Off,Aggressive,4,High,168.9256914
93.95283191,1005.729884,74.98351855,45.18888163,City,48.08911274,27.28016678,On,Normal,5,Medium,508.9824744
80.23203116,1370.235804,176.681677,30.81134365,City,81.30766278,22.09449936,On,Eco,3,High,463.0857559
36.54072256,2111.356084,86.16326775,32.80706262,City,173.1682951,15.61454359,Off,Eco,4,High,192.9771917
99.88628993,1474.405225,119.649557,49.45753354,City,187.776663,25.74620518,On,Eco,5,Medium,563.3715439
103.669792,1152.838582,136.0662292,43.51749529,City,198.5449239,33.46451757,On,Normal,5,Medium,592.409839
34.88623679,1540.350878,254.1183176,46.91612393,City,191.8386973,26.92759665,On,Eco,1,High,175.0717131
52.15021185,1405.58993,270.1172761,33.16286662,City,1.188351169,34.43301209,On,Normal,2,Medium,272.4132772
94.49610238,2264.067853,132.5919162,27.02228612,City,9.541668291,17.72902237,Off,Normal,4,Medium,541.0677263
89.86077523,1470.021876,266.0875491,32.35590396,City,29.52136383,26.36610209,Off,Normal,4,High,522.11163
44.76168155,2183.398708,265.735425,41.48275753,City,69.77241935,30.96250096,Off,Eco,4,Medium,238.3476795
46.74794587,2337.808217,243.5162281,23.28291215,City,165.9836062,25.51081462,Off,Normal,5,Medium,226.5403029
59.63776822,1650.726129,95.20682736,28.11407317,City,178.5312391,16.82132712,On,Normal,1,High,328.8034596
68.76183882,2364.914716,225.6774833,21.39907701,City,37.36688126,26.65772003,On,Normal,5,High,394.0847392
79.46038172,1565.977081,286.8057755,32.97043215,City,123.9328303,27.23475812,Off,Aggressive,5,Medium,429.8260719
59.51309117,2446.117625,223.8097149,44.82337208,City,183.472397,29.57418497,On,Eco,3,Medium,287.0355137
67.00277729,1133.934287,139.5880438,20.73991065,City,92.74634719,30.2242303,On,Aggressive,1,Medium,357.4224647
89.79767505,2030.5289,180.1390362,40.2597058,City,20.70871439,30.41545376,Off,Normal,4,High,511.288711
32.93465623,1740.721061,214.9740104,47.97487624,City,91.56273002,28.26888787,Off,Normal,2,High,167.938978
50.19495555,1581.473208,182.5368981,27.10783585,City,75.15898046,19.31622373,Off,Normal,4,Medium,263.3700621
87.06796687,1949.067818,88.78870602,40.80904522,City,115.5315992,23.08471512,On,Normal,5,Medium,466.7714905
101.616547,2055.785637,134.8953707,49.25305703,City,87.73173688,30.52259945,On,Eco,1,Medium,596.9247502
70.93419537,1006.544904,252.5750473,48.8683418,City,3.469185371,34.06853967,Off,Normal,1,High,418.6674577
72.56907882,1250.429633,266.7403311,27.04787579,City,198.7995467,16.5789393,Off,Normal,1,High,441.1807746
38.57376091,2069.569076,92.95200785,23.0099316,City,108.7080475,25.71073356,On,Normal,3,Medium,160.0098831
65.79298935,1999.57812,288.5728206,24.44847614,City,94.7261511,21.25044543,On,Normal,4,Medium,339.1137111
72.60938132,2449.071258,138.9174283,41.06107005,City,190.9234743,19.50787789,On,Aggressive,3,Medium,379.9988117
49.39764029,2141.556685,218.9552973,41.77276626,City,31.17207352,25.11621367,On,Normal,2,Medium,254.4045831
51.53945848,2426.159062,240.438035,40.22709685,City,37.84752051,27.12178681,Off,Eco,5,High,267.7288328
60.18273305,2053.810752,254.8670963,30.08235163,City,161.6029498,15.19544463,Off,Normal,3,Medium,322.7316943
31.60569582,1447.078313,286.9799285,25.09330819,City,52.16621601,30.60413144,Off,Normal,3,Medium,145.4684262
55.76633325,1158.047383,135.1006915,37.42283276,City,159.8454213,31.39764263,On,Normal,5,High,289.2324278
46.91584056,2172.735795,266.0415491,34.51041337,City,54.30669658,34.31021649,Off,Normal,1,Medium,236.1257781
56.19978817,1966.223832,91.60485682,41.86502441,City,6.637526045,18.61287466,On,Aggressive,5,Medium,243.743001
39.58097055,1072.279019,229.2098175,33.24080236,City,103.4029448,26.89105125,Off,Eco,4,Medium,214.259983
101.2421825,1540.075699,238.0746551,30.15919084,City,39.33728683,23.53250747,On,Normal,5,Medium,563.1911998
77.48739628,2435.199723,222.6535779,28.80435732,City,151.5692586,21.69655703,Off,Aggressive,1,Medium,418.0308028
84.32818553,1750.601719,120.5555367,26.3441096,City,128.2399266,26.31266903,Off,Aggressive,5,Medium,465.8037538
93.13369909,1649.093704,269.5303553,27.97239129,City,184.7205336,30.64766186,On,Normal,3,High,525.0547343
69.87537591,1686.549408,100.5260312,22.84491317,City,156.5976715,15.46105567,Off,Aggressive,2,Medium,396.3279704
36.95362305,1313.324086,72.87234996,30.40571033,City,36.15519097,34.38800225,On,Eco,3,High,188.4442318
72.96852335,1553.060756,232.1915977,21.09709437,City,160.0316473,31.19763171,Off,Aggressive,2,High,419.9476616
76.94728944,1554.719884,174.1141717,25.59241541,City,128.347409,30.02307407,Off,Normal,5,High,434.3130605
89.63515793,1078.53253,263.7835248,42.40311334,City,133.7903284,30.20774764,On,Eco,4,High,509.3079333
64.5327637,2151.351443,152.0153139,29.76406966,City,166.4525772,22.78121419,On,Eco,5,Medium,339.3866238
40.20642422,1624.756648,100.3868612,40.04711051,City,114.7648138,30.03241102,Off,Normal,1,Medium,217.897788
52.70207246,2233.26983,260.7461262,41.50652527,City,93.20070287,22.73540417,On,Eco,5,Medium,259.1514843
59.04658371,2275.522002,191.7383116,37.43556028,City,127.3282071,32.97413659,Off,Normal,2,Medium,331.3682219
81.67337931,1317.991082,105.4069902,48.76093224,City,59.59148579,18.54444767,Off,Eco,3,High,488.7478339
75.66226437,1986.030223,232.8921597,20.643196,City,36.51942622,20.84694848,Off,Eco,4,High,467.3124664
58.48773807,1708.422706,182.6672732,42.15957952,City,123.3175676,26.02675085,Off,Normal,5,High,315.9512411
108.9212199,2320.235107,205.0351157,48.76359932,City,46.76967382,21.38422072,Off,Normal,5,Medium,619.5994464
78.46198555,1323.611019,170.6156012,45.86815188,City,15.98302187,23.48474491,Off,Normal,3,High,464.7502779
48.97814334,2016.7198,258.8901561,25.03678075,City,0.110836917,24.84845379,Off,Normal,4,Medium,263.1695239
38.14259781,1911.628183,259.0950518,29.80460919,City,121.6638803,32.12706698,On,Aggressive,5,High,141.6462643
42.22873113,1442.952216,230.2533172,25.1735552,City,72.4297567,25.46384507,Off,Normal,5,Medium,198.5305571
49.67661827,1204.901355,85.29633058,38.03925091,City,150.4621941,22.24919697,On,Normal,2,High,284.2821829
42.85450986,1977.459641,261.3249269,41.36563946,City,75.03527966,19.95472328,On,Normal,2,High,205.047066
44.92536192,2107.896187,221.0431153,29.51221308,City,97.20068965,23.17351958,Off,Eco,1,Medium,269.5820841
52.8076135,1473.441016,227.2857998,36.18519722,City,81.41699456,25.31472209,Off,Eco,3,High,287.2653259
43.86988762,1967.248906,147.1158817,40.7276171,City,130.1149582,29.92229714,Off,Normal,4,High,242.6834607
101.741234,1592.696361,271.0270935,32.6401945,City,71.2278324,17.42097552,On,Aggressive,5,Medium,539.9602064
36.41869965,2069.810325,234.0891841,45.62046591,City,192.75353,19.43218376,Off,Eco,5,High,181.1501973
71.96091117,1298.822912,87.02171197,43.14649806,City,187.2293973,22.59308032,Off,Eco,1,High,427.4751697
62.83174616,2335.322504,157.8667283,21.93996632,City,169.6055805,22.2079681,On,Eco,5,High,339.2670398
108.5902894,1431.114395,272.7312869,38.63375897,City,184.0600541,22.83496175,On,Aggressive,3,High,607.2208426
38.96311217,1551.678982,71.32720841,27.05976653,City,89.82793769,30.87042529,Off,Normal,1,Medium,228.2832817
61.82844792,1087.137928,290.7399887,36.72554794,City,107.2860794,21.48308806,Off,Eco,3,Medium,361.4433931
107.5576347,1167.268318,222.9990164,48.70665328,City,148.4185185,25.03796361,On,Normal,1,High,625.6042986
99.24057007,1773.792854,211.5302346,46.37186014,City,139.229185,27.47814066,On,Normal,5,Medium,545.7908041
95.36576568,1401.389015,124.9342216,32.13549209,City,178.1357191,19.643571,Off,Normal,1,High,577.6001682
50.63222616,2253.220339,119.7100293,28.74541575,City,143.2662055,29.37390774,Off,Eco,2,Medium,283.6512237
43.67100699,1022.040083,286.0939727,27.03217233,City,199.5769416,25.94222639,On,Aggressive,4,High,192.5215729
83.49145759,1568.641073,131.585389,35.97544609,City,69.70115997,23.93562326,On,Normal,5,High,470.1204427
104.3500791,1506.01832,246.1212712,23.4274536,City,166.5995484,31.19568053,On,Normal,4,Medium,591.7877377
74.54103144,1028.991446,154.3492316,36.47825024,City,139.5269646,19.86990518,Off,Eco,5,High,427.4511908
75.72901516,1186.552599,93.42097699,20.04000918,City,138.277289,32.66351941,On,Normal,4,High,400.2379204
52.39832749,1620.464012,62.57167145,29.71548892,City,65.16711897,26.22097471,Off,Normal,2,High,271.2953939
91.55943466,1739.296877,190.6217609,26.59802941,City,157.1203585,27.18349759,Off,Normal,4,High,520.2882869
44.96349988,1606.434621,294.1869165,49.1365637,City,180.0752045,32.50117928,On,Eco,1,Medium,231.7642365
55.89433891,1796.406518,148.5926865,41.81726959,City,43.7096923,31.35165376,Off,Normal,4,Medium,291.2430509
64.03491509,1892.697512,145.7261602,30.48960141,City,125.0993674,27.03124138,On,Eco,5,Medium,345.7574898
70.60883029,1014.885732,142.5819883,22.7853526,City,78.42696582,30.06375408,Off,Normal,3,Medium,421.5724021
49.39277859,1696.142739,184.930521,35.50401784,City,197.9096239,23.6663898,On,Aggressive,4,High,246.465699
39.18694598,2445.248861,165.759572,26.40343644,City,95.76656317,25.94755507,Off,Normal,4,High,190.7590699
78.8496034,1778.54842,271.1795104,36.09288638,City,45.66403476,16.24140273,On,Normal,4,High,434.0539108
53.09044426,2016.313401,181.32499,45.06087063,City,76.37152504,16.79715836,Off,Normal,5,High,267.5430234
76.49905771,1467.795787,181.8618812,38.47377656,City,130.767678,31.58850808,On,Normal,4,Medium,379.8488294
42.34901722,2160.987067,93.20918273,39.01365259,City,15.21787427,16.19343311,On,Aggressive,5,Medium,175.0194081
68.49120815,2159.382223,295.8574898,36.23090867,City,120.720384,18.38798251,Off,Eco,5,Medium,395.0214208
72.6071546,1781.944071,119.9934938,47.81796898,City,186.2449518,30.91665318,Off,Normal,3,High,402.7320353
34.14588295,2464.020735,77.60737619,47.95708053,City,170.0725575,15.02291901,Off,Normal,1,High,193.4625053
56.92834226,1188.325322,219.1550998,35.38169603,City,13.53470733,20.64808658,On,Normal,5,High,276.1506978
40.75317416,1025.421497,202.8879288,29.17278461,City,198.6779757,26.68077316,Off,Normal,2,High,233.109266
35.06999764,2155.237318,159.634957,33.78761018,City,139.7453847,26.90899863,Off,Normal,4,Medium,163.156406
109.1968186,2210.733306,161.3261361,25.59673737,City,32.45616486,30.54305816,Off,Aggressive,2,Medium,654.2720395
55.7883076,1180.310844,248.4153411,39.09032946,City,2.483217834,25.11852509,On,Aggressive,4,Medium,264.1578286
94.78995567,1398.374249,106.9710336,35.00277007,City,34.25652726,25.18803739,Off,Normal,3,High,543.9929454
50.37125238,1026.328545,256.8607965,23.09901433,City,167.6351841,29.50621151,Off,Normal,5,Medium,279.8676832
84.52021778,1439.962916,215.6993073,25.92943343,City,4.327864989,24.97248927,On,Aggressive,1,High,467.7445296
90.81822879,2159.712811,160.5527457,34.38895869,City,46.62946072,27.16982173,On,Eco,5,Medium,502.404899
77.65109925,1776.940792,169.926868,46.62766972,City,151.4611191,32.95548137,Off,Eco,4,Medium,430.5804102
67.72609508,1522.14339,121.5953297,36.99172162,City,117.2221072,23.02902015,On,Normal,1,High,390.6788431
62.94727313,1557.608942,240.5074398,40.44605001,City,156.5471421,22.70250142,On,Aggressive,5,High,325.6410898
57.90946132,1002.030439,183.0899382,30.17085649,City,149.2301008,15.07097984,Off,Aggressive,1,High,316.9049149
104.3623315,1449.700791,137.0050903,37.14234179,City,10.12027742,27.26852523,Off,Normal,4,Medium,606.2441381
96.44955262,1969.688112,203.0520278,33.42139468,City,178.5022838,15.59543815,On,Eco,3,Medium,555.9605227
107.2021529,2461.291666,298.9762685,39.77389738,City,45.40636686,25.08296979,Off,Normal,3,Medium,621.6797847
39.94377788,2270.59124,164.4629471,21.51726698,City,110.678488,31.08467578,Off,Eco,5,Medium,225.7835044
88.46939802,1035.392447,280.9659362,34.79900649,City,128.8576313,25.99842141,Off,Eco,2,High,551.0152646
105.0672365,2347.840907,142.8040416,28.87977875,City,33.72564218,20.3927233,On,Normal,4,Medium,573.1919334
44.49864529,2174.79762,73.13584966,29.78555184,City,195.2462513,30.72336843,Off,Eco,5,High,251.1945708
35.31970139,2170.564185,109.0181055,48.82752295,City,97.63119122,20.39434008,On,Aggressive,5,Medium,135.5974652
89.28965194,1686.993639,160.4868344,25.48084438,City,11.52853912,29.66063562,Off,Normal,3,High,523.3303971
75.95784905,1597.007939,112.7123829,29.33735758,City,187.452409,27.2051691,On,Normal,1,High,426.4677141
97.34630214,1454.373593,60.05448917,35.29677727,City,117.2535686,18.39992593,On,Eco,4,Medium,526.2443394
41.18179013,1098.542288,279.6003691,45.89080844,City,139.8386396,33.1026775,Off,Normal,1,Medium,228.1453109
93.62138495,1342.353045,262.5310587,32.5001025,City,105.035158,19.01287366,On,Eco,4,High,534.4024707
46.1301856,1369.905452,238.1501356,42.31595843,City,166.947591,34.79174148,Off,Aggressive,2,Medium,264.840933
43.09247543,1726.115605,100.275503,45.69122295,City,6.626692439,15.14620977,On,Aggressive,3,High,189.3905079
43.14126383,2121.16661,88.88725829,29.30049067,City,53.67567306,20.26966754,Off,Normal,2,Medium,210.7224332
95.16597762,1710.714743,76.22513987,31.78250551,City,93.92967128,18.99720595,Off,Eco,5,Medium,528.7911601
83.21577766,1086.766674,233.7670053,30.69668671,City,15.32072326,15.2798682,On,Aggressive,3,Medium,470.2165298
71.84523398,2436.684701,282.9139106,44.98567426,City,141.1813339,29.647358,On,Normal,5,Medium,359.5843178
58.70643873,2414.086479,163.328597,21.33040586,City,78.73268281,28.86851604,Off,Eco,2,Medium,361.0917957
100.1760433,2177.784315,88.59376128,29.25263266,City,54.53359805,30.84701929,Off,Normal,4,High,577.8147501
61.39560859,2486.991852,182.974277,40.38225673,City,0.675769362,20.13397093,Off,Aggressive,5,Medium,297.7160127
95.32795516,1816.723499,143.7196578,36.96330499,City,143.9660623,23.88670334,On,Eco,1,High,586.90911
65.13079269,2444.152525,149.9579818,33.08868078,City,166.7618618,28.18227043,Off,Eco,4,High,386.6052248
60.15555435,1113.407561,209.1193498,36.19844682,City,79.00810714,23.79537008,Off,Aggressive,4,High,315.9037001
67.01438285,1548.521122,232.4923472,25.92753757,City,112.8435954,28.94651541,Off,Eco,2,Medium,407.3949357
54.11022993,1338.071902,86.54486373,32.92149865,City,45.53732519,27.67946817,On,Eco,2,High,301.6290754
89.80875041,1293.749626,68.54165539,35.05108953,City,124.4395293,17.29295606,Off,Normal,3,High,525.6720819
70.21763121,1211.204423,298.6392726,47.03567366,City,2.427491663,30.62086242,Off,Aggressive,3,High,410.3930068
48.57701561,1933.620462,115.8548037,27.82505488,City,97.72877942,29.41352718,Off,Normal,1,High,257.7784302
101.9659659,2171.982784,72.91932598,46.03485506,City,128.8410964,28.11668775,Off,Aggressive,4,High,567.0017024
60.71129771,1867.447599,105.570079,39.32724202,City,183.6383546,18.10187213,On,Normal,1,High,332.3179017
73.48422889,1220.444064,69.34988312,20.61022493,City,76.26716342,20.35992898,On,Eco,1,Medium,429.9293655
102.5177689,2216.685655,154.0346147,41.73894011,City,153.0380406,22.86354063,On,Aggressive,2,High,554.7127124
79.93903967,1953.932061,252.5764283,21.06655633,City,119.537406,20.59859243,Off,Normal,1,High,487.8594973
39.35184326,1582.248559,141.8986679,49.9214338,City,185.4024226,19.55620581,On,Eco,1,Medium,186.9023666
105.1865699,2011.195443,166.6040177,46.17910063,City,79.67553513,31.1071534,Off,Normal,5,High,579.5118065
80.21664425,1389.857469,222.1408257,28.92031243,City,63.81906797,27.76464493,Off,Normal,3,Medium,453.997515
56.79244917,1517.788313,182.1345768,27.72233691,City,177.4283997,26.30944263,On,Eco,3,Medium,330.1909618
41.14176581,2376.228765,266.7469646,31.44323246,City,9.848880282,19.51905422,Off,Eco,4,High,257.9576271
93.52201514,1435.756759,267.848562,30.68500896,City,27.27707859,33.36153125,Off,Normal,3,High,551.8033322
79.60582047,1704.982402,62.37856692,31.17013455,City,16.48088692,18.82366078,On,Aggressive,4,Medium,413.8364986
72.67688736,2335.211706,246.7311136,29.54829638,City,168.6219913,30.89901866,Off,Normal,5,Medium,395.3118031
101.5114066,2061.582025,170.5760641,38.63400221,City,2.121484674,34.33345333,On,Aggressive,3,Medium,562.0869534
93.0877769,1093.304839,297.3217299,24.92790991,City,172.3314311,29.54185458,On,Eco,5,Medium,536.922403
42.13399038,1220.954566,175.9756982,45.37943877,City,90.25355907,34.8571755,Off,Eco,3,High,215.6747072
54.93776542,1011.762386,296.8550269,44.37207452,City,0.805055771,28.02102234,Off,Eco,3,Medium,325.8768714
49.87913119,1946.382685,241.0966467,34.29449624,City,80.32903544,19.34920687,Off,Eco,5,Medium,243.5761276
89.51570341,1671.510138,119.6651723,45.58189896,City,37.36016821,19.07638987,Off,Eco,1,Medium,528.5984667
32.68259478,1201.412276,189.214795,27.4143521,City,124.8800975,21.49128569,Off,Normal,1,High,181.6440509
75.59117479,2436.901182,298.1125535,20.52696367,City,135.871758,15.1426004,On,Aggressive,1,Medium,418.7618949
90.99669486,1794.489586,265.8073459,38.57623775,City,97.50551408,28.6339694,Off,Aggressive,1,Medium,523.2761364
100.1412509,1362.839941,83.36805451,33.73728221,City,8.103905088,20.37335569,Off,Eco,3,High,599.032989
57.3665399,1750.905357,229.5292792,37.01493639,City,131.2257609,31.30366465,Off,Aggressive,2,High,313.4043258
95.70058437,2019.430499,142.9391006,46.98018227,City,168.4077567,22.18345301,Off,Normal,5,Medium,510.3337294
38.85053896,1114.358827,61.67574285,49.09776721,City,144.0648555,24.59912987,On,Eco,2,Medium,202.7881677
97.71618334,1412.055723,156.8354326,39.03359419,City,165.9915838,34.31377833,Off,Aggressive,2,Medium,568.9552222
40.19909299,2210.448236,116.3410612,42.9216677,City,40.10190471,19.84344246,On,Normal,4,High,202.9910299
61.78298324,1689.497306,256.5286249,22.514253,City,177.7775879,29.42508195,Off,Eco,1,High,398.5637879
93.78362926,1819.865713,140.9593461,24.82146755,City,64.43869013,30.10235579,Off,Normal,3,Medium,547.653852
41.99339419,1649.224003,258.6056865,41.99614415,City,2.68096285,19.41996315,Off,Eco,1,Medium,262.0226262
48.34011162,1065.849914,60.14350532,32.94096369,City,168.6783293,25.01993673,Off,Normal,1,Medium,272.0767469
87.78020547,1248.62467,133.876596,33.37895811,City,188.3642538,22.00403851,On,Normal,2,High,475.2625971
87.60292292,1668.312458,117.8796514,29.25823045,City,131.1116395,30.43812487,Off,Aggressive,4,Medium,497.0977216
81.29181063,1313.778198,116.0561667,38.2206915,City,46.28732609,27.44966638,On,Eco,1,Medium,479.3388948
85.51587556,1074.968543,76.36478874,25.55495136,City,50.34889286,24.5196611,Off,Normal,5,High,483.1466472
73.41795547,2265.474496,104.9098249,38.80748838,City,93.31857469,30.5872653,On,Normal,5,Medium,377.522554
50.14392471,2471.788794,193.3318968,25.21396571,City,179.5662159,19.7031114,Off,Normal,1,High,293.8873434
57.65567948,2189.714311,129.9266575,21.91478104,City,29.91953123,30.07243761,Off,Normal,2,High,325.7749203
44.52781734,2280.677383,160.1747478,29.91073066,City,165.1947339,32.30748624,Off,Normal,2,Medium,245.8497899
102.6760449,1362.965695,150.4480513,26.93421026,City,58.26056174,32.57243194,Off,Aggressive,3,High,578.5393302
76.67134358,2440.940463,270.217182,46.66974916,City,161.7172339,30.67347186,On,Aggressive,4,High,384.6495976
62.06811334,1295.388557,277.2717598,21.64860362,City,184.0542395,23.16028334,Off,Aggressive,2,Medium,322.9208528
66.96046429,2427.144716,178.3096732,25.29841078,City,85.4987744,34.63616045,Off,Aggressive,3,High,399.3513717
105.7826672,2492.228941,139.2374281,36.46158817,City,73.01013082,22.59187288,Off,Normal,5,High,603.5868317
42.26811225,2067.584209,85.63216896,34.43201573,City,160.4442638,27.77250798,Off,Aggressive,5,Medium,209.7950934
76.89838656,2471.715598,288.8166911,21.37556055,City,105.8965765,18.22148356,On,Normal,5,Medium,388.8980003
70.47109431,1854.309669,74.45446678,20.21757284,City,136.8898097,34.60897797,On,Normal,1,Medium,390.9542872
78.91633883,1389.312675,131.4360666,49.64203826,City,124.5658474,29.07971844,On,Normal,4,Medium,425.4553964
31.44881471,1655.493828,131.5358883,39.76504101,City,30.57776913,30.0675509,Off,Normal,3,Medium,172.6764553
99.76991272,1890.341403,136.8963087,30.96218393,City,168.9580721,16.31553407,On,Eco,4,High,558.1540793
104.5694626,1109.622343,99.42884239,34.11296743,City,39.15502228,30.26835628,On,Aggressive,1,High,592.3370892
75.21065469,1933.514897,247.9587434,27.99650361,City,186.4564288,30.49446858,Off,Normal,3,High,417.7158232
85.73206591,2471.766755,89.39948687,30.34621351,City,50.11425828,28.43545453,Off,Eco,3,High,503.6580371
103.7999505,1285.161475,212.3775982,39.47133402,City,146.7761947,20.83819228,On,Normal,2,High,579.4578748
86.57909075,2188.892674,89.72304641,46.48435397,City,56.9310787,24.79380084,Off,Eco,4,Medium,474.4286006
42.20312343,2361.848191,76.92855302,25.52390069,City,63.55708172,17.20868743,On,Eco,4,Medium,210.4571277
76.10306881,2415.552389,278.2630809,45.21084516,City,62.00037056,24.43174133,Off,Eco,2,Medium,452.8072324
78.53720371,2440.203407,105.6309039,23.64669889,City,149.5784508,19.87647705,Off,Normal,5,Medium,415.2389033
63.9304537,1782.189458,257.1000371,26.44976671,City,111.3630236,21.98193973,On,Normal,1,High,347.2851628
88.91553885,2465.961862,190.7114091,21.11525864,City,176.5904912,18.25200817,On,Normal,4,Medium,483.3840237
104.7493612,2135.965311,78.68556471,24.22435586,City,61.47454384,19.60108735,Off,Normal,2,Medium,640.3637039
104.045481,1242.507154,289.3075659,47.51909436,City,138.3985044,16.53137284,On,Normal,3,High,546.5596432
66.06714971,1715.35016,119.2706801,33.7831624,City,150.5897199,33.39802733,Off,Normal,2,High,384.6970947
39.05904367,2077.496763,266.3148829,22.32997585,City,30.29642261,25.60821376,On,Normal,5,Medium,180.8137822
108.7872959,1371.010474,100.5144014,48.79180514,City,80.11787146,22.93483943,On,Normal,1,High,619.9058221
97.11184692,1960.922775,264.9462917,46.36976923,City,96.56349887,25.70058426,On,Eco,5,High,534.8504048
39.9730145,1999.900719,63.1749151,42.64047563,City,71.13747798,27.56586457,Off,Eco,3,Medium,218.4883542
103.6673506,1244.049616,182.8273096,48.00418376,City,64.42251919,33.43757587,Off,Normal,3,High,602.4270846
99.59170896,1847.627969,244.6662191,26.60388263,City,137.2839788,18.57385905,On,Normal,3,Medium,582.0518434
71.50704457,2157.440366,284.3509242,45.09107879,City,43.17327953,20.91104997,Off,Eco,3,High,415.1927258
77.30203486,1748.343497,278.2085127,40.69973589,City,141.8781491,34.51578673,Off,Eco,2,High,469.3089587
61.92021631,1018.154675,256.7099687,46.09277749,City,187.0088393,22.42385973,On,Aggressive,3,High,320.4615292
34.38093111,1013.557704,273.1659239,43.90734697,City,113.0395042,15.45123302,Off,Aggressive,3,High,172.8626717
56.81577933,1535.544016,107.8127246,30.3948519,City,122.2868473,17.95286985,Off,Normal,2,Medium,306.9584398
94.22827589,2389.291103,128.204231,43.23195611,City,13.78654042,15.52677403,Off,Normal,3,High,546.9416293
30.37056184,1343.015169,129.352446,27.87368909,City,172.8953807,34.79846285,Off,Normal,5,Medium,132.2954945
56.67993374,1951.545533,150.4929434,29.85776489,City,57.08955744,20.57741698,Off,Aggressive,5,Medium,275.2688304
61.85349549,1333.113806,154.3969609,23.23717152,City,123.0102331,33.47085514,On,Aggressive,4,High,326.4241274
72.99164824,1482.504984,190.6932779,48.05229848,City,195.8224339,34.91772552,Off,Eco,5,High,378.9756093
103.5884493,2272.063134,98.37114321,28.7301009,City,119.1005201,26.99682442,Off,Aggressive,1,Medium,621.7306825
57.70767955,2093.292163,225.8991993,35.61867396,City,144.9418975,15.6639263,On,Eco,1,High,294.3910981
57.75625615,1143.098916,100.2159694,31.73998509,City,89.06392364,16.63183261,On,Eco,1,High,327.4272624
89.00009985,1643.053031,134.4740357,48.79784362,City,12.0731687,24.6317811,On,Normal,2,Medium,508.8462854
66.17743527,1043.754645,180.8028313,30.05147513,City,159.5198699,23.12344026,Off,Normal,5,High,343.7680321
47.96838584,1721.33522,251.1457348,43.35637464,City,6.999768253,27.12354612,On,Aggressive,1,Medium,244.6488958
66.19516129,1993.651018,237.472616,45.66248464,City,140.1315658,23.77695619,Off,Eco,4,High,376.9539414
41.26856163,1177.753935,214.9282455,33.06819492,City,4.58431463,33.68153699,Off,Normal,2,High,232.7545624
44.11095892,1433.327408,97.38558254,31.34515443,City,172.4610473,25.69479431,Off,Aggressive,4,High,213.3759086
69.86942182,1596.754938,191.2908829,42.43237463,City,31.52720717,28.87452123,Off,Aggressive,5,High,363.1287441
63.51403596,2379.296537,80.98716043,47.38687941,City,102.8542991,32.92970545,Off,Eco,3,High,340.2355352
103.1876721,2489.882523,150.5671624,42.64795199,City,119.4301409,17.93743752,On,Normal,4,High,571.595157
58.99151193,1067.366948,159.2439673,26.81379097,City,91.50908147,19.59469308,Off,Normal,3,Medium,339.577294
76.44706802,2141.511885,69.55474547,46.64923242,City,68.15269787,17.14637321,On,Eco,2,Medium,421.2193083
80.58114303,1557.5861,125.7571439,31.62745002,City,93.56285924,17.79276798,Off,Aggressive,4,High,439.5416451
31.04755653,1588.687279,289.3558721,37.28688235,City,62.28315078,25.25167934,Off,Aggressive,4,High,159.1981635
83.08298976,2131.39746,288.8718259,44.94306858,City,87.62446942,21.42358518,Off,Eco,2,Medium,484.6643299
44.24287735,2377.639648,144.558493,25.65184302,City,71.7825982,23.46345679,On,Eco,2,Medium,238.2215419
106.8856254,2426.392892,70.34402615,43.53530407,City,113.2409647,34.64979664,On,Eco,1,Medium,630.4496545
41.89301822,1865.683879,102.9827854,37.88488394,City,47.58483245,18.13408696,On,Aggressive,5,High,176.385683
63.1699299,1535.681739,154.1322704,46.80024925,City,197.731311,25.81624142,On,Eco,4,High,345.0497497
36.82797345,2181.323629,287.4671275,25.15911206,City,100.1739907,16.9774231,On,Normal,4,High,181.2752418
109.7499401,1376.502075,93.88777525,32.62046711,City,38.83241548,21.36992627,On,Normal,2,Medium,641.6304072
70.17560083,1846.111043,243.2438025,44.98529279,City,95.41334991,25.55051847,On,Normal,2,Medium,392.5847621
77.63080139,1537.867692,86.08380945,20.5769511,City,173.2830259,33.93263492,Off,Eco,5,High,414.7164139
35.36611819,1984.946611,295.5018186,23.366041,City,4.361358625,22.82456443,Off,Eco,2,Medium,182.2852346
89.99683763,1360.598369,151.5879598,49.71695638,City,135.9108238,16.29813392,Off,Aggressive,3,High,498.0970931
46.79244745,1287.389419,246.0562893,28.41182536,City,109.5935594,22.76322896,Off,Aggressive,3,High,232.7958139
101.8443432,2377.35863,142.2218599,49.26629581,City,33.91159887,17.91482352,Off,Normal,3,Medium,574.2955453
46.41117124,1152.705524,210.6405305,25.47594653,City,163.4952879,19.59979227,Off,Eco,3,High,276.3120477
45.25501765,1758.936862,106.0838603,30.83283329,City,73.77692447,27.36181246,Off,Normal,5,Medium,226.8201875
32.92397343,1331.279174,95.04504463,42.58608334,City,58.76040576,16.34847732,Off,Normal,4,Medium,151.7446405
67.76535561,1058.394945,285.1353935,39.73335222,City,165.6250384,24.29447513,On,Eco,3,High,371.260826
75.18729066,1054.028227,280.2353467,37.433672,City,127.7050092,27.18923172,Off,Aggressive,2,High,419.0542154
35.25669115,1262.832658,272.9925457,35.89697527,City,179.6518167,23.43716785,Off,Normal,3,Medium,171.9328187
92.04220934,2300.155532,210.104028,45.30321331,City,125.9767407,15.38252701,On,Eco,5,High,526.9130915
66.26310678,1423.718116,253.9843707,27.04845689,City,148.1635316,34.71038714,Off,Aggressive,2,Medium,341.4886891
71.95122155,2425.688756,76.56886486,33.27412781,City,167.2891793,22.34231535,Off,Aggressive,3,High,413.2623753
65.26101976,1872.433439,140.3493701,24.66356876,City,10.94792718,30.57154374,Off,Eco,4,Medium,401.9149165
62.06104487,1654.921285,135.2887499,37.87824787,City,155.2097918,21.51292984,Off,Normal,2,Medium,365.2703822
74.7712265,1870.133252,212.5548773,27.51633273,City,122.7412964,24.50033514,Off,Normal,2,High,420.4365793
42.41921967,1775.047578,145.4298656,30.01526193,City,13.9015593,22.76927285,Off,Normal,4,High,214.0248323
44.55425044,2138.164381,95.64162759,34.1375215,City,101.7155844,21.85078459,Off,Eco,2,Medium,265.3419702
98.94284968,1423.744099,203.1520981,20.80311757,City,16.4916156,15.43702754,On,Normal,3,Medium,555.0447531
105.689237,1529.575587,255.452141,22.75813808,City,147.1894403,22.20041876,Off,Aggressive,2,Medium,604.5498537
59.8647453,2341.141454,151.7096387,40.57787662,City,109.3003428,32.78979981,On,Normal,3,Medium,306.0641025
51.65957385,2419.68477,91.74449162,32.86909942,City,190.7147075,28.80786677,Off,Eco,4,High,268.6800083
81.51996346,2338.837341,107.2051674,45.94370666,City,36.62707431,17.90845718,Off,Normal,1,High,476.5088413
62.69873369,1629.171991,116.9959932,40.84016011,City,121.2066905,26.82310009,On,Normal,4,High,307.3334401
32.03090845,2170.548255,131.9754223,20.24302825,City,42.31642691,32.8446172,Off,Aggressive,3,Medium,159.0623763
42.49220779,1714.5036,214.2708169,38.50136992,City,122.8129969,29.00068082,On,Normal,5,High,180.5794651
87.27777831,1746.309778,204.2269163,22.81174598,City,144.5299405,17.97368785,Off,Eco,4,Medium,505.795406
82.71391535,1307.020164,227.0591668,43.42799539,City,144.4608659,32.35664993,On,Eco,5,Medium,440.6633044
32.1676794,1886.695455,147.0004763,49.74523065,City,163.0147981,21.03088027,Off,Normal,5,High,147.6410443
47.75777295,1279.203847,257.7594365,35.93596383,City,170.7100456,24.08152289,Off,Eco,3,High,280.429741
48.48598373,1497.347049,108.9810387,40.48338501,City,15.45434525,25.52285519,On,Normal,3,Medium,244.0622226
83.75141949,2282.545302,172.5697794,27.11942483,City,68.65343141,32.01013209,On,Eco,1,Medium,475.2660612
31.57684302,1310.613714,252.2252932,33.12793231,City,137.4245041,33.6321499,Off,Normal,2,High,157.9337396
38.32868656,1106.737428,103.2380755,45.68285997,City,99.71725748,33.59305756,On,Normal,4,Medium,201.1760251
93.99328683,1103.511389,86.3671473,25.02268843,City,38.13518935,15.15908363,Off,Aggressive,3,High,552.2521721
44.28357296,2411.176781,272.0841522,27.96606817,City,110.541914,33.43776971,Off,Aggressive,4,High,216.4771597
82.21968863,1760.380657,142.3031191,33.36301026,City,81.48713055,16.08773932,Off,Eco,5,Medium,456.6391071
49.05462248,1614.118108,224.12883,41.36746676,City,78.00765553,20.31547314,On,Normal,2,Medium,229.0122176
37.95531142,2216.317872,66.08366502,31.27651864,City,161.9507435,25.29975709,On,Eco,1,Medium,214.4988767
49.45377528,2253.738892,225.6112532,47.83196839,City,81.51966677,24.59851378,Off,Normal,4,Medium,242.5375368
87.78135455,1498.28655,135.8643148,22.83371154,City,5.290901096,27.09419588,Off,Normal,2,Medium,528.5273168
98.45571745,2040.427086,73.37780486,31.12412593,City,11.61266778,24.58892457,On,Aggressive,1,High,571.0401559
96.41758917,2156.684224,206.3550628,41.2686237,City,171.2488083,33.68751359,Off,Aggressive,4,High,557.2909677
61.77468237,1981.97603,117.7929159,26.77960297,City,192.120162,19.81097696,Off,Normal,2,High,363.2827342
83.44681093,1227.392612,152.8337381,39.69239403,City,137.6818673,20.48049388,Off,Normal,3,High,475.7985546
46.39874363,2313.824625,79.33939495,24.92650875,City,72.87365882,33.41475871,Off,Aggressive,4,Medium,229.1947406
53.45181842,1808.641829,95.31918026,21.67940855,City,187.7200632,16.53479027,Off,Aggressive,2,High,292.2414534
101.7068655,1423.70864,131.5145365,23.6304715,City,132.5606173,27.19121644,Off,Eco,1,Medium,612.3677636
31.04015388,1637.842278,81.54228013,47.89954349,City,168.8667098,28.63471904,On,Normal,2,Medium,111.5033489
36.84068247,1056.356636,278.5983035,36.55252649,City,153.1704608,25.11083447,On,Normal,3,Medium,137.5971569
46.63090041,1191.800202,61.45129036,43.89037326,City,75.82786315,28.88463758,Off,Eco,4,Medium,259.9248694
32.12257631,2148.320126,176.1264525,29.97963503,City,95.74044017,18.45509292,Off,Eco,4,Medium,158.5000201
44.51483481,1000.017452,89.57938995,37.77975944,City,37.22643087,32.05264466,Off,Eco,4,High,257.2957603
76.64332488,1624.848743,133.8429815,34.84856401,City,58.40282009,17.80051379,Off,Normal,3,Medium,427.991732
63.71396405,1783.765272,282.2542944,48.37213878,City,155.6251323,23.01624889,On,Eco,1,Medium,354.5643768
101.4137369,1081.95163,98.80669279,42.42723908,City,178.7956784,16.50515203,On,Eco,4,High,588.053108
95.39548494,2459.617244,291.7997567,41.91627894,City,144.8920847,25.90422158,On,Eco,1,High,578.3975681
57.34538814,1339.187997,109.3906505,21.39059808,City,93.03473933,28.39491615,On,Aggressive,2,High,296.0516324
50.75387467,1456.298079,237.975866,36.49009007,City,17.30185379,33.8244327,Off,Aggressive,1,Medium,262.2835434
60.37539265,1455.913768,191.2025436,34.00974362,City,11.38958974,29.78672392,Off,Normal,1,Medium,364.7041489
77.2235954,1345.624993,272.2748946,47.835268,City,74.86511292,25.82205833,On,Normal,4,Medium,404.5589876
51.44509127,1002.210733,192.9583813,27.72025965,City,92.76434375,33.65234034,On,Aggressive,5,Medium,230.0086588
79.93191263,2094.017191,188.2942126,28.0950036,City,121.8241244,24.56873676,Off,Eco,5,High,450.0987541
62.75293218,2450.26825,106.9099201,32.34038747,City,1.297904277,26.22411306,Off,Eco,3,High,353.0319909
74.16377447,1336.440225,99.89504689,27.3010914,City,197.9445781,26.92197055,On,Eco,3,High,427.3614828
64.89012233,1994.570788,279.9573963,23.87551753,City,72.78777668,23.19959452,Off,Eco,5,High,345.8174441
53.55726076,2112.84449,138.6811677,45.7224454,City,169.6189328,31.76965381,On,Normal,2,High,279.9114753
105.8762646,2272.638069,149.2997412,36.74829573,City,106.9933411,18.70351878,On,Aggressive,4,High,584.4890645
91.08846353,1633.943796,242.357678,45.84088157,City,26.08789091,26.09684381,Off,Normal,4,Medium,504.8741867
41.20905406,1454.396358,141.3176358,44.93404296,City,159.5131105,29.44466512,On,Normal,2,Medium,220.8329681
99.47743807,1487.942701,288.4949872,28.46127064,City,141.965415,33.07952344,On,Aggressive,2,High,571.2622731
68.99449586,2068.932,237.1026646,36.43212333,City,105.487217,32.67836793,On,Eco,5,High,361.4813019
101.5641782,2225.1692,203.3830182,22.49653108,City,102.9106183,25.17480579,Off,Eco,3,High,603.9188286
93.98842048,1272.420952,271.4148385,47.45755652,City,17.49592115,27.86322902,Off,Normal,2,High,563.1528778
64.01708036,1556.411512,71.905418,32.12788145,City,131.1697897,22.88475472,Off,Normal,3,Medium,355.9501008
31.79754467,2352.910295,121.6950461,31.81028552,City,182.2490312,24.36355526,Off,Eco,1,Medium,197.4204349
51.49418875,2210.04028,171.6087202,29.08266112,City,18.64898384,33.12531585,Off,Normal,4,Medium,279.3479456
73.33073717,2477.287604,114.4748495,33.81991234,City,52.70229013,33.61407986,Off,Normal,5,High,405.9762513
80.67825759,2131.37239,238.537245,27.5527816,City,180.4615947,32.90828116,On,Normal,4,High,440.9406223
50.63101483,1589.792802,280.6099275,31.24556818,City,56.86878196,17.76741724,Off,Normal,5,High,308.2154686
41.14848593,1885.956751,161.7048288,43.99841146,City,130.7887344,32.00168043,Off,Normal,1,Medium,208.8088306
96.79441894,1991.521381,142.111824,45.02766511,City,106.963633,33.96727462,Off,Eco,4,Medium,542.6080493
108.7521745,1117.683724,290.7721757,29.12547433,City,119.265521,22.22499389,On,Normal,1,Medium,626.7037957
72.05521458,1816.745439,166.7645839,34.07043292,City,83.15778032,25.37292579,On,Eco,5,High,407.9873883
43.73434287,2063.981243,177.3716161,46.21459329,City,59.99829411,30.58190512,Off,Aggressive,2,Medium,186.690489
51.78458612,1250.981956,144.3959694,21.58019995,City,9.706690146,26.24156275,On,Normal,4,Medium,232.7199602
31.47125412,2170.947576,278.2916335,46.67434886,City,148.8561879,34.86967043,Off,Normal,1,High,160.8820282
103.1439045,1875.659171,196.549316,26.57553037,City,149.2186924,24.1142673,Off,Normal,4,Medium,620.7436967
39.42008663,2428.332679,242.9219009,40.35617733,City,134.145148,29.27885422,On,Normal,4,High,178.5921344
76.12131804,1063.633447,254.8336124,37.47655089,City,128.7267576,30.8518228,On,Normal,4,High,393.1267039
51.92441765,1397.989206,142.0437701,36.58822245,City,48.74342643,24.88200832,Off,Aggressive,3,High,285.6682355
74.3342402,1902.330819,164.0866395,45.78080674,City,4.468986753,32.13967611,On,Aggressive,1,Medium,424.4489837
82.11363107,1444.839868,263.6332259,23.04716431,City,161.7430794,25.92309182,On,Normal,1,Medium,456.3938229
96.3793443,2071.636246,147.1812844,30.41084076,City,98.22770714,23.23301594,Off,Eco,4,High,570.781889
46.51370174,2138.507924,250.544432,36.14758239,City,61.36762614,17.15647348,Off,Normal,2,Medium,254.2607009
30.87966629,1153.773946,285.8381574,44.33866562,City,20.38638136,22.86827153,Off,Normal,4,High,154.4374762
40.95085041,1770.781696,209.5704895,26.4932925,City,12.54431818,29.67872909,Off,Eco,3,Medium,219.3220198
102.0014913,1763.335833,237.990549,44.08789524,City,69.77334436,33.42572823,Off,Eco,5,High,598.2921979
99.91120621,1553.921155,253.2233549,31.98915447,City,160.947413,20.03358808,On,Aggressive,3,High,564.7090144
77.79304817,2399.387294,262.8095157,25.66741569,City,183.7447499,22.10471035,Off,Eco,2,Medium,467.5752678
78.04134883,2241.25948,154.8128011,42.76959321,City,179.3502729,18.07921988,On,Normal,4,High,393.9953347
83.20293396,2045.814073,72.3032302,22.72696704,City,184.0001669,28.81445788,Off,Normal,1,High,473.568918
44.02970229,2071.489954,156.4503051,35.44302122,City,181.5450686,34.2037686,Off,Normal,4,High,216.5446963
103.1529557,1692.574216,221.7014951,21.91627352,City,105.4449503,27.8190444,Off,Eco,2,High,627.1897696
63.50164199,2381.491782,168.0840926,30.69253565,City,43.88312771,27.3415306,Off,Aggressive,1,High,367.5238343
60.65108226,2041.893141,239.7511562,38.03230397,City,159.6093166,26.06979861,Off,Normal,3,Medium,316.1525226
71.51341642,2093.471592,145.6757831,36.68346624,City,42.74259497,16.76911481,On,Normal,5,Medium,372.8230514
33.75727734,2292.536356,212.3385939,32.13966254,City,53.44145535,29.59007653,On,Normal,5,High,153.149527
43.3026695,1411.107384,104.7407532,32.87143982,City,46.65086436,27.04099087,Off,Normal,4,Medium,230.1025823
89.04268931,2210.606356,239.8486648,26.8030866,City,102.9964807,28.22953538,On,Aggressive,3,High,480.1560077
36.62389343,1292.860904,190.9670325,33.67647765,City,64.36550163,32.97622186,Off,Normal,2,High,192.9296301
78.25216876,1518.012928,108.9754533,48.59764567,City,30.83120993,30.67921574,Off,Normal,5,High,412.8916577
49.62792877,1503.415681,130.0586816,45.51358753,City,90.63468238,30.61830504,Off,Aggressive,3,High,280.9475378
61.14364912,2467.788203,239.6660901,24.35698607,City,174.7814478,33.54367538,On,Normal,4,High,323.3497837
53.09549894,2284.805836,175.8242966,20.89342362,City,114.110571,34.79869903,Off,Eco,1,Medium,291.4893914
58.45381732,2051.754792,111.8475457,48.00572938,City,175.6671212,26.62565464,Off,Eco,4,Medium,335.4065926
87.52367241,2090.585142,292.1450857,35.8024925,City,39.17443702,17.17763232,Off,Aggressive,4,Medium,491.072964
53.76973725,1843.109192,231.6300048,36.13513469,City,33.39477473,24.18259816,On,Normal,3,Medium,289.7875172
75.31237122,2420.636001,289.7123598,43.42153987,City,115.1154251,30.75202293,On,Normal,5,Medium,380.3901896
68.08403218,1744.388129,162.5052109,29.44066922,City,92.66578031,15.5545065,On,Normal,3,Medium,357.132491
83.09369323,1570.776565,174.0240818,34.45722707,City,132.0345283,16.13774877,On,Eco,1,High,473.0337446
104.9463791,1244.553005,275.5092519,49.05988739,City,158.9253582,16.34315565,Off,Normal,3,Medium,633.6983374
88.60576778,2179.308478,186.0118417,40.16446061,City,150.2614591,29.62071517,On,Eco,2,High,501.483304
47.19523029,2101.665898,229.7469389,24.61235096,City,188.4522347,25.02333257,On,Normal,4,High,217.3158889
32.4946508,1576.532558,120.5214906,23.99680244,City,79.65128183,22.37795887,Off,Normal,5,Medium,139.3425532
50.98112354,1037.790121,167.2143525,26.12794275,City,41.27734845,17.11234091,Off,Normal,1,Medium,287.5201723
77.60623446,2258.495992,89.62796779,43.00135023,City,110.182528,29.644805,Off,Normal,4,High,454.7318978
34.11406508,1017.126975,109.4352086,28.86131012,City,22.14862404,21.42039621,Off,Aggressive,3,High,170.9353014
69.70929978,2055.549669,60.22641966,20.6416654,City,57.77022467,20.3064814,On,Normal,2,High,404.7100494
77.74742791,2455.385665,69.4236124,48.32523091,City,41.57761105,28.04638403,Off,Eco,3,High,454.962809
56.73951127,1656.491992,294.5481176,25.09140249,City,79.31274336,26.18021785,Off,Eco,4,High,318.7334021
91.6729763,1352.460107,118.1648868,20.28674558,City,22.243315,22.24821284,On,Normal,1,Medium,513.0584188
38.52786025,2057.306515,219.1945703,27.11394807,City,6.36834891,27.82974942,Off,Aggressive,5,Medium,196.3870885
36.01102254,2225.692213,261.3839277,27.05086361,City,131.3588009,20.42443041,Off,Aggressive,4,High,182.1457941
88.2551005,1819.645474,192.1585102,32.66015753,City,122.0497957,30.89660523,On,Aggressive,1,High,509.7140156
69.6393053,2450.552913,96.75468002,47.61169495,City,141.6717872,19.58637901,Off,Normal,4,High,394.3585357
85.07219171,1077.503082,234.747945,46.37554753,City,132.0772881,18.17675391,On,Normal,2,High,466.3846668
64.78618709,1757.193397,204.0603384,33.70683665,City,22.85893623,30.64878819,Off,Normal,3,High,369.0892766
49.71216266,2077.680921,235.5001414,32.32699715,City,58.21577628,29.15784061,Off,Eco,5,High,283.3513351
95.52818541,2293.960707,244.7391895,36.65027259,City,25.90532198,18.65277951,Off,Eco,1,High,592.256888
93.95327032,1268.883418,294.0984882,27.30362036,City,168.5944804,17.32491505,Off,Aggressive,5,High,523.9908593
85.57571767,2200.005223,197.6551872,21.56554976,City,149.3807311,31.76798177,On,Eco,5,Medium,496.5401897
51.77161098,1829.060614,141.993867,48.17672409,City,40.30540058,30.53196964,On,Eco,5,High,266.6934862
77.21845335,1594.830523,215.6314937,25.60096955,City,68.2618481,21.54514747,On,Eco,1,High,469.8804386
58.87791176,1197.572543,76.42577022,25.95202188,City,193.3229985,28.16394816,Off,Aggressive,1,Medium,330.2835272
37.32656587,2297.943638,275.3753564,34.17380987,City,118.8318716,17.48320373,On,Normal,5,High,155.2744218
103.385086,1235.909812,88.65144272,34.74840035,City,160.2311195,25.14095318,On,Normal,3,High,598.9512567
40.94549047,1464.681789,138.6822811,20.55302629,City,52.91820695,15.37460584,Off,Aggressive,4,High,213.6533154
106.0189883,1435.068298,255.7788914,24.43864216,City,42.01058404,22.83203762,On,Normal,5,High,596.8251115
65.68046184,2307.121051,203.3549708,31.34464456,City,156.7833858,16.49685643,Off,Normal,2,Medium,358.6305093
44.81063431,2009.054491,154.4725249,40.51192081,City,137.174491,24.5029436,Off,Eco,5,High,248.5603251
73.35207579,2195.022096,173.6245583,26.8525537,City,136.1955858,23.43363294,On,Eco,1,High,413.7227163
99.83566687,1375.701848,265.0913744,32.69043339,City,110.5269164,23.88770053,On,Aggressive,4,High,557.3014958
88.57799091,1937.311149,141.6010527,36.72035194,City,112.7156686,15.90662604,Off,Normal,2,Medium,496.9786881
94.52489183,1857.618975,268.7159244,46.65777484,City,147.1395011,22.23232683,Off,Normal,4,High,525.2091665
82.70266934,2249.245565,81.15226343,29.78211507,City,54.00049622,30.12967698,On,Normal,4,High,455.1983249
85.38212516,2359.130591,246.4316249,24.00674798,City,70.55369317,22.37828747,On,Normal,2,Medium,485.9762383
97.93565213,1018.235157,263.4114319,34.67816678,City,174.3273541,29.30343905,Off,Eco,5,Medium,564.873402
49.97344071,2011.029879,103.6362367,42.40164805,City,61.7730402,22.38957447,Off,Eco,5,Medium,254.6339723
69.15399709,1077.753699,163.2831678,23.29579271,City,109.2619143,23.46478883,Off,Eco,5,Medium,403.0224684
47.69675535,1823.287998,99.71994592,32.74050475,City,140.5278928,26.27784226,On,Eco,3,High,252.741594
109.0134406,1431.449094,229.584991,20.53355424,City,199.9849654,34.01363874,Off,Aggressive,5,Medium,613.9785171
105.5247472,1460.164899,188.4834643,21.00677545,City,87.0582663,17.17720893,Off,Eco,2,Medium,631.9401357
33.15414491,1529.437755,212.4776032,34.4886009,City,85.61857532,15.65827537,Off,Eco,3,Medium,164.4377559
86.4460138,1931.938674,107.1568721,28.94591894,City,168.5176759,27.15914368,On,Normal,5,High,482.2422593
104.0198654,1501.074949,110.8190069,45.35321897,City,161.1006223,33.98194178,On,Aggressive,3,Medium,560.8075904
44.44602761,2099.048576,69.95935812,38.06462918,City,146.2151763,34.79446265,On,Eco,2,High,259.2797214
75.43561844,1606.791078,137.2962084,33.61798885,City,92.64592748,24.68328495,Off,Eco,5,High,416.1347764
103.2390638,1102.5298,194.3387187,32.23806113,City,64.78782403,24.36163242,Off,Normal,1,Medium,618.3997125
32.71567829,2175.639764,265.9043794,34.91736441,City,121.7460965,27.89927541,On,Normal,2,High,153.8565421
85.79362138,1428.637487,220.0625874,21.21316494,City,175.2446586,26.11269514,On,Normal,4,Medium,465.9181408
53.78792059,1649.150319,164.4951176,46.78380069,City,176.7554916,27.68176115,On,Aggressive,4,Medium,259.9829325
103.9516956,2028.165825,288.7488275,49.94909467,City,21.69966901,32.47998851,On,Aggressive,2,High,592.1899402
107.6846596,1498.684236,232.6188481,25.44461375,City,85.67005676,29.92612339,On,Normal,4,High,615.7414802
105.5413191,1084.878484,283.2396487,23.61148894,City,92.94439124,24.93754783,On,Normal,2,High,595.2866501
67.93713733,1560.881571,186.6211136,24.3073239,City,195.5230735,24.23728918,On,Normal,1,High,364.9513272
98.96341208,2416.672874,122.137026,39.83081175,City,135.599603,27.79203497,On,Eco,2,Medium,550.3126334
97.56395188,1962.601596,72.67840473,39.84322515,City,81.44928345,24.11412569,Off,Aggressive,5,High,537.1762572
55.52803786,2007.218723,234.2603644,45.43772487,City,5.211577197,24.15558703,Off,Normal,5,High,320.0734657
96.31323793,1948.42323,89.11271952,42.55479165,City,113.077032,15.32611804,On,Eco,3,High,548.9452986
32.96061078,1298.488208,132.6660308,33.4906902,City,19.21519513,18.48128275,Off,Normal,4,High,191.5060152
77.70159028,1627.500796,187.7930179,38.38566085,City,166.8899915,24.7702728,On,Eco,4,Medium,422.7758647
48.40070698,2126.409698,195.4599811,40.64854011,City,150.5037321,31.45306918,Off,Normal,2,Medium,263.4322531
39.64535086,1152.059346,204.1399673,35.38209411,City,92.10183198,20.57454013,Off,Normal,4,High,210.5493508
36.15625613,1416.779164,99.90127928,34.26952953,City,85.84215591,25.45286866,Off,Normal,5,High,169.3778586
85.70310207,1414.478663,151.1369772,39.35292337,City,179.4677931,21.8992417,Off,Aggressive,1,Medium,493.0014844
57.1899971,1648.028391,208.1266145,36.72423647,City,57.69167008,17.09607979,Off,Eco,2,Medium,306.2938561
87.98134172,2470.553111,292.7565275,39.31826916,City,49.80399242,34.16596966,Off,Normal,4,Medium,481.3394872
35.22850726,1101.25382,234.631473,38.38564322,City,187.8394866,32.09347741,On,Normal,5,Medium,119.1032626
55.22322703,1778.051492,281.4249017,41.57589682,City,161.8491674,16.56984849,Off,Normal,3,High,311.9122739
73.15930339,1269.047023,242.930894,39.28410526,City,164.1251186,29.39574525,Off,Normal,4,High,388.5013502
93.25785319,2456.014818,202.0120725,35.59227459,City,39.03876286,21.95159809,Off,Normal,1,Medium,568.4986507
55.50020023,1169.955257,106.0856086,40.45390434,City,28.65919829,34.89699614,On,Normal,1,Medium,302.9886648
80.07131011,1605.401504,220.0045565,33.48445896,City,5.205909963,21.0479704,On,Eco,4,High,460.2093225
100.8782199,2106.827477,209.6110958,27.25013678,City,47.40830178,19.77476891,On,Aggressive,4,High,544.8369665
79.26905505,2056.831642,204.5926009,20.0425466,City,154.8380983,26.35781097,Off,Normal,5,Medium,421.6913895
48.63675798,1634.092955,177.5486083,36.79892441,City,48.00768375,31.70252327,Off,Normal,4,High,252.3877696
31.95206252,1519.786252,186.877585,37.7196568,City,145.8206567,18.85037744,On,Eco,3,Medium,162.2129767
99.60790991,1596.418568,140.2662065,49.16146894,City,50.38165307,29.18805539,On,Eco,5,High,585.4659918
31.70155287,1396.414395,184.6350462,30.84435002,City,79.05849959,16.22813166,Off,Normal,2,High,175.0516141
99.97613381,1307.999408,107.4134174,31.82399728,City,196.632458,33.37869486,Off,Aggressive,3,Medium,547.9564868
72.31497072,1724.559546,253.2418554,26.05398744,City,48.96234626,16.62149832,Off,Normal,5,High,386.2675714
105.1254159,1402.800634,104.5864691,22.11602886,City,75.27412546,33.28462753,Off,Aggressive,5,Medium,567.8138214
93.90265886,1431.192497,80.39190957,43.18413479,City,60.21743609,24.81614499,On,Normal,1,High,537.530904
109.8347288,1985.134095,164.6990463,27.49043193,City,21.92499727,23.96182226,Off,Normal,5,Medium,623.097541
58.05694524,2452.805998,217.9937855,38.26714583,City,97.97882843,34.46614159,Off,Eco,3,Medium,323.9504161
91.37506311,1905.455801,165.052038,40.63319107,City,75.73813267,34.80768355,Off,Aggressive,4,Medium,489.173221
62.15447309,1115.469201,126.4209917,34.13710062,City,138.9774172,28.00356252,On,Eco,3,High,325.0532879
68.39004962,1113.375421,193.9610841,46.29056339,City,163.5189094,17.54238584,On,Aggressive,2,Medium,357.6950312
80.20043706,2427.134831,143.2805605,33.31384523,City,108.8499429,25.12340171,On,Aggressive,5,Medium,417.2095666
99.89416913,1445.936185,283.8882456,28.54725869,City,6.439284417,25.58326202,Off,Aggressive,5,High,543.7743937
108.7266775,1138.100479,281.4348335,46.88046569,City,123.7844712,25.28892856,On,Normal,5,High,608.4779127
91.46187311,1898.566881,180.5692368,45.84692853,City,11.078146,26.38983677,Off,Normal,5,Medium,521.517941
63.42134257,1935.473167,138.6921586,24.92119841,City,123.2712647,15.37449428,Off,Normal,1,Medium,333.8835541
63.70856018,1972.75723,236.9117793,20.77883055,City,137.0059899,29.22454563,Off,Eco,1,High,407.2339428
89.00658413,1401.103042,68.81110644,22.69956669,City,39.55352552,29.24788604,Off,Normal,4,High,521.9202943
49.10217166,1022.666026,173.9445615,28.59642196,City,163.8692297,17.3093955,Off,Eco,5,High,279.3089022
38.83792905,2447.523054,140.7176146,49.16779405,City,182.2170263,26.40478885,On,Normal,2,Medium,166.1075324
58.36977261,1376.339569,280.9286124,36.75548459,City,162.6173928,26.36722365,Off,Eco,4,High,338.4292012
52.97911933,2014.039432,62.88072655,31.19785196,City,61.02183804,28.6490084,Off,Eco,5,Medium,296.4208023
53.70464964,2059.944805,192.6755702,46.66148284,City,117.3286025,16.70795384,Off,Normal,1,Medium,290.9021418
48.68862008,1915.011126,237.7592595,33.59408994,City,182.9630298,27.53006615,Off,Normal,2,Medium,275.806875
33.36745517,1469.361091,176.404317,29.45715885,City,64.13294524,20.61503901,Off,Normal,4,High,162.7952665
31.42991478,1406.644381,80.49672724,48.23658586,City,164.0055645,25.14005981,Off,Eco,2,High,162.4407462
109.0177912,1896.502424,293.3907336,45.48552999,City,1.895026252,30.46647105,Off,Normal,5,High,619.6026618
64.2218507,2299.14345,184.3225035,45.31005126,City,0.729340557,29.11291873,Off,Eco,3,Medium,366.2352547
60.74613177,2420.100593,207.4046986,35.36854229,City,151.9423321,17.37806035,Off,Normal,2,Medium,334.3670467
84.37178262,1158.858707,116.7863478,43.68315196,City,152.2895164,26.82369574,Off,Normal,2,High,479.1867036
47.46031103,1232.242919,176.0395404,25.38060078,City,157.7954376,34.38233062,Off,Normal,1,High,278.8172996
105.9968947,2417.104388,162.9958781,37.19668873,City,186.0053676,18.13538875,Off,Normal,5,Medium,604.978284
92.90760115,2104.802843,77.97500208,49.51537769,City,23.58126236,32.05814175,Off,Normal,2,Medium,538.6437924
37.15288018,2324.490737,85.47848485,28.72875292,City,46.396997,29.05096161,On,Normal,5,Medium,134.3131065
63.40646206,1303.948951,260.9934047,43.83056988,City,180.7449841,30.48006626,Off,Normal,1,Medium,353.3441523
100.3294646,1881.378807,117.5567885,34.71435222,City,35.44723955,20.63916654,Off,Normal,5,High,559.2109349
105.5785618,2051.709392,106.7899852,21.1941705,City,136.4458535,20.75777859,On,Normal,1,Medium,634.7379858
67.3921209,2020.167828,181.1787483,42.89058193,City,106.0926,33.12038912,On,Eco,1,Medium,380.840579
79.07291114,1612.227536,244.4993115,25.05707433,City,16.63873537,22.19664064,On,Normal,4,High,427.8388376
43.36271569,1023.092338,74.86716446,38.94420701,City,57.05273239,16.26030781,On,Normal,5,High,192.2204281
109.2934901,1874.389085,198.4339007,22.56992582,City,104.0744433,27.01193407,Off,Normal,3,High,641.2421818
48.53373611,1379.652309,88.61050628,48.40602192,City,170.4700233,17.49635338,Off,Eco,4,High,273.5605907
105.4185419,1675.381369,68.7506522,28.75171662,City,141.5076979,30.93192483,On,Eco,1,Medium,593.4524471
81.97173192,2436.371523,72.65854852,26.79394075,City,124.3766323,27.83492885,On,Aggressive,3,Medium,440.2063565
78.61894359,1598.552976,260.199386,23.87409212,City,99.20657799,32.4945301,On,Normal,2,Medium,430.003162
71.01508088,2259.70241,88.31339607,48.3800658,City,59.73679676,30.696745,On,Eco,2,Medium,399.3610079
48.45358494,1282.810909,70.83632746,41.35711227,City,23.84898226,17.24227297,Off,Normal,4,Medium,262.0962991
44.12224256,2008.690747,165.0959729,42.24982666,City,81.81520691,22.62141353,Off,Normal,3,High,223.7460607
47.63889673,2465.510432,262.5584333,34.98213684,City,5.703698782,30.491205,On,Aggressive,5,High,195.380757
44.91506097,1152.839651,122.9780104,34.24183356,City,42.21117785,23.34682947,On,Eco,3,Medium,226.6852045
92.36675789,1012.479913,161.2110282,23.30063729,City,86.49667517,34.4473097,On,Eco,4,High,543.846265
58.01002073,1650.374189,69.58140782,36.79523287,City,83.72103713,29.714809,On,Aggressive,5,Medium,285.5021009
34.62741413,1138.938225,167.7788434,27.40749485,City,8.859086199,15.30999833,Off,Eco,5,Medium,168.3183868
107.5282104,2122.576525,198.6271394,49.31435998,City,117.8120307,32.59971383,Off,Eco,2,Medium,627.9668025
100.7028708,2371.822996,197.0176929,43.8974282,City,109.9368512,17.0160957,On,Aggressive,3,Medium,540.8429276
104.2201827,1651.031459,139.7824061,32.38976181,City,15.6208608,17.81047448,Off,Normal,5,Medium,573.3928658
109.5926258,1388.067463,135.7279634,24.54023776,City,188.6326105,29.68984801,Off,Eco,4,High,658.9842258
43.91161994,1651.604979,85.58966854,43.55995073,City,19.87655579,32.29937119,Off,Eco,2,High,264.997728
61.69936151,2085.171727,148.031597,23.66161301,City,170.9668302,25.72699256,Off,Eco,5,Medium,332.7560178
90.65907806,1013.581242,83.87872053,25.6800126,City,0.061946383,20.78099466,Off,Eco,3,Medium,528.8582491
85.68164944,1884.180984,243.9830267,26.34561553,City,176.456219,22.02631091,On,Aggressive,2,High,462.6584158
42.31167251,1919.937527,291.9058315,36.70671915,City,3.943946441,21.85778659,Off,Normal,3,Medium,213.8503381
95.26665,1956.53237,292.8178696,43.61169962,City,151.5624064,21.53356208,Off,Normal,3,Medium,533.9630234
47.95524575,1363.03312,267.6170639,29.42944636,City,72.33816226,19.85819344,On,Aggressive,3,Medium,226.0982852
47.90540919,2071.079085,204.1901158,22.54009443,City,147.64336,27.17734189,Off,Normal,2,High,279.3550509
72.95795383,1137.087229,228.2077673,33.93615391,City,80.34904108,33.00810637,On,Eco,5,Medium,399.9248041
77.43519479,1298.905505,128.4493926,42.44330723,City,14.18158447,21.14164826,Off,Normal,1,Medium,439.6618765
76.40689663,2316.20507,211.3849008,26.64991529,City,153.5013391,18.73388595,On,Aggressive,5,High,395.4511886
37.31894699,2108.084726,169.3558919,26.59773644,City,14.25053706,31.77155333,Off,Aggressive,2,Medium,196.5462929
100.196869,1020.618331,175.6841615,48.41681082,City,184.4240872,29.83566662,Off,Eco,1,Medium,586.6992465
51.24800341,1372.564391,241.8663745,48.62461181,City,10.19480716,33.61674063,On,Normal,1,High,276.2045165
40.3611937,1321.609724,127.6604053,49.71397196,City,95.86505555,18.31039471,On,Normal,1,High,222.2293355
101.0998464,1406.209492,136.3295068,44.22978805,City,144.6068862,17.88502628,Off,Aggressive,4,Medium,560.0247238
106.4521199,1371.339655,281.9140299,25.64552508,City,78.64929296,25.82858789,On,Eco,2,High,597.6493455
98.97020938,1093.789444,73.49383076,26.35944562,City,43.44669492,27.2886731,Off,Normal,4,Medium,533.1541488
94.76128598,1688.410775,176.5522316,30.20675725,City,151.8181923,24.60346884,On,Aggressive,1,Medium,534.7593649
82.41935845,2099.100212,279.0721921,29.54397594,City,156.858941,26.97933273,Off,Normal,4,High,467.6678567
74.06858965,1910.097587,206.4871219,48.69583247,City,184.5389968,18.60759538,Off,Normal,4,Medium,406.63043
36.95894079,2009.307503,191.1376978,43.67221949,City,75.23302209,24.59227508,Off,Eco,2,High,213.6201258
62.67625705,1121.723768,119.938603,41.72026376,City,101.2503469,28.16185122,Off,Eco,3,High,340.4365704
59.81508136,2427.236065,142.3861174,25.57889672,City,72.62568857,23.65412898,Off,Normal,4,High,316.4521885
50.7803027,2257.737751,264.4916198,47.28576678,City,51.41636437,28.58894672,Off,Aggressive,4,Medium,256.2340293
87.8736091,2207.635478,194.2123516,44.83611139,City,150.2065923,24.02382561,Off,Eco,1,High,537.8959878
69.67005881,2234.475708,183.5381265,24.90925524,City,67.930369,21.67199162,Off,Normal,1,Medium,401.895473
36.48369727,2399.065762,83.89913125,46.13510996,City,85.6298884,21.07210094,Off,Normal,1,High,178.1466277
47.61465616,1816.380949,63.84675755,28.16742609,City,80.73473152,23.21804118,On,Eco,5,High,243.2396991
84.66070109,1300.423027,291.2844453,22.42609237,City,142.5322451,15.46179245,Off,Normal,4,Medium,479.5940895
36.09046876,1925.175412,150.4766801,39.7046692,City,183.5591252,28.37050277,On,Normal,1,Medium,159.2243805
98.09655312,2114.322241,204.7711349,39.61413978,City,133.3512123,31.90211282,On,Aggressive,2,High,518.1068803
69.61172216,2106.87609,79.13161756,22.84796029,City,94.31651922,22.09254189,On,Normal,5,Medium,367.5642723
68.44692619,1782.173536,223.9474286,29.56555427,City,155.8410229,15.92066272,On,Normal,3,Medium,355.546291
77.39262277,1102.688079,283.8160101,49.78443387,City,128.1942648,34.73551195,Off,Eco,4,High,445.3801011
95.97447727,1556.669408,198.1596607,40.35280001,City,12.12207142,20.27396511,Off,Aggressive,4,High,541.5416396
57.82473663,2381.149913,90.26767737,41.902255,City,19.13271728,17.53242243,Off,Eco,2,Medium,315.674446
84.2412922,1876.673365,199.6131666,26.38751857,City,7.583388815,22.39505016,Off,Normal,3,High,493.8905053
75.25855712,1807.497915,243.9233311,22.36346213,City,91.36326524,29.77114081,On,Eco,3,High,413.3188129
51.36226161,1403.280272,157.5399688,28.30705069,City,165.1706869,20.87833194,Off,Aggressive,5,High,236.3005764
100.2903989,1552.67338,271.1610595,27.46695156,City,62.61663387,26.49406408,Off,Normal,4,Medium,552.3364319
93.79408173,2343.019134,215.6839088,27.03632302,City,76.83203662,23.31119989,On,Normal,1,Medium,536.0693013
82.67614677,1999.694571,275.8197404,25.78262966,City,181.8954217,17.35527985,Off,Eco,2,Medium,510.9625857
98.04653833,2181.08054,209.6412747,37.24267072,City,167.3806891,21.60574025,Off,Normal,2,High,575.162023
99.38353608,1681.518135,91.50911328,29.84310428,City,133.0096225,29.49741011,Off,Normal,2,Medium,606.4278922
86.66903814,1945.370829,134.3260107,44.61035045,City,53.36075642,27.24007795,On,Normal,2,High,506.4494908
96.96106627,1372.575413,108.4307876,25.51842254,City,23.40829654,17.3955676,On,Eco,1,High,582.1451798
85.79771693,2058.191245,278.1183595,33.93881213,City,3.211764536,18.26644819,Off,Aggressive,1,High,520.3212968
84.41126174,1641.402001,242.4960161,20.40973509,City,21.40213452,27.81466719,Off,Aggressive,5,High,486.4904688
79.48891026,1663.818272,222.3356085,34.45046967,City,58.51928872,31.26830829,Off,Eco,4,Medium,471.48143
90.21733116,1973.983487,132.2319167,21.67514663,City,110.3580127,21.98948992,Off,Aggressive,1,High,501.2944547
42.68840842,2404.420932,104.1707453,49.33170536,City,12.80001655,26.90621504,On,Normal,5,High,187.5399987
100.4696607,1096.00952,241.5482611,43.71776386,City,27.24555566,18.41287178,Off,Normal,3,Medium,570.3584663
99.74748222,2237.114856,173.797907,34.7033443,City,36.21614046,21.22752674,Off,Normal,4,High,590.0958078
32.33978264,1438.574666,114.1894925,22.59762075,City,126.3964186,15.40540411,On,Normal,1,Medium,153.1047161
96.06534005,1665.879182,207.9892748,37.77336322,City,123.1579598,30.36551896,On,Normal,3,Medium,558.3817784
40.3095894,1032.869993,69.68012451,42.76291252,City,110.1531453,23.0201964,On,Normal,5,Medium,175.6496742
56.80950834,1451.569117,138.280861,25.72151759,City,50.10028494,31.32251147,Off,Normal,1,High,331.9709545
89.4806605,1753.946864,172.4536787,37.04625022,City,74.22393824,29.16745992,Off,Normal,1,Medium,520.4848249
42.86079168,1084.264116,95.51000019,44.42632695,City,19.33794327,31.57488531,Off,Normal,3,High,225.2543323
95.43736193,1736.643594,296.3170746,43.04743333,City,45.29212075,20.71317339,On,Eco,1,Medium,558.2681197
96.57073424,2390.665943,110.1833675,44.08976054,City,179.5410453,18.70217461,Off,Aggressive,2,Medium,545.9938737
70.5974187,1158.089827,91.28475121,46.37970275,City,195.9383493,34.43811365,On,Normal,1,Medium,380.9542447
30.51086974,2146.661092,108.8483697,48.13046306,City,129.5319171,29.34655574,On,Eco,4,Medium,121.7757983
52.96305065,1614.50658,244.574672,32.16563466,City,183.3646584,31.68084536,Off,Eco,3,High,326.8793301
79.35415347,1982.760572,162.1213582,37.06307308,City,128.5483801,15.26266747,Off,Normal,4,High,473.6895081
108.4948942,1390.354897,195.6998255,43.71978578,City,6.639297221,22.08923241,On,Aggressive,5,Medium,579.9553402
80.54508216,1239.238394,65.04219768,40.91419442,City,199.352517,29.85633381,On,Normal,4,Medium,441.3403546
50.78428649,1240.693921,68.26351406,49.86560685,City,19.79046034,16.55965666,On,Normal,2,Medium,247.5326372
80.72045625,1105.737918,166.998132,20.41032953,City,136.5283603,26.34679859,Off,Eco,2,High,480.9169244
73.19883038,1278.470057,255.9972584,30.65399646,City,50.56724061,23.58145535,Off,Normal,4,Medium,391.7089844
92.38763161,1996.329077,272.4573309,28.43083779,City,78.39622258,15.35233014,On,Aggressive,5,Medium,502.9517533
38.55845111,2322.535918,80.80957622,27.8694755,City,129.186837,19.71951154,On,Normal,1,High,204.4593916
90.8822322,2221.188528,189.2071445,26.67589347,City,87.29746986,20.69583978,Off,Eco,2,Medium,549.7050125
73.30132629,2027.701465,279.1751247,41.27371522,City,50.10921179,17.23719893,Off,Normal,4,Medium,415.5401452
107.0393603,1165.647795,153.1134611,22.5427842,City,66.88923738,27.63073819,On,Eco,4,Medium,599.8228755
57.34977328,1433.781169,259.0957995,42.24826502,City,68.30962338,19.84795753,Off,Normal,4,Medium,300.3050228
80.60975145,1464.710313,92.08695706,40.80277526,City,191.8647809,20.55238999,On,Normal,1,High,461.7815427
104.5622484,1374.93542,284.4946775,27.52412398,City,159.7226032,32.96477196,Off,Normal,3,High,607.5955361
38.20077824,1772.50849,240.3415962,27.58501349,City,91.7097543,24.34246185,On,Eco,5,High,181.1723099
104.978279,1803.330722,285.9202543,38.86581756,City,39.96418407,22.84256294,On,Aggressive,3,Medium,567.580665
85.03085778,1535.328963,222.3881361,42.86513316,City,162.2032221,29.47742077,Off,Normal,5,Medium,486.3016058
35.42696473,1530.683738,147.2169437,46.29456839,City,31.43649432,33.19227594,On,Normal,5,High,161.2912176
54.07708536,2242.833397,285.1634814,45.56418692,City,42.09244343,15.50072672,On,Normal,4,Medium,281.7219947
86.65376709,2183.939272,126.1360263,48.94648982,City,73.20267837,23.96477693,On,Normal,2,Medium,488.3101067
35.38804812,1461.693748,139.7214053,37.44154686,City,176.0696392,27.21562712,Off,Normal,4,High,158.0435707
76.57363681,2370.682666,228.1940203,47.25966684,City,26.35733373,21.37126196,On,Normal,1,High,422.6737376
57.67064456,2429.222526,243.6759119,44.2553982,City,24.44683857,30.44815444,On,Normal,5,Medium,270.1170824
79.67324142,1490.113813,283.0568361,46.84002873,City,98.79499766,34.42954141,Off,Eco,2,High,467.7948877
33.65936271,1531.637423,109.1525782,20.34879804,City,55.28210822,33.86854733,On,Aggressive,5,Medium,142.9065706
99.72294449,1758.45123,251.5195285,48.97708976,City,113.7455883,20.31965079,Off,Normal,5,High,541.7269328
107.8791175,2411.681219,237.2510528,34.20590489,City,90.32733694,19.52676557,Off,Eco,4,High,625.9236509
107.5102284,2314.47915,75.3106935,43.94548969,City,86.99182127,34.14981062,Off,Normal,2,Medium,621.8020394
89.97214654,1153.851944,152.9335539,23.81612358,City,22.3945941,24.17256975,Off,Aggressive,2,Medium,498.1189379
40.40689921,1589.096115,127.8637097,31.87823287,City,28.20993805,19.16595446,On,Aggressive,5,High,174.8621442
90.66105567,1830.056785,133.0777018,28.14381989,City,164.2157155,29.13993927,On,Normal,2,Medium,504.3072158
31.96695332,1754.698709,295.9072511,28.74976312,City,177.1765475,20.68840648,Off,Eco,2,Medium,189.5435668
31.76988412,1290.794602,214.2665792,23.6976686,City,46.93670658,20.3449395,On,Normal,4,Medium,130.2005669
55.88881753,2288.225157,232.2422779,44.17291498,City,22.6921003,32.58498086,Off,Eco,3,High,323.6506109
69.09145523,2015.411174,294.388233,20.27726944,City,10.68333439,18.24958307,Off,Aggressive,1,Medium,395.1081098
91.63259342,2256.862562,150.5284278,29.37516371,City,121.6595227,16.28785893,Off,Eco,3,Medium,501.8172399
84.66363013,2288.146419,252.4416404,25.2323163,City,143.0706425,20.3837288,Off,Eco,2,High,486.0350675
65.67221651,2122.53378,164.2874312,37.67116822,City,74.56199784,27.13890826,Off,Normal,5,High,359.6258843
51.8901333,1658.815902,268.6880812,27.62757208,City,135.9351735,17.46175707,On,Normal,1,High,286.3579123
109.76996,1915.820133,103.3578099,27.76995364,City,142.5917631,24.43189345,Off,Normal,1,High,656.8662704
64.09450418,1240.548109,287.4446825,34.65014432,City,187.0684563,27.54674221,Off,Normal,5,Medium,359.0186287
66.11096195,2010.468126,112.50521,39.58067118,City,12.97472757,31.97473985,Off,Eco,1,Medium,398.7294653
43.0899057,1268.879884,138.2929217,23.63914114,City,38.45834465,19.59739182,Off,Eco,5,High,253.407958
93.5847639,2040.924386,241.4861362,25.26534357,City,13.70519752,31.34692647,On,Normal,1,High,507.4284732
85.49457806,1344.397241,154.501234,27.41524234,City,173.5987867,19.69812522,Off,Eco,3,Medium,524.3754122
47.66156902,1176.32695,205.9707304,49.21244642,City,158.517432,28.53533082,On,Normal,1,Medium,236.491686
36.59048365,1247.926735,166.6976403,31.914575,City,114.9284141,23.61347143,Off,Normal,4,High,184.0532288
84.43994417,1002.988203,238.1687849,37.96970272,City,16.73268201,17.29362485,On,Normal,5,Medium,467.2539771
82.36089714,2078.109427,114.7995006,27.24628438,City,54.66247173,29.28526926,Off,Aggressive,1,Medium,443.4257382
51.86076216,2098.601574,74.02991694,34.71378575,City,59.54396961,19.35525237,On,Aggressive,5,High,237.1798303
106.069085,1772.400025,131.9830554,22.22357523,City,112.1486392,18.53246852,Off,Aggressive,4,High,619.3021111
42.08463134,1242.044202,173.8340796,21.04226438,City,51.60877881,22.16645857,Off,Eco,1,High,245.1359632
64.58678408,1125.331506,100.3248125,34.0620058,City,14.59197278,28.0658049,On,Eco,1,High,385.2235275
105.4892736,1028.69345,145.1513495,31.95977863,City,146.1524604,19.67992958,On,Normal,4,Medium,597.3044287
63.57818535,1248.622265,155.9959244,24.10640959,City,59.81604233,18.67323078,Off,Aggressive,4,High,345.4088056
81.08207581,2336.283302,73.77404249,40.62804287,City,90.4748354,15.19907251,On,Aggressive,4,Medium,429.6879234
61.80755184,1362.305263,199.9937396,49.78710473,City,25.533327,24.43286194,On,Aggressive,5,Medium,313.2836879
51.93721619,1531.406991,272.2424227,31.86940464,City,160.5096607,23.57291139,Off,Eco,4,Medium,292.0518618
108.7182118,1158.018227,96.41829911,38.73675908,City,113.1063754,19.67735487,Off,Aggressive,5,High,624.2017928
62.74672051,1333.541957,203.4739232,48.88927827,City,180.3171252,16.07304328,Off,Normal,3,Medium,329.6307162
101.5279363,1778.836856,219.5374092,44.94604917,City,99.09431261,23.58511749,Off,Eco,1,High,621.9921361
48.39636847,1911.629025,160.6403233,33.9065667,City,188.2851344,30.76410222,On,Normal,1,High,263.7672206
47.04837632,1368.028471,228.263421,42.12468453,City,178.3736409,29.30564263,Off,Eco,2,High,285.227866
32.49072663,1086.598239,158.5755704,23.84405121,City,115.2919713,32.2158978,Off,Normal,3,Medium,146.6516558
82.13334603,1586.549304,181.1129491,35.36311566,City,186.7786876,15.19165375,On,Normal,4,High,460.3808382
59.4821075,1351.305056,61.76473069,28.37180832,City,64.61774946,34.32838634,Off,Normal,4,High,314.8647886
99.14865999,1329.330885,226.0128274,24.83491064,City,73.12843254,21.82824505,On,Normal,3,Medium,590.7813348
67.85679254,2439.794204,218.7222429,32.78842719,City,9.095590261,34.80795592,On,Aggressive,4,High,335.0767243
107.4554742,1924.450729,69.21621056,23.93043663,City,117.8401814,20.05238921,On,Normal,2,Medium,598.5720807
44.84204126,1835.317665,148.3800258,40.96955325,City,144.384794,24.43072775,On,Normal,5,Medium,196.6457014
99.48985344,1623.662655,294.9676418,33.68720132,City,154.703838,22.07855353,Off,Aggressive,1,High,596.5139005
92.12774822,1643.4165,160.976775,35.93433898,City,29.96325721,22.1152143,Off,Aggressive,3,High,528.3648096
91.67374757,1811.357506,180.4668972,24.39127816,City,88.83181446,31.84564197,Off,Eco,1,High,582.1055106
97.58265825,2044.644711,278.383238,24.19314983,City,35.37264242,29.92837879,Off,Normal,5,High,552.4115682
90.88191928,2053.219144,232.1428502,37.50246306,City,132.4254698,34.8430287,On,Eco,3,Medium,505.0148522
80.09762573,1257.540862,199.6968315,49.55029243,City,31.58927448,27.27029365,Off,Eco,5,High,443.4598999
40.49959021,1750.169128,251.4731235,22.8875175,City,180.8327368,24.26513209,On,Normal,4,High,183.1078238
32.60209436,1617.937143,267.4479039,28.57194286,City,46.12692913,16.80147726,On,Aggressive,4,Medium,106.6440634
103.6678278,2305.790449,169.6531372,46.0837735,City,58.28045326,34.93122839,Off,Eco,4,High,596.2677892
79.33202516,1947.128382,174.0260076,22.16816037,City,170.1812644,26.03061306,Off,Aggressive,5,High,414.2577391
93.72298328,1798.7561,152.6522246,46.27657164,City,91.69352203,29.00954939,Off,Aggressive,5,High,525.2177218
68.52178812,1173.091963,292.0094736,35.7285795,City,4.79918916,23.13484774,On,Aggressive,5,High,367.1356356
39.38465512,1908.456834,227.319901,32.24800322,City,98.91725024,25.95431416,On,Eco,1,High,216.9577036
40.01486338,1175.805859,79.97353589,29.29041693,City,16.90866708,33.85155464,Off,Aggressive,5,Medium,174.8510008
84.84522298,1505.809863,267.1103096,28.91351474,City,197.0689437,18.32838876,Off,Normal,4,High,492.396806
64.42447159,1214.262947,175.3343858,29.17407747,City,117.6223141,20.84745169,Off,Normal,2,Medium,365.520486
46.04197814,2038.110471,76.50093754,46.54409243,City,51.30652352,18.04119456,On,Eco,5,Medium,232.789968
69.32756374,1309.378171,191.9321412,41.71385691,City,112.7435359,30.84431808,Off,Eco,2,Medium,390.6051158
35.13671497,1587.78906,160.119427,40.09169023,City,15.37342068,16.24090521,Off,Normal,4,Medium,155.9517396
76.55771215,2343.512166,270.6598572,43.96247447,City,159.9782609,16.632633,On,Normal,5,High,410.427852
51.51947235,1306.474575,108.9587049,27.71343989,City,185.0656108,20.96988226,On,Eco,1,High,289.9882958
93.80472805,1761.707596,258.3515063,38.54128436,City,174.8888776,25.28376362,On,Eco,1,Medium,556.6272797
54.82895671,1628.907492,193.8452859,33.80198717,City,68.35152046,23.12549601,Off,Normal,2,High,298.1725501
66.41761193,1027.186062,73.10647277,43.47324906,City,65.15362393,15.89632621,On,Eco,1,High,386.656145
30.92964319,2189.13717,293.2428723,29.27768331,City,7.017522243,34.14983116,Off,Aggressive,1,Medium,161.7333212
35.79575102,1103.568859,183.0276586,39.29535851,City,130.2800717,34.05739041,Off,Eco,1,High,187.2499201
61.39948451,1711.382531,129.810445,46.46637235,City,106.9809568,20.58712646,Off,Eco,4,Medium,338.5908442
68.39510678,1841.017442,172.6576421,32.06451429,City,91.86927427,29.63051231,Off,Normal,1,Medium,367.7848385
78.00164385,1942.639685,265.885868,21.99866262,City,181.5261907,26.57150823,Off,Normal,3,High,468.4203415
53.3330063,2032.947444,133.1767499,35.48152467,City,33.57578022,19.7495339,On,Normal,5,High,242.7138604
85.59855089,1379.908575,106.2423352,30.37917463,City,1.933253338,20.24343103,Off,Normal,1,High,507.7715374
98.80979178,1014.968165,90.97709926,40.16676142,City,14.66329042,24.82306349,On,Aggressive,1,Medium,556.0555094
92.38807911,2085.165494,131.4862556,48.53098774,City,44.67428757,23.38473883,Off,Normal,1,Medium,526.9070778
33.16950603,1803.484899,247.2115409,34.56824954,City,6.657109853,20.82458656,Off,Eco,3,High,206.1538666
68.44055578,2254.176555,173.1903276,33.9857069,City,100.5687421,31.15023193,On,Normal,1,Medium,367.1148361
38.39441427,2232.082544,114.5955849,39.63754401,City,62.81809105,24.62925835,On,Aggressive,1,High,179.7633152
49.36360127,2264.989252,99.88439991,23.10492511,City,36.09660161,28.09696125,Off,Normal,5,High,247.860545
108.9330075,1727.64199,139.8550744,27.60518567,City,150.016815,18.78547,On,Eco,3,High,622.1777754
41.39964343,1500.442594,285.5818495,47.56937977,City,40.89026525,25.67015325,Off,Normal,3,High,215.2183865
69.91105228,2187.337304,142.326411,40.0982784,City,137.5210202,21.35952099,On,Normal,1,Medium,393.6262891
79.45245875,1676.94117,297.1497782,20.40332132,City,69.85298117,25.52827221,Off,Normal,3,High,461.7324733
86.19719764,1275.163295,176.4553094,26.13876418,City,102.3655521,30.61651667,On,Eco,2,Medium,484.3985598
74.77189468,2282.461029,102.9993404,40.48511798,City,186.773408,30.3782642,Off,Eco,3,Medium,427.7953057
30.78166779,2323.839815,273.873622,42.93197608,City,7.470326963,22.08441356,On,Normal,3,Medium,108.9275786
56.11690466,1699.464634,170.4852896,45.19578718,City,100.0529015,28.88554234,On,Eco,3,Medium,311.9359242
71.41693147,1113.549591,230.3211224,28.7653041,City,170.8845921,33.82579901,Off,Normal,4,Medium,387.8568246
37.02931993,1581.739135,296.09078,47.93085789,City,117.5948497,27.5133866,On,Normal,4,Medium,151.899277
58.0501545,2205.306489,72.04208408,36.58840681,City,55.37410339,17.96820247,Off,Eco,4,High,298.1788954
32.6562487,2352.661043,83.20669435,40.89617067,City,79.53622703,28.59417259,Off,Aggressive,3,Medium,139.0256893
36.28627977,1305.209114,232.909618,37.90216588,City,136.0531257,17.09808773,On,Aggressive,2,High,188.263624
61.7538621,1100.460418,127.6380008,23.68220164,City,178.1623789,32.44220818,Off,Normal,3,Medium,351.9308673
40.61726032,2316.02568,104.2323353,48.89343978,City,8.213274749,25.33320992,Off,Eco,1,High,250.9075601
75.40326786,1584.107408,69.44685116,23.6862674,City,14.30776438,22.70281473,Off,Eco,2,High,454.1178257
85.15719753,1812.641446,65.24321088,27.64645869,City,65.01030472,16.14013189,On,Normal,4,Medium,425.9509782
94.04693593,2452.098718,245.8765447,44.40883641,City,46.55593689,22.61567469,Off,Eco,5,High,540.0284211
46.01201954,1099.847092,92.26402257,38.55790885,City,52.98617724,33.06413336,Off,Aggressive,2,High,247.3008014
43.39860658,1972.477011,172.2529478,45.14447496,City,44.25399973,15.41965993,On,Eco,4,Medium,222.3610918
38.36542723,1111.158134,205.4152356,35.47208565,City,39.16500977,24.49296316,On,Normal,2,Medium,185.6093091
80.91441996,1563.203393,162.8044321,31.30979706,City,26.12479337,33.62316182,On,Normal,2,Medium,439.5793078
86.51805812,2205.721818,66.50559656,47.65536499,City,186.7908264,22.89682,On,Normal,3,Medium,468.4663451
32.52689159,1650.208349,248.0403606,21.08756953,City,28.83789278,23.56351375,On,Eco,1,Medium,166.2375796
104.8969797,2495.773531,62.52317389,45.68390661,City,40.88075495,26.5712011,Off,Normal,5,Medium,597.2960459
34.15770269,1838.588927,242.8535747,26.92453356,City,49.2531448,24.25874667,Off,Eco,4,Medium,174.465325
73.30370682,1481.743229,274.3930785,45.46208983,City,186.6029746,18.37203382,On,Aggressive,2,Medium,372.1291216
86.72484156,1330.166989,163.8815811,24.1758984,City,151.1428267,15.37111078,On,Eco,5,High,489.9338872
99.6775299,1525.780801,188.5301935,37.40656891,City,157.9398861,27.19623316,On,Aggressive,2,Medium,541.7621812
87.12695457,1558.799911,174.4760142,46.64323757,City,20.95165191,33.41613174,Off,Aggressive,1,High,499.2711842
94.13824665,1103.070517,153.4100685,34.20618941,City,167.261975,17.12728266,Off,Eco,5,Medium,531.8694729
57.1560154,1554.361299,272.9818885,42.39700021,City,81.63861636,19.21905439,On,Normal,4,Medium,288.4839551
95.1860091,1696.35778,274.5440426,44.14014854,City,52.56460524,22.40458972,On,Eco,2,Medium,526.4148697
36.40918771,2084.106628,140.5959275,42.09482626,City,115.1500167,31.17484458,On,Aggressive,1,Medium,165.5044644
101.5853325,1985.094227,207.616741,47.75989211,City,164.4365812,20.38520633,Off,Normal,5,High,588.1457014
73.80739009,2063.148483,282.4578149,33.40502692,City,155.7304302,32.64108809,Off,Normal,2,High,427.1309574
95.3838216,1012.545523,290.8940397,25.19376317,City,177.9994965,16.09915749,On,Normal,2,Medium,531.286342
66.18546276,1326.501099,182.1501697,21.43433191,City,185.6264372,33.81913243,On,Eco,4,High,356.7917369
81.48621562,1992.526433,168.6779533,27.39379609,City,47.62441429,26.21494156,Off,Aggressive,1,Medium,471.9853238
72.11221287,1725.984052,126.8866358,24.29592512,City,84.77157883,28.17555357,Off,Eco,3,High,431.413484
88.52716174,1007.970214,290.1292496,36.73846224,City,2.925707841,22.35379045,On,Normal,2,Medium,518.5769218
36.53039856,2206.741964,94.27543307,25.54836012,City,175.8643319,30.63988571,On,Normal,5,High,134.5230852
34.82816672,2159.21436,199.1590983,21.16801122,City,30.91443029,18.331325,Off,Aggressive,4,High,167.9135741
49.76825872,1822.628744,127.8120642,21.07969487,City,172.2949625,15.97823651,Off,Eco,4,High,280.0267045
42.76357441,1099.694989,126.9619897,44.94708495,City,65.8774644,22.91033886,Off,Normal,2,Medium,227.4267971
99.74268533,2149.772574,157.192461,37.74349794,City,73.626718,32.07391428,Off,Normal,2,High,591.4086777
47.53711899,1875.570382,299.7103046,30.74255906,City,7.826450897,30.09853673,On,Normal,2,Medium,240.0401806
108.0692205,2172.939966,73.19191364,46.82684128,City,65.37575795,25.34311941,Off,Eco,3,High,625.6077431
56.95166334,2127.620489,198.8500364,22.10589834,City,177.6727366,26.44275494,On,Eco,2,Medium,314.9796921
44.56943326,2204.503108,79.81731793,49.40966218,City,5.109480224,17.59785653,On,Eco,1,Medium,246.0996953
93.17588057,1777.0121,97.0849992,38.48875371,City,81.26549461,31.81363017,Off,Normal,5,Medium,519.4782074
82.69662204,1210.486777,165.495106,25.50392762,City,6.279925963,30.73919366,Off,Eco,2,High,512.8935801
69.85565732,2006.73621,182.5104315,40.37207297,City,74.18468502,28.12940788,Off,Normal,3,High,390.3510925
74.42908408,1930.710678,122.110178,42.90143779,City,34.52812816,24.32382073,Off,Eco,5,Medium,420.5164977
87.53614226,2113.379781,135.9497114,32.8802835,City,50.44367865,34.28918537,Off,Aggressive,4,Medium,460.3897829
48.27637931,1254.821509,80.87208486,45.84897819,City,175.5196746,32.58063944,On,Aggressive,2,Medium,262.7274359
109.7067133,1292.4628,132.7727481,24.52197222,City,87.20984412,27.88860987,On,Normal,5,High,611.2362864
107.983453,2335.614276,291.9740255,28.36512751,City,54.75959828,22.43601995,On,Normal,4,High,601.2279409
82.02605491,2124.966698,286.7297716,22.80477085,City,117.8676756,27.36044557,On,Eco,3,High,462.4377387
45.96339607,2362.342733,140.3707896,26.32633522,City,28.42139197,26.50881853,On,Eco,1,High,243.1676983
84.41825939,2138.072982,197.0049447,27.16186436,City,51.87832148,22.88483976,On,Eco,2,High,471.3743337
35.77587272,1895.732959,278.3028939,47.52899573,City,109.2495935,21.13347943,Off,Normal,1,Medium,189.6467028
32.45220018,1981.199106,61.48411743,22.34329066,City,47.50460837,23.14021584,On,Normal,3,Medium,145.8701729
50.61463108,2333.691886,254.5640569,32.82245361,City,135.8255475,26.47822812,Off,Aggressive,5,Medium,248.0499182
67.00983654,1868.210132,287.6086927,35.97196062,City,98.29826045,23.56269689,Off,Normal,5,Medium,357.702752
99.46180043,1948.586986,81.91817624,46.96079161,City,154.3978141,20.27148976,Off,Normal,3,High,573.1377678
88.17352558,1234.715074,98.74744465,49.93088656,City,189.6489071,30.21926636,On,Normal,3,High,469.5379825
89.4165217,1710.88183,290.5791127,42.60164345,City,23.16097787,25.62934992,On,Normal,2,Medium,492.8616308
64.03946676,2074.595668,189.0096345,49.12372972,City,66.933002,16.35350326,On,Eco,4,High,343.3947075
57.6747994,1406.414047,63.40719227,43.61303398,City,63.90981258,22.36633011,On,Normal,1,Medium,302.0582553
59.68310104,1303.381271,121.8316797,48.89607923,City,30.23658387,32.69826914,Off,Normal,1,High,348.3743741
109.0119651,1470.740212,167.9864818,41.21812178,City,162.0606275,30.10473062,On,Normal,5,High,602.0677865
33.20873531,1362.250942,226.2981386,22.39290276,City,151.9757408,21.46493568,On,Aggressive,5,Medium,121.6191249
99.36251969,1322.368956,235.9584908,32.05760561,City,96.88509417,33.76366304,On,Normal,2,Medium,566.8752407
76.29403269,1637.276264,298.9011631,39.39791851,City,107.5541556,16.53205817,Off,Eco,3,Medium,446.8957239
65.08923354,2361.757771,129.0026879,30.52155528,City,11.9088276,34.22469408,Off,Normal,1,High,391.0173612
88.02061283,1760.58947,189.1728244,28.20151754,City,111.1014705,19.91410185,On,Normal,2,High,526.4062695
68.93351531,1281.880571,187.9976515,37.32197801,City,158.2683048,15.18188361,Off,Eco,5,High,398.092802
99.87385905,1115.457504,157.3548623,48.0050563,City,114.7655147,23.67616073,On,Normal,5,Medium,521.0978976
102.0561491,2044.234218,100.5988545,21.04945621,City,53.06127402,22.17940859,Off,Aggressive,1,Medium,581.7958193
63.73767415,1574.198147,294.5895752,43.07693611,City,133.5096545,25.7817801,On,Aggressive,5,Medium,303.1159414
52.14622378,2232.74642,264.7961248,41.68181834,City,72.29768599,30.93545721,Off,Eco,5,High,269.4048818
77.38802629,1989.266153,179.5999268,48.91860276,City,108.9746569,31.84861604,On,Aggressive,4,High,406.9623581
102.9890676,2194.362176,204.7789014,47.92133667,City,97.51307266,23.02459999,Off,Normal,3,Medium,598.2151176
46.85297512,1407.919059,114.5426529,42.86697686,City,76.23500019,23.59691487,On,Normal,5,Medium,207.7571529
79.83732669,2038.538384,190.5088969,35.61226294,City,143.7755961,17.96355461,Off,Normal,4,Medium,460.4417339
80.52481761,1396.092977,226.7928319,26.1280266,City,176.7752224,15.95095218,On,Aggressive,2,High,461.8530076
88.64904179,2408.602719,183.6400868,36.35707155,City,1.042503695,27.8242998,On,Normal,5,High,454.2456449
40.52541481,1954.561422,297.6684409,42.96055982,City,186.7233038,16.28875251,Off,Normal,2,Medium,191.5143513
87.26599717,1486.7677,206.7219975,46.87007638,City,102.3030272,29.67660239,On,Normal,5,Medium,478.7788424
102.7226017,1404.267793,149.033691,43.69136028,City,140.1463761,25.7818029,Off,Normal,1,Medium,617.9134239
44.37464871,1286.389878,245.3164866,25.85800806,City,171.1249132,18.97165956,Off,Eco,4,High,250.7800517
49.00346599,2041.961438,100.9110028,37.99058943,City,93.42073846,25.79045887,Off,Aggressive,4,High,246.8520466
107.7116075,1328.073419,152.2837953,29.96520379,City,166.9948147,18.65995433,On,Normal,1,High,625.8170051
44.47815622,1892.954899,143.2701481,20.27617002,City,35.52396389,23.77474415,Off,Normal,3,Medium,245.2808637
98.35080747,1396.95254,163.6337028,26.00662807,City,31.8335069,30.99120632,Off,Eco,4,Medium,577.6924158
69.38222852,1992.953417,247.6271582,23.3966195,City,131.4942738,24.23838587,On,Normal,2,Medium,396.9685603
49.77848595,2222.409593,176.2015277,45.28157371,City,174.0286011,17.97398637,On,Eco,4,Medium,237.3551088
99.6599921,2167.037865,250.5634681,27.75518756,City,178.4852355,29.47657364,Off,Eco,3,Medium,586.3610807
65.6244204,2141.276996,198.3573368,28.54093907,City,128.7480917,18.73536833,On,Normal,2,Medium,366.1308626
71.18538831,1281.583609,142.0966643,48.79809715,City,105.097846,29.77099749,On,Normal,2,Medium,386.8481601
58.73866955,1132.57742,254.3948985,31.37260169,City,66.27861754,24.58704578,Off,Normal,1,Medium,347.5603193
77.43606811,2048.423243,117.1895209,20.2875692,City,196.0000831,24.07483518,On,Eco,5,Medium,427.6069605
43.08190981,1552.520821,113.8519152,28.51538445,City,63.93913733,32.02870076,Off,Normal,1,Medium,235.1116307
61.28652293,1648.51934,181.0807018,23.57898742,City,148.8372214,29.17207049,On,Eco,5,Medium,304.5553805
107.5529858,1046.723639,122.603819,23.08425685,City,106.39636,15.65821594,Off,Aggressive,1,High,626.2065647
50.65067462,1389.364674,62.18088839,22.3246187,City,121.7024685,20.92348629,On,Normal,5,Medium,228.0062929
82.53893316,1050.514606,215.5914066,37.79778411,City,78.69611012,32.41841322,Off,Normal,4,Medium,436.8927487
56.01520514,2318.778659,182.6625172,25.68043171,City,192.9646251,15.36652337,On,Normal,2,High,313.8563834
91.87785005,1365.095025,166.9242755,30.83728382,City,114.3364652,25.90506893,Off,Eco,5,Medium,499.1586717
40.46989286,1836.005754,292.0724435,45.86053148,City,187.5575261,29.55651338,Off,Aggressive,4,High,216.6474556
107.5856836,1058.468981,197.0878042,32.73014419,City,1.518283235,27.43712171,Off,Eco,3,High,636.3380631
66.30316331,2000.271087,267.2235787,47.4707405,City,114.5341166,30.21064404,On,Normal,1,Medium,356.1722768
48.88403707,1484.541019,93.46805669,34.9381416,City,143.4373779,29.51383698,Off,Normal,3,Medium,238.9691985
35.87973979,2346.87878,196.6095512,31.96509845,City,149.0160342,28.8406139,Off,Eco,4,High,192.959097
43.58063241,2332.177283,268.3151104,42.51166781,City,180.9953764,31.43079722,Off,Aggressive,3,Medium,208.264877
71.58191588,1487.935928,199.9453817,22.19525296,City,0.880321801,27.91381337,On,Normal,3,Medium,389.4594979
56.96025411,2351.441344,232.3234028,22.68435149,City,0.066031852,23.04836989,Off,Eco,4,Medium,307.0783542
96.31066927,2494.23651,149.2904563,39.55921142,City,94.45269216,24.4381822,On,Eco,2,High,563.3757277
64.47100189,2238.123496,82.18788409,34.6082214,City,5.858741001,29.33449565,Off,Eco,5,High,347.9309379
49.89714181,2267.307022,169.8960708,43.71245751,City,194.9065107,32.52612059,Off,Aggressive,1,Medium,265.7673066
79.37159893,1373.513104,154.6750538,47.48812512,City,44.41303491,20.44437602,Off,Normal,5,Medium,439.8617605
86.54217735,1865.053598,268.0944438,31.65100633,City,94.53294587,21.84153592,On,Eco,1,High,526.8694431
43.36335263,1100.883871,118.5588726,37.8923008,City,12.227526,33.61478793,Off,Eco,5,High,241.1403747
43.4095373,1142.376905,292.0162146,35.02089883,City,104.4096832,26.57023585,Off,Normal,3,Medium,228.7406882
32.93371415,2498.338918,289.9531488,49.44831967,City,75.99122503,18.57923634,Off,Normal,2,Medium,163.0953997
88.91216121,1489.958874,119.4315943,44.93253222,City,8.932005775,28.27390278,On,Normal,3,Medium,493.9481614
83.10436221,2122.275868,143.5324693,47.35213125,City,67.02485334,34.81524311,Off,Normal,2,High,491.472494
67.97047006,2209.99758,274.9333778,27.63020263,City,78.28720404,31.46907129,On,Eco,4,High,360.6657894
97.53363592,2287.034907,291.989333,43.17579269,City,197.9842983,29.91482273,Off,Normal,1,Medium,583.7204171
94.45361224,2496.442446,166.4253847,27.96419675,City,41.57717438,19.16093309,Off,Aggressive,1,High,539.0479591
76.82834915,1362.244728,137.039291,26.262276,City,108.9559231,32.52279569,Off,Eco,4,Medium,447.011882
99.46170244,1060.52624,186.2625632,48.32798479,City,197.4631098,25.51577687,On,Normal,5,Medium,545.6277001
46.4672968,1616.787277,225.0646095,20.5791325,City,158.4038416,32.78580044,On,Normal,4,Medium,214.3235397
38.95356955,1195.121005,125.6338837,48.96166111,City,198.6735002,21.59655659,Off,Normal,4,Medium,165.8391931
51.57996892,1033.638834,236.7535619,24.47785691,City,193.6596629,16.24102105,On,Eco,2,Medium,276.2658683
34.56694849,1540.640241,72.39776571,44.58314245,City,97.90790842,24.51951937,Off,Aggressive,4,High,119.4637099
72.49356224,2175.607377,71.83067826,28.27767659,City,139.27517,20.3967521,On,Normal,1,High,405.6048938
104.9284554,1849.271037,152.7090492,30.52106982,City,22.08862539,29.3045858,Off,Normal,3,Medium,592.5052842
33.14748325,1469.166984,144.8335661,26.50273134,City,88.22976501,34.14213106,Off,Normal,2,High,221.4173744
39.76879312,1981.513008,135.7519717,37.56542127,City,161.8037085,28.81948302,On,Eco,2,Medium,216.4798509
66.17592226,1348.02727,177.844743,30.44286643,City,101.0670642,32.73867859,On,Eco,5,High,354.5654483
104.7100014,1021.572169,136.9760598,39.72179118,City,140.5398066,24.06048027,Off,Normal,3,High,629.5824065
55.2924884,2146.53008,106.1419004,20.46941954,City,149.150266,30.43281474,Off,Eco,2,High,335.422168
70.5787847,1935.614627,134.2726918,21.93124651,City,50.69382825,31.86086873,Off,Normal,4,High,380.5265216
33.32582872,2143.453937,293.9770255,22.98983458,City,175.1398746,29.21751255,On,Normal,2,Medium,145.5128772
41.86745608,1058.407025,158.6672201,32.56981056,City,91.96448618,25.15554572,Off,Normal,2,High,245.3749375
108.9304098,2255.679442,166.7310664,44.44388518,City,42.03702072,27.51732219,On,Normal,2,High,610.3348149
107.2094957,1929.2893,198.3707976,46.64533731,City,173.0831764,29.01013991,Off,Normal,5,High,613.7178055
30.39519847,1845.093026,296.0017844,27.3443222,City,83.56376122,20.06168806,Off,Eco,2,High,180.2967898
106.1449428,1936.921072,117.9843063,37.23109173,City,150.0624877,31.19158522,Off,Normal,2,High,621.9001537
81.12959503,2296.64987,223.5077065,43.05094978,City,109.6066144,34.00649078,Off,Normal,5,High,449.8444427
99.43346356,1880.40476,231.8363265,28.6648829,City,76.37435045,24.3047863,Off,Normal,3,High,592.199997
66.37918845,1871.42557,205.75786,32.2702321,City,161.975283,29.02134366,Off,Eco,1,High,409.3200779
71.24768229,2486.018736,81.25880151,35.71922608,City,116.8939863,29.74051812,On,Normal,5,Medium,371.2832822
69.10772642,2135.095251,222.4493462,24.04624539,City,78.11242049,28.24495095,Off,Eco,5,Medium,385.1117174
83.3491406,1663.440708,75.38273065,20.77946881,City,21.91957407,25.94230217,On,Eco,2,Medium,487.5137263
41.17210038,2061.0955,203.0742359,24.58417428,City,179.0890628,32.63295909,Off,Eco,2,High,208.2734186
32.39788719,1583.845708,237.4994825,38.80560864,City,7.093917068,23.97853419,On,Aggressive,1,Medium,164.3853448
54.63439533,1343.313194,110.6327737,22.20854785,City,172.6374697,16.22205913,On,Eco,2,Medium,297.3828667
86.37446102,1895.277815,261.9892818,25.69089095,City,71.99230498,31.89112751,On,Eco,4,Medium,471.1682258
46.14827617,2392.273147,67.28491333,30.13561657,City,127.8677527,28.47962545,On,Eco,2,High,256.3712719
83.87459467,2393.70928,262.5150873,22.33610193,City,184.4399448,31.98517253,Off,Eco,2,Medium,504.2143753
107.5929637,1512.857917,170.4789722,25.75097813,City,30.3413231,17.77094885,On,Normal,4,Medium,589.715293
37.51205726,1791.516199,112.2211056,47.33809367,City,113.3900951,15.61505881,On,Eco,1,Medium,193.9817619
83.80816946,1317.453848,92.1067548,20.57897397,City,152.8865725,33.68749081,Off,Eco,4,Medium,485.4430227
65.50001754,2493.446664,288.7937202,39.60295773,City,151.5167665,17.95456612,Off,Normal,5,Medium,345.3607988
99.45138035,2471.676862,77.43974102,31.53226793,City,105.1263829,31.19304664,Off,Normal,4,Medium,588.9855509
44.17198316,1974.263395,107.7824208,40.17946218,City,124.947892,31.46419884,Off,Normal,3,Medium,228.5111263
85.41007618,2206.62109,143.4773634,37.66075161,City,151.5053988,29.17410401,Off,Normal,5,High,473.4929725
97.04922317,2072.650242,208.8563638,26.70496263,City,168.2055276,17.62524422,Off,Eco,2,Medium,568.034262
105.5691376,1889.737329,190.7522605,45.41628463,City,152.3626194,28.34797249,Off,Normal,5,Medium,582.1994259
84.65984226,1080.021995,90.15443818,34.75821148,City,70.80098864,32.78173167,On,Eco,1,High,501.4252601
69.77398112,1682.146514,129.5347161,44.67608057,City,199.3452802,23.5106329,Off,Normal,1,High,398.1574269
79.42777922,2012.179453,117.3004251,32.18037609,City,86.90053874,23.27033709,On,Normal,4,High,427.4828476
99.51239876,2016.297421,111.2502851,49.54056662,City,4.892940552,23.85716619,Off,Eco,5,High,575.7738835
75.64877973,1559.683928,158.6746408,43.11468076,City,72.52339032,16.64543781,Off,Normal,2,High,437.6347573
32.43096478,2412.53798,228.9675486,48.97850615,City,25.55659091,32.84051138,Off,Aggressive,1,Medium,159.0390299
104.4758956,1251.035548,112.1887037,35.42979437,City,24.28852315,32.38365728,Off,Aggressive,2,Medium,604.8022473
85.16214008,1750.539169,148.0029311,34.21073397,City,56.30700802,34.95818644,Off,Normal,3,Medium,494.8249868
84.12107086,2036.325965,153.8201824,42.66361428,City,10.67509884,26.70366283,Off,Normal,1,High,533.3464798
47.25401219,2045.703709,294.3495671,46.40873789,City,137.7024377,30.02383273,Off,Eco,4,Medium,267.0338347
82.71083762,1972.958435,289.1199257,48.92437388,City,14.79777684,19.05343813,On,Eco,3,Medium,454.8684236
61.50915245,1412.93232,252.0330199,29.73655718,City,40.65791109,28.35057636,Off,Normal,5,High,349.6118712
82.09863816,1234.309853,117.998141,43.96113722,City,18.5799429,27.99465698,Off,Normal,2,High,463.2020482
38.52744242,1953.91049,76.32895538,26.31936793,City,12.63354618,33.02417472,On,Aggressive,1,Medium,176.4757899
82.62762437,1898.953174,136.0569931,36.3672304,City,53.55033311,31.61585446,Off,Normal,3,High,484.4036461
109.9530981,1269.034015,124.0306919,25.39544445,City,114.3797935,33.76932925,Off,Normal,3,Medium,651.8068483
33.85696311,2057.708718,181.422192,30.42192085,City,192.9371113,32.37666945,Off,Normal,1,High,193.8070636
108.1739347,1682.757988,246.6546984,47.94075102,City,175.1113309,32.3738779,Off,Aggressive,5,Medium,589.9986288
62.55263686,2001.640887,265.9975053,24.38272099,City,175.1867851,16.27446653,Off,Normal,5,Medium,324.1998902
99.66027603,2256.05062,262.7673805,38.97202685,City,35.21340721,31.91923905,Off,Normal,4,Medium,568.7773617
92.59083872,1254.592643,146.3221347,37.78862819,City,52.9814387,27.14956789,Off,Normal,5,High,519.6464211
75.36130088,1028.717302,224.9362424,23.62215058,City,15.27866336,22.60888904,On,Aggressive,4,High,411.7737092
89.07593674,2168.65388,135.0802074,29.77937131,City,155.693668,16.13029249,Off,Eco,3,High,521.3771948
100.2812449,1914.546138,74.61733038,36.88944514,City,13.9632603,28.5534755,Off,Aggressive,1,High,583.0807534
62.33122573,2049.459354,228.3756637,25.61535827,City,111.3391342,21.56403501,On,Normal,5,Medium,290.7505157
56.16265293,2257.232462,62.35861262,44.01870969,City,49.57511446,24.3555253,On,Normal,4,Medium,289.8797411
83.40747085,2204.216402,158.203821,49.16469529,City,48.68912681,28.63456874,Off,Normal,3,Medium,474.7347181
94.62767536,2441.38022,139.0510246,26.442782,City,198.145011,33.23549094,On,Normal,5,Medium,479.4286372
90.98281078,1803.902618,226.4106092,25.60735894,City,151.3559614,31.50873831,Off,Eco,2,High,552.2754829
93.82509191,1732.743449,243.8989135,33.64805215,City,167.3878717,24.01194258,Off,Aggressive,3,High,526.7013336
64.84666519,1602.8308,132.9827126,42.43295831,City,114.3965371,22.75566315,On,Normal,5,High,341.1096893
95.42673729,1230.536564,254.7904835,28.44801831,City,174.2028575,19.79559478,On,Normal,3,High,536.1346719
39.61672443,1858.910849,130.5400225,20.59639726,City,129.0981078,22.44853502,Off,Eco,1,Medium,219.9411654
73.55912784,1415.518786,167.1183264,36.23661884,City,189.234741,17.22092775,On,Normal,1,High,437.4574422
30.46069284,2381.961268,234.4844465,48.69801703,City,56.26771721,34.42211017,On,Normal,1,High,164.6204643
55.96686639,1874.786206,226.300855,31.73830566,City,119.0639092,26.47834888,Off,Normal,2,High,313.9728007
59.31692279,1889.260271,296.9684334,32.60403663,City,138.0262696,17.55611686,Off,Normal,1,Medium,344.0038174
61.69381533,1532.386991,114.0386458,49.06705151,City,78.58746101,22.05612019,Off,Normal,2,Medium,337.0901292
85.63737654,1077.984028,218.9562992,40.83822835,City,175.9415965,25.94078287,On,Aggressive,1,Medium,447.8310908
61.0846481,1047.615648,206.323658,41.57515769,City,195.9606326,25.65771273,Off,Normal,3,High,357.4969008
65.89548981,1635.002716,279.6236291,36.88106016,City,98.75389827,15.71006737,On,Aggressive,5,Medium,311.3056451
49.00353047,1126.848067,97.52691399,49.23827633,City,78.12813096,34.01682068,Off,Eco,5,Medium,273.4391237
59.86014333,1910.270433,240.4315593,40.66599453,City,94.38758571,20.50751363,Off,Normal,1,Medium,350.27125
48.18157018,2321.459508,196.3844679,46.85098255,City,170.5473491,15.32369338,On,Normal,5,Medium,222.4265639
35.8556739,2324.372225,125.9198087,40.98136597,City,129.0936851,16.52888018,On,Normal,1,Medium,171.6724134
78.27588747,1988.568115,173.8643794,42.05347475,City,8.954474504,26.60389806,Off,Aggressive,1,Medium,454.2442554
83.45702388,1316.847747,140.1063833,28.71232766,City,108.4339821,17.75571041,Off,Eco,4,High,473.1081653
79.55922768,2294.495247,199.0352167,29.10436094,City,3.460024548,15.83449586,Off,Eco,4,High,480.1589363
67.0795235,2329.140153,273.3601466,43.48953949,City,155.7070742,22.59252933,Off,Aggressive,4,Medium,352.7269962
60.38286241,1294.980377,196.6331963,28.90118868,City,65.66245471,27.45522385,Off,Eco,2,High,378.6368598
99.06669197,2106.139129,211.6133804,36.88310212,City,94.40149642,17.2367961,On,Normal,4,Medium,543.5455756
71.52654281,1429.779323,184.4994833,27.48056933,City,159.7356212,21.26655664,Off,Normal,1,High,423.5094676
68.33455021,2203.960469,72.27972155,44.50950142,City,9.289763457,23.35521343,Off,Aggressive,3,Medium,371.3587788
32.05136526,2495.85685,115.8860537,23.31504054,City,31.70830712,18.18920196,Off,Eco,4,High,175.7869633
57.29982621,1045.039008,178.0804151,44.88339919,City,79.59207529,25.12147797,On,Eco,4,Medium,322.7598369
60.4156495,2346.048799,134.4564681,38.08189402,City,45.98503271,16.70428174,Off,Normal,3,Medium,324.3992586
61.90582247,1933.9458,103.6232635,25.60728604,City,67.58028516,15.93036993,On,Aggressive,1,High,331.9738366
76.41378954,2460.073929,180.9918821,36.26106157,City,199.6349476,25.39670734,Off,Normal,2,Medium,434.4284346
72.68820374,1697.514276,137.4743504,28.47496511,City,165.0828875,19.95793946,Off,Normal,4,High,374.4063664
78.63240742,2271.081896,121.9458344,29.70402004,City,176.780363,16.90747616,Off,Normal,3,Medium,436.241235
91.19066092,1093.591103,171.3565002,30.54584125,City,187.4109267,23.47825175,Off,Aggressive,1,Medium,519.9730521
95.0388591,1502.918575,91.98822194,21.89957741,City,68.18717606,33.30281479,On,Aggressive,5,Medium,545.0138374
87.4498461,1100.524807,282.6589759,49.57885053,City,59.41539156,29.48384893,Off,Aggressive,2,Medium,496.8332768
106.4418957,2463.0147,268.2485035,20.94603884,City,46.81249851,31.31231831,On,Eco,3,High,625.3553979
31.45860661,2225.460861,229.8289406,39.8749062,City,166.0233823,32.43827978,Off,Eco,3,High,144.3757974
45.66223885,2278.821132,85.49131862,31.13682943,City,135.9103725,34.45255483,Off,Normal,3,High,243.9130805
30.60503,2406.947847,246.2105411,39.38030873,City,47.2343965,30.26493147,Off,Aggressive,4,High,145.3076689
81.79797713,1127.655229,253.9097587,30.68744759,City,75.39876584,27.16815844,On,Eco,5,High,486.4017327
101.8424439,1578.396389,244.2635083,40.21251939,City,101.3423528,22.30851761,On,Eco,2,Medium,577.9065471
49.47858373,1106.552334,87.35181291,41.87706528,City,105.6280115,18.63286473,On,Normal,1,Medium,233.8260059
104.1627636,1316.189652,214.5379097,40.71657921,City,177.7455457,28.73319748,Off,Eco,1,High,620.2547834
34.82139122,1344.048666,260.237951,23.41885944,City,76.11322659,34.89899972,On,Normal,5,Medium,134.7069832
104.7548821,1703.660817,198.5648163,39.70679704,City,181.7048061,24.34717369,Off,Normal,3,High,598.5617912
58.12981498,1402.843251,215.1377701,28.39962648,City,88.27351206,29.47358736,On,Normal,3,Medium,315.0282672
38.11366628,1151.46716,170.0072351,20.86404112,City,149.274535,24.901849,On,Normal,3,High,189.7197237
68.86974073,1251.236634,186.8897568,32.44492016,City,186.050864,23.63866847,Off,Normal,3,Medium,368.8167161
50.54212542,1220.913345,68.250446,33.00629308,City,181.5151408,23.20611227,Off,Normal,3,Medium,290.7817082
52.78983216,2459.615197,213.3511253,34.015224,City,11.39057346,25.09249366,On,Normal,5,High,284.1851137
54.58319719,2138.93876,79.54733109,41.14472496,City,41.140859,22.33791324,On,Normal,4,Medium,245.1301864
94.24207183,2451.642198,164.4035026,29.26531427,City,95.38108511,29.97546644,Off,Normal,2,High,570.2596284
73.13290213,1659.61073,130.2372234,29.45841539,City,86.31085799,32.48544053,On,Eco,3,Medium,403.1800995
54.90461593,1417.552722,190.9027081,21.81656769,City,128.178333,32.65770613,On,Eco,4,High,279.3540128
78.82670266,2197.439796,92.01992053,40.60463648,City,188.9418102,19.55397427,Off,Eco,1,Medium,446.7545216
87.29205394,1489.380877,225.9944165,37.03478274,City,22.48094226,32.91818277,Off,Eco,5,High,495.18603
51.80992006,1449.075061,250.8027689,30.48275338,City,90.37173303,21.83102464,On,Normal,4,Medium,248.1266309
63.08392812,1348.758988,99.20506794,41.15566937,City,38.48220758,21.18615331,Off,Aggressive,3,Medium,339.3869266
39.75088747,1194.518467,85.03514096,36.12073248,City,178.8215197,29.53512115,Off,Normal,3,High,238.314935
44.49194796,1384.694592,94.92371587,34.07734838,City,192.9160372,21.0939268,Off,Normal,3,High,230.5343915
84.48942832,1532.979623,270.5106149,35.33973631,City,95.74033638,16.05932811,On,Normal,4,High,441.7453657
44.51506782,2010.991312,186.7654228,39.09044376,City,20.80205955,22.47235545,On,Normal,3,High,215.0915826
72.01307069,1093.847263,172.142639,39.80007814,City,157.0589333,29.42931201,Off,Normal,4,Medium,410.3815358
86.72370094,1315.760409,85.61083658,28.66873457,City,139.4282701,21.53916841,On,Eco,3,Medium,486.4692148
38.55015385,2213.53546,215.8934416,24.2223009,City,70.93416532,27.59118112,On,Eco,1,Medium,214.8583077
75.38497757,1220.382885,268.3199021,24.69902544,City,177.4814948,28.20238889,Off,Normal,1,Medium,443.7480902
50.5250227,1513.96772,258.7646086,39.18172658,City,195.166378,29.67472023,On,Aggressive,2,Medium,247.1851345
107.03415,2296.988383,210.2531302,46.18619857,City,111.5707698,32.94260933,On,Eco,3,High,636.6332168
68.68365174,1232.387967,78.066892,32.28488835,City,113.1455823,23.65128999,On,Eco,3,High,369.0830782
94.47940398,1124.105253,86.97528652,25.08560481,City,59.50270102,18.32864153,On,Normal,4,High,513.0383502
74.01812337,1726.806993,71.83415691,42.69807495,City,116.9012072,21.37851431,Off,Eco,4,High,410.0266633
33.47300263,1453.629267,121.795012,44.97468423,City,87.9284641,23.6433451,Off,Aggressive,3,High,161.5480308
80.65211005,1845.112547,92.55875212,46.41747329,City,60.43820539,29.27782939,Off,Normal,2,Medium,462.1974361
106.1122674,2205.707336,122.4115297,38.20494287,City,13.4370393,15.26244251,On,Aggressive,3,Medium,595.5275239
78.12894561,1205.722732,152.4139334,45.82185678,City,50.54157194,21.31570767,On,Normal,4,High,419.3351132
95.53510875,1871.048627,286.3158682,20.46244875,City,39.57092994,30.59685162,Off,Normal,3,High,556.5140887
100.7365171,1758.263141,206.4902543,23.21707405,City,108.4083969,28.41715407,Off,Normal,4,High,587.5311646
48.24638176,1216.118179,260.3937086,22.77728201,City,120.3340044,29.63479947,Off,Normal,3,Medium,284.2630966
46.96358719,1935.997728,230.4843602,41.37814053,City,121.7143449,31.23621539,On,Normal,5,High,202.6185675
78.87847911,1410.460627,87.00075133,22.08745351,City,77.63620021,30.66471438,Off,Eco,4,High,446.9944308
62.88227758,1731.751478,236.6208975,34.89093117,City,84.24594674,28.64366332,On,Normal,2,High,341.9488311
97.18890423,1123.408486,126.0237316,34.18120696,City,166.8476859,23.79323065,Off,Normal,5,Medium,574.7055673
102.0018499,1689.376086,213.3858833,29.32110571,City,95.2465627,34.67196658,Off,Aggressive,3,High,570.3910208
58.27371034,1459.695202,141.8308737,46.1121551,City,197.5546664,26.38146391,Off,Normal,4,Medium,307.3629559
48.94964472,2233.571817,299.4413432,25.11299606,City,87.923446,19.05538419,On,Normal,5,High,223.3865348
92.44204122,1085.46809,123.2523551,30.57388353,City,129.9161889,20.8562571,Off,Eco,2,High,561.0347922
51.98448284,1627.910912,126.991313,43.225145,City,10.0725998,28.87124912,On,Normal,4,Medium,224.8941704
95.80914548,1687.647136,283.3613413,20.91266943,City,130.6679849,33.4947913,Off,Normal,5,Medium,526.3194364
63.89906029,2087.509114,65.91465711,40.18851201,City,170.2852789,18.57440258,Off,Aggressive,5,High,348.0889119
83.40399194,1861.431363,227.2053571,44.49193179,City,188.4915677,16.64692991,Off,Aggressive,5,High,450.2272716
37.64282511,2000.818506,234.0783338,47.96803517,City,199.4641223,32.63062096,On,Eco,1,Medium,181.5260468
79.90874597,2165.573928,260.7308586,46.28889921,City,56.43572913,33.30555958,On,Aggressive,3,Medium,419.6542948
66.1414143,2293.30446,293.8654346,29.58152351,City,115.074013,20.52758691,Off,Eco,4,High,375.5950893
76.92867705,1470.813245,294.1444606,37.59092424,City,90.14359711,22.54571449,On,Normal,4,Medium,416.9898714
43.44113662,1807.034058,75.66642182,22.31880479,City,112.7634961,28.20375995,Off,Normal,4,Medium,193.7192744
88.9498996,2260.162118,257.2414375,27.73610011,City,31.49059144,21.59860042,Off,Eco,5,High,498.2172439
99.0237662,2484.176696,215.1143841,22.82667136,City,171.2299145,32.54317417,Off,Normal,3,High,563.6508411
47.33918401,2334.278967,215.3621122,29.4556187,City,181.9137887,17.15157405,On,Eco,2,High,263.6700003
37.65716444,1557.200894,90.80398239,46.2556164,City,89.93233262,15.75964442,Off,Eco,4,Medium,191.9711151
31.89108688,1292.749776,216.0449199,30.41500519,City,56.08597231,19.16972413,Off,Normal,3,High,182.9501466
81.35772004,1734.088806,295.7958193,36.85694309,City,28.16668553,20.72175556,Off,Normal,3,High,478.815223
78.56752289,2112.462178,278.8364567,33.00142544,City,136.752965,17.25853183,Off,Aggressive,1,Medium,441.7593578
73.73579302,1738.853606,165.3913586,33.76749573,City,62.44636792,16.31380859,Off,Normal,4,High,412.5989709
48.55576769,1724.771295,69.58751359,49.08716156,City,181.907714,30.11215427,Off,Normal,5,Medium,257.2375811
61.27247967,2257.345632,146.9504376,28.88463405,City,134.202495,18.28553132,Off,Normal,3,Medium,357.3389557
77.55810681,1542.105669,258.3336748,38.81973409,City,129.137065,33.27844398,On,Eco,3,High,433.6299565
69.74134871,2289.692012,228.3597844,32.60188009,City,111.8804232,22.35999323,Off,Eco,2,High,398.2197253
109.0228416,1610.207201,170.2424773,21.83438543,City,9.155267886,28.41211619,Off,Normal,1,Medium,623.0581571
40.9151802,1492.349659,73.22436844,34.67992495,City,186.3844871,19.5080423,Off,Normal,3,High,185.7678319
85.61156432,1680.984867,162.4547347,44.40029987,City,125.5874987,19.80645537,Off,Normal,3,Medium,491.722989
62.34550145,2143.670438,172.5659855,22.96258906,City,198.8123967,26.49418406,On,Normal,5,Medium,319.1709186
64.25596919,1189.003042,282.8533279,22.08775542,City,107.471281,26.2128585,Off,Normal,5,High,341.7568114
87.40782125,1294.628824,213.8606649,24.60894561,City,142.0221784,30.37458456,On,Eco,2,High,525.5392139
85.39489211,2427.167238,134.7967,42.93200334,City,11.24191157,30.15626611,On,Eco,2,Medium,481.5072097
109.3004795,1263.237441,186.0763835,41.71986152,City,126.3472354,28.41375529,On,Aggressive,2,Medium,603.3221654
40.27154316,1851.590977,75.85327388,36.95053307,City,152.9299223,23.98261132,Off,Normal,5,High,212.7365534
38.32877195,1868.9717,293.4163766,34.04679212,City,155.702859,32.81280773,Off,Aggressive,5,Medium,183.5716458
87.94710537,1734.436693,146.4143765,46.64977444,City,154.0223304,27.4515698,Off,Eco,1,Medium,522.7085657
76.27095336,1967.117873,174.6881652,43.00093472,City,45.25652546,34.80396981,On,Aggressive,4,Medium,399.471999
51.93285332,1344.740089,145.2681538,44.35826754,City,195.0796955,31.38739636,Off,Eco,4,High,293.9596923
36.35354952,1828.993402,223.8028152,44.39786904,City,199.0364241,15.88619622,Off,Eco,1,Medium,233.7708068
36.85265997,1558.259883,218.935718,39.28151464,City,15.11917503,21.41187814,Off,Aggressive,4,Medium,166.3100744
101.53527,1992.500889,231.6773545,33.74043873,City,187.2892846,26.43751433,On,Eco,5,High,552.7588064
45.34938598,1211.835315,124.3543751,45.94033258,City,57.88983886,29.42939076,On,Normal,4,Medium,220.7675792
55.86972497,1856.316125,135.7604355,47.78022253,City,137.8568164,26.00672996,Off,Eco,5,Medium,297.104359
48.13251218,1277.905533,90.06029546,20.7141813,City,67.62218415,30.72260845,Off,Normal,1,High,281.623918
58.39970447,1417.964595,217.3223932,21.5466462,City,193.5508647,20.65311306,Off,Aggressive,2,High,322.8687932
35.55390742,1328.0647,69.55131056,48.76229891,City,20.30077166,18.67824102,Off,Normal,1,High,172.5415968
71.52478327,1274.25667,203.4437605,28.31481842,City,99.54936339,16.07833368,On,Normal,4,High,387.1430603
35.40900509,2238.566427,268.7270124,46.20108319,City,85.60955839,26.46627489,On,Eco,5,High,151.8100654
94.02852063,1428.561351,273.7997156,31.66385357,City,65.20469046,28.77199041,On,Normal,4,Medium,512.9488035
48.69696655,2390.685673,167.7690625,23.57300173,City,129.1067982,21.52299434,Off,Normal,4,Medium,248.0282991
73.20095317,2454.889788,170.2328852,22.41329601,City,26.21114868,27.2716837,On,Eco,2,High,418.7184233
100.406327,1856.890705,78.47260392,24.69523697,City,143.3324836,16.04314462,On,Normal,4,Medium,560.3870914
82.07018952,1214.501684,220.9836061,27.49679585,City,196.1184248,16.98586693,On,Eco,2,High,472.3550152
72.63662292,1561.822365,257.1022609,34.65555062,City,160.9117429,29.03509545,On,Aggressive,5,Medium,380.2735988
55.94670025,2196.598395,118.7172131,41.04493702,City,172.0033506,22.3613941,Off,Normal,5,Medium,296.9900613
56.64015304,1551.086093,161.1122116,49.59195729,City,71.92734864,28.42668062,On,Eco,2,Medium,304.0787179
83.55895642,1130.525827,261.3214408,33.2452023,City,64.9773213,31.63442241,On,Normal,1,High,464.0258992
109.5311489,1835.177366,270.5089122,35.54554827,City,103.4096709,32.05244875,On,Normal,5,High,617.0462639
82.94713519,2267.681277,118.3631953,35.65447104,City,9.145322952,18.44335291,Off,Normal,1,High,486.2077659
74.62267339,2193.889581,192.1369523,36.18303066,City,189.0716269,24.72571145,On,Aggressive,5,Medium,371.9150416
88.45204082,1262.68471,106.1983562,35.53221971,City,28.7570346,29.67853447,Off,Normal,5,High,480.0353158
67.21644898,2009.146922,84.45090339,20.26324265,City,180.6026078,30.47961193,Off,Aggressive,3,Medium,371.1309342
34.81138741,1330.756395,278.6689203,20.05174466,City,16.7164444,30.69351961,Off,Normal,4,Medium,208.6112544
74.98374527,1327.311302,256.921801,22.92998954,City,164.5249855,19.56334669,On,Eco,4,High,409.2683134
106.6100228,2311.10766,242.4083764,23.0466981,City,30.39250518,18.85069635,Off,Normal,1,Medium,644.1673955
44.02423539,1374.503429,71.70391652,41.14690727,City,7.626322818,26.80024937,Off,Normal,4,Medium,241.0077508
85.20039127,1394.87102,262.4949103,26.14748098,City,143.8978901,29.82171595,On,Normal,1,Medium,476.6512414
46.07469509,1000.980086,165.1305782,46.84142314,City,56.05306003,21.38279031,On,Aggressive,5,High,169.7521069
72.86621476,2306.003551,142.1748296,47.85818989,City,142.8992306,17.09410314,On,Normal,3,High,400.3519037
37.73411597,2188.89222,191.1543266,49.27680014,City,111.0170501,29.33492766,Off,Aggressive,3,High,181.2213355
66.0296749,1940.993403,81.92477825,48.17243915,City,21.76147805,20.99395663,On,Normal,5,Medium,336.045971
90.49306631,2125.398646,241.5951718,28.15664966,City,186.4260147,18.32725449,Off,Normal,2,Medium,525.8945001
57.80572194,1228.072851,199.7844185,35.29330534,City,90.46283495,17.95447057,Off,Normal,2,High,344.9375094
83.19293796,1687.485392,104.7816232,25.26364911,City,146.8894556,21.29819095,Off,Normal,4,Medium,466.7787558
93.63599686,1526.829081,105.1757279,44.18628966,City,100.2041144,26.85356132,On,Aggressive,1,High,556.0066812
104.1742256,1140.664789,104.2196764,46.65295115,City,120.872295,22.16804477,Off,Normal,3,High,615.4956478
48.77136655,1729.195728,73.68057301,45.53866518,City,60.55471847,15.41323703,Off,Eco,4,High,280.4257282
61.94527326,2381.109476,201.0716278,33.00100846,City,40.0720608,16.93816869,Off,Normal,5,High,332.5490855
42.19328107,1060.088679,261.6835626,42.76021654,City,108.5140407,20.81006494,Off,Normal,3,Medium,222.2294311
109.3986802,1437.19137,64.19957136,22.92737509,City,88.04379459,28.19408964,On,Eco,1,Medium,623.002216
104.1600774,1311.311404,71.76111479,21.20734312,City,78.02264269,16.97030147,On,Eco,1,Medium,606.9836678
73.19657042,1357.21998,197.4648664,42.59709243,City,134.513439,26.21313707,Off,Normal,2,High,436.2465647
97.36266355,2362.651828,256.6789645,32.76065823,City,138.1013264,17.39771742,Off,Normal,4,Medium,551.7424659
71.67663818,1702.103581,138.4173337,49.86647794,City,9.184011218,19.23230655,Off,Normal,5,High,374.1422793
79.88685504,1699.449119,143.9074557,22.91762648,City,67.74889885,18.44377055,On,Eco,3,High,444.8875141
37.12995457,2140.863464,203.1231594,45.66883045,City,82.35291005,16.34457271,Off,Eco,1,High,204.2094707
90.42163364,1231.738306,125.8110934,34.39949197,City,19.37843223,28.42659635,Off,Normal,3,Medium,519.6831964
40.21707869,1730.898031,66.38600786,44.81450587,City,47.18017334,24.26807095,Off,Normal,5,High,183.949458
96.08541042,1644.977821,236.4548443,44.51381847,City,10.32835944,31.62106882,Off,Eco,3,Medium,582.7436569
92.56224701,1895.366036,210.1559791,47.47976004,City,199.2484197,16.9778168,Off,Normal,4,Medium,521.7270118
86.69957582,2499.336555,199.3814398,28.93550034,City,147.3114406,17.89465867,Off,Normal,2,Medium,481.6898797
32.89283044,2154.173341,238.004191,48.4939806,City,17.4900313,21.12915463,Off,Eco,3,Medium,190.2925068
54.25026848,1596.798555,222.055401,24.55000881,City,4.049875958,30.31731974,Off,Eco,2,Medium,315.5823532
51.04900559,2241.329578,109.4116772,22.45906333,City,143.85756,21.11517646,On,Eco,5,Medium,261.6586773
58.8109126,1256.062545,144.5954513,32.94846552,City,87.83843314,23.16837415,Off,Aggressive,2,Medium,323.8667645
37.01141974,1045.695529,90.266434,44.84968906,City,157.3593418,21.03207133,Off,Normal,3,Medium,190.3050167
104.9566258,1306.672559,91.16568322,34.20263392,City,184.6952076,16.60448584,On,Normal,3,High,589.9614431
74.30417926,1510.617334,222.2869791,44.87860033,City,119.8600778,33.78867246,On,Normal,1,High,420.931448
54.44194485,1765.871136,266.0640257,41.89060417,City,37.42168458,25.97077984,Off,Normal,3,Medium,291.6283088
61.75852137,1922.693711,291.0558201,26.28285158,City,156.4388072,30.75666376,On,Normal,2,Medium,335.4211314
65.77620324,2365.908576,210.8033082,48.46644875,City,191.1623486,28.16714184,Off,Normal,1,Medium,370.0424222
78.04754667,1764.781014,104.1843176,21.82343506,City,116.0462574,25.28508558,On,Eco,3,Medium,433.453388
71.25435422,1751.913467,85.35608291,46.94839123,City,136.3994895,16.79356513,On,Normal,3,Medium,356.613168
103.5513579,1075.364515,255.0842332,29.13330347,City,67.49493901,27.85467091,Off,Normal,5,High,593.6250785
69.75707863,1052.367329,198.9015543,35.00444249,City,76.30553893,18.10740712,Off,Normal,1,Medium,408.5879172
109.3726412,1826.739943,208.388405,32.67055618,City,146.9308996,23.28766339,Off,Normal,5,Medium,646.989413
98.11399662,1657.26792,247.5509013,25.15503671,City,185.5542197,27.58226287,On,Eco,5,Medium,552.8766437
46.68084115,2258.770592,228.7865347,30.74440599,City,125.7976774,30.64458001,Off,Normal,5,High,227.2627237
104.4476172,1241.019377,260.2699807,25.78803309,City,157.9695817,28.70090351,On,Normal,4,High,573.297508
39.30931183,1037.457493,73.49133731,26.11659426,City,34.32700348,28.43067058,Off,Aggressive,5,Medium,184.5593972
95.39597668,1673.558152,239.4049528,25.61170508,City,42.39181805,17.98084418,Off,Normal,2,High,553.8715172
60.44986348,1356.217835,264.2046618,34.67052141,City,106.4069374,21.9225708,Off,Normal,3,High,329.8141922
100.2379456,1074.42156,128.6724102,43.93794103,City,35.31083845,15.85824545,Off,Normal,4,High,566.0203681
99.44453521,2086.89743,213.7073458,37.06910101,City,126.999014,29.38953786,Off,Aggressive,5,High,547.497775
94.47403201,1167.3895,135.3988953,46.79619766,City,58.33063708,34.05171963,Off,Normal,3,High,556.7320372
93.2024349,1912.47925,289.913056,39.09633466,City,158.3065237,20.2822078,On,Normal,1,High,505.8508372
54.37433113,1421.574625,68.02165738,40.68020347,City,161.6220693,16.75393418,On,Normal,1,High,311.5880147
36.47354264,1260.244076,199.1502825,40.02821689,City,92.75749115,24.51140154,On,Normal,3,High,167.1583067
62.2384143,1569.627284,99.96085129,33.4837758,City,36.16212701,32.13396446,Off,Aggressive,2,Medium,331.9438721
43.8819612,2202.168664,230.9328492,40.68016467,City,129.3549922,26.03948391,On,Eco,3,Medium,231.7616947
85.59608711,1588.140365,102.213668,22.09123239,City,198.5574037,15.935543,On,Eco,3,High,485.4680517
57.68797812,2126.154474,116.4919829,45.79554416,City,124.5181796,34.48544481,Off,Aggressive,4,High,283.0666438
108.0488161,1188.229445,178.6489947,43.3343643,City,7.154938143,31.5729982,Off,Normal,1,Medium,619.9795846
81.27776619,2159.157129,279.560388,27.35689875,City,3.458795153,17.63188154,Off,Normal,1,Medium,487.6282488
95.79844509,1355.399987,110.8114493,43.04097363,City,64.0723941,33.43595513,On,Normal,5,High,533.8633255
40.60197382,2016.089695,94.61760507,20.37927804,City,39.15676137,24.01376577,Off,Eco,3,Medium,218.6238302
98.96115858,1848.672332,242.1544396,26.51739717,City,162.6102414,22.43795981,Off,Normal,3,High,595.4963618
103.8205752,2393.717076,180.1486878,21.95411716,City,168.9611334,24.22106661,Off,Normal,2,Medium,609.7201958
68.96495351,1580.983777,278.828427,43.4068075,City,51.72375426,31.69143914,On,Normal,1,High,403.0830502
78.50023502,1099.247783,95.18749372,42.67622454,City,65.12895539,28.18959357,Off,Normal,2,Medium,437.1735375
91.18478407,1028.733228,215.0226943,44.40908071,City,47.24939354,16.18496905,Off,Aggressive,4,High,494.0277652
43.98709018,2240.287841,115.8909951,20.1344508,City,181.6765095,34.15208742,Off,Eco,5,Medium,221.6854993
70.20528612,1787.103456,97.62250288,35.0369818,City,100.5298669,17.95568267,Off,Aggressive,2,Medium,382.7863629
61.89304222,2162.866078,224.0230596,41.14508593,City,131.2274088,29.91135903,Off,Eco,1,High,384.0373105
41.70991937,1351.6384,202.4843088,24.66203386,City,83.09641734,27.72273061,Off,Normal,4,High,221.8532108
59.40275378,1517.625618,241.15859,39.49372183,City,126.2028387,18.75056096,On,Aggressive,3,Medium,284.68114
35.45378475,1045.155808,134.2710183,22.52330298,City,77.17107534,18.41464152,On,Normal,4,Medium,157.4152876
32.06495256,2442.238487,167.5131975,25.43977568,City,67.93568755,32.40655187,On,Normal,2,High,145.7833314
40.81330313,2001.80186,157.3132023,34.27390445,City,126.8960146,23.39389847,Off,Normal,1,Medium,212.2861286
107.0492089,2399.807632,296.1814714,39.60695458,City,118.2124156,28.09153028,On,Normal,2,Medium,605.9259619
73.96236287,1398.244611,130.1397496,24.37607381,City,58.70559083,25.08142008,Off,Eco,3,Medium,428.3922905
107.2657729,1917.195417,130.7561372,25.55669992,City,29.86969006,29.54707034,Off,Aggressive,3,Medium,603.8899791
64.59983027,2017.749952,145.0915701,26.13339101,City,73.71533877,24.5848475,On,Normal,1,Medium,345.1912719
54.94529065,1476.32455,195.5025795,27.16102414,City,83.03952783,20.74759831,On,Normal,5,High,285.2618253
70.49134903,2272.163853,120.5574586,26.79661546,City,125.7368667,22.26766742,Off,Normal,4,Medium,394.0407529
65.16093509,2420.742194,279.6695857,31.85447325,City,182.9057527,32.18155389,On,Eco,4,Medium,358.7048366
38.45317474,2327.282677,123.7645356,39.61368953,City,7.236959507,24.36069386,On,Eco,3,High,188.5822059
81.26610518,2108.600464,274.9957756,33.14095349,City,48.73220251,19.26898664,On,Normal,2,High,440.3939011
47.2830546,1416.19702,84.83401528,43.27921726,City,38.74318846,33.69210776,On,Normal,2,High,235.5885859
79.56703639,1422.424063,217.5750486,41.57805518,City,100.4588817,30.93200913,On,Normal,5,High,436.7044349
82.01608739,2445.040481,277.6765244,23.79580742,City,85.94016141,16.11332292,Off,Aggressive,2,High,446.2520708
42.16198825,1015.426744,100.4998652,21.4652487,City,145.8075248,34.97885924,Off,Eco,4,Medium,247.4020435
34.90797017,2074.07496,292.3984704,46.33824692,City,48.48318251,28.89853393,On,Normal,2,Medium,144.0370732
92.46092689,2059.369244,168.6920065,22.394932,City,118.8996731,18.20533198,Off,Eco,5,Medium,541.0004034
66.7840339,1934.034311,286.971626,24.45017542,City,176.7714527,19.74335363,Off,Normal,4,High,356.408901
34.65310364,2485.163269,222.4368105,20.66399827,City,182.135548,28.84890962,Off,Eco,2,High,188.0286106
109.5893054,1467.819154,132.3808488,38.85009096,City,191.7569209,30.59522111,Off,Aggressive,4,High,592.9589973
34.62244488,1509.957796,105.192606,37.47111689,City,154.6522304,19.78071886,On,Eco,3,Medium,189.7807263
85.60281831,1118.409104,132.8964111,49.60710999,City,181.1975813,20.13937708,On,Aggressive,3,Medium,462.9403313
108.694314,1664.197205,82.32417822,46.60797189,City,46.9061744,21.1424139,Off,Normal,3,Medium,637.694307
49.13440834,1391.572789,94.52831192,32.32529532,City,39.51618887,26.9603673,On,Aggressive,2,Medium,235.3062111
41.37994949,1515.080053,85.11850568,31.14757523,City,1.297616756,18.43632357,On,Normal,5,Medium,171.7541805
39.71079515,2251.857685,161.5064505,28.90556103,City,141.3688715,17.08486398,Off,Aggressive,4,Medium,196.3605529
54.26201181,2403.22677,250.9388103,24.5722076,City,187.4934376,28.57728178,On,Eco,1,High,289.0816557
38.08366488,1278.599608,93.93205301,24.1425097,City,37.38706901,30.5819588,Off,Normal,3,Medium,195.9010383
85.37290734,1558.763397,91.27690396,23.96851124,City,127.3887151,25.01858809,Off,Aggressive,3,Medium,461.0622632
34.98334385,2392.945843,214.4229479,23.42344272,City,149.2919518,22.27665421,Off,Eco,1,Medium,202.0481752
70.75377025,1092.712691,107.3239157,27.21536127,City,185.522847,23.64085427,On,Eco,1,Medium,378.2480276
109.7357483,1138.540792,83.42640915,29.20005891,City,129.3720448,22.76815668,Off,Normal,2,Medium,626.2398579
95.11762156,1244.186484,100.0436588,48.84736913,City,194.0587465,34.19969816,On,Aggressive,4,High,499.6152638
79.21755506,1892.819251,281.695535,37.35419753,City,68.9346282,30.3617981,On,Normal,3,Medium,438.4765512
54.50028966,1225.708407,257.1531007,49.62787324,City,69.98570675,19.1617443,Off,Normal,5,Medium,271.066341
79.9116669,2452.114572,144.975495,31.17400843,City,108.602502,22.68378304,Off,Eco,2,High,488.9607223
72.16331711,1670.071791,217.3969842,33.72879898,City,76.70037622,25.88024583,Off,Eco,2,High,449.487629
64.08667071,1752.276941,188.9461617,29.73735977,City,0.285145658,27.25971724,Off,Aggressive,5,Medium,328.1810628
40.45683014,1369.987924,222.5098232,25.48662953,City,146.354405,24.36367792,On,Eco,5,Medium,169.0625348
100.9283372,1706.440379,223.8410766,24.29494123,City,150.3434083,31.2025327,Off,Normal,5,Medium,584.8045947
65.98277191,1992.870449,210.8961636,48.35237593,City,149.3949209,30.35212039,Off,Aggressive,1,Medium,342.7459294
45.56980095,2126.765705,123.8643284,49.60432045,City,69.00413332,25.10315837,Off,Eco,3,Medium,233.7092709
59.42074807,2130.802124,69.36154098,21.3472849,City,104.4578947,32.08858774,On,Normal,1,High,305.7880258
63.1303802,1866.836669,169.3360277,24.51037624,City,71.99470364,30.02179061,On,Eco,3,High,363.2161642
96.20303165,2356.539662,273.8337323,32.70572277,City,3.207280006,30.57163697,On,Normal,1,Medium,558.5492049
88.68915044,2226.111771,196.679342,25.59000429,City,112.4897883,34.12801559,On,Eco,4,Medium,517.2239613
91.54439149,2135.572172,259.77385,30.91641181,City,24.75213322,20.32933882,Off,Normal,3,High,525.0986271
30.88250115,1083.408283,297.9898423,23.8728905,City,16.00826482,20.35296325,Off,Normal,2,High,154.8445051
63.29231985,1010.316943,99.26788899,33.6953527,City,151.0998137,32.77904511,On,Normal,3,Medium,325.3432044
68.50753213,1318.670916,226.0266334,28.15083849,City,1.901240484,30.44452747,On,Normal,3,Medium,349.5398131
31.53538215,1995.285391,221.8304577,30.55715167,City,191.8016887,33.53091083,Off,Eco,3,Medium,183.0968957
50.7850567,1616.796233,295.1893074,22.82937954,City,103.0510728,16.26260321,Off,Normal,4,Medium,315.9686414
90.82318585,1603.609389,296.5441761,32.84384152,City,196.6032861,27.55514155,Off,Normal,1,Medium,523.6178434
40.96877646,2326.880332,224.8028668,49.49772833,City,11.59951449,17.89256676,On,Normal,2,Medium,204.6170699
72.82481052,2343.344272,118.4675501,29.86499141,City,116.7059098,25.07794397,Off,Eco,1,High,436.5375027
47.21614976,2363.762896,251.6534012,46.29287825,City,69.8654072,18.11493864,Off,Normal,1,High,271.1869817
30.96966197,1470.817115,85.68699221,45.29597425,City,168.6964986,17.56157018,On,Eco,5,High,144.6927313
49.29611661,2036.583719,247.367833,48.56175255,City,72.24454705,15.24336691,Off,Normal,4,High,240.8785174
108.0699004,1407.449772,278.4470698,43.70328537,City,52.09751581,27.60477625,Off,Eco,5,Medium,616.4998325
94.12296895,1285.91475,151.8800147,39.78790481,City,171.5106254,22.18045233,Off,Normal,4,High,554.1214831
106.7661315,1276.948686,211.3524708,45.69753333,City,74.93061833,17.1037657,Off,Eco,1,High,654.6005381
69.02832351,1513.161431,163.2342557,22.26934042,City,3.366663972,21.45675555,Off,Aggressive,1,Medium,398.245844
38.77889589,1644.93643,165.0636132,33.88491972,City,78.05782017,18.37888183,Off,Aggressive,4,High,192.6162106
73.83675912,2246.423757,134.4890134,49.67768716,City,130.9044538,33.83389663,Off,Eco,1,Medium,442.9322209
66.35018676,1179.83664,242.9111089,43.08800454,City,50.87190776,21.40009772,On,Normal,1,Medium,380.3924526
97.54856662,2102.388771,284.6823754,48.86226134,City,86.39751849,21.67907047,On,Eco,2,High,573.1717705
37.84660646,1797.182371,285.7802062,43.38903068,City,11.34302766,31.79716007,Off,Normal,5,High,181.0253478
69.05929096,1431.918014,101.9475084,46.24645902,City,117.6185583,27.95511523,Off,Normal,5,High,378.5329904
42.00389318,1739.229377,269.9384759,41.19588897,City,151.2589848,29.20343215,On,Normal,5,Medium,182.1979393
55.97407415,1449.913105,236.9835459,42.81506013,City,82.66251228,27.72003608,Off,Normal,3,High,297.4652672
88.98856619,1894.122933,120.6809762,35.6953403,City,84.04652656,33.92392568,Off,Eco,2,Medium,525.962687
68.08145035,1650.765884,76.1483071,47.72713102,City,17.65649972,19.14001663,Off,Normal,5,High,366.5816685
60.07106281,1246.608294,124.3193441,44.75116732,City,40.3881729,34.78078484,On,Eco,5,Medium,284.037936
61.55810229,1174.874612,278.9299768,45.31654897,City,30.93506063,31.61912355,Off,Normal,2,High,361.0069148
66.75574147,1820.043523,211.962882,40.19027303,City,96.33755373,26.77945178,On,Normal,1,High,383.7696586
92.80132351,2353.61955,233.0531186,29.13739841,City,105.8511082,28.24743249,On,Normal,5,Medium,508.5280532
101.3667751,1515.93653,121.7165643,21.06889386,City,189.7880263,27.97651753,On,Eco,1,High,613.0819035
106.4267749,2099.500161,232.6531573,48.06965388,City,14.64630086,16.16792448,Off,Normal,5,High,602.5050787
92.9522709,1987.992032,66.74916151,37.58361046,City,119.9735946,19.36032997,On,Normal,4,Medium,499.8080431
55.23255166,2397.332371,150.077123,28.94428913,City,105.2997055,34.22941769,Off,Eco,3,High,329.2479342
85.05077649,2231.471526,210.4208037,24.47405324,City,103.2466196,25.68728858,Off,Normal,5,High,462.6274688
65.00824992,1849.907888,95.06317573,44.88569497,City,174.6318575,22.56707207,Off,Aggressive,4,Medium,322.8556953
50.37364976,1985.545747,257.5208579,45.09560583,City,41.10769414,30.24076927,Off,Aggressive,2,High,274.3760942
97.26972635,2347.5797,116.4075117,44.43523904,City,8.154654868,25.49037885,On,Normal,4,Medium,538.703642
33.07410792,1599.278177,216.5474671,39.35248076,City,134.4543015,15.26325543,Off,Normal,2,High,185.846418
102.1409594,1490.192059,157.2473142,30.98046163,City,69.03149283,29.72475193,Off,Eco,5,High,570.6373694
66.91819717,1016.216625,203.0504629,29.12210854,City,3.517983243,29.6443512,Off,Aggressive,2,Medium,371.2850377
80.97611814,2239.826611,85.78813263,20.2566431,City,50.27480146,18.30297424,On,Eco,4,High,438.3211631
82.74831378,2201.471051,64.05907198,45.00822676,City,61.86535484,34.13320177,Off,Aggressive,3,Medium,468.0804385
101.6094193,1156.681777,278.2954626,22.62298092,City,123.3676754,19.47816263,On,Normal,1,Medium,606.1525727
80.93357457,1865.286072,124.7112021,38.92264994,City,34.51715881,24.15498735,On,Normal,1,High,466.7044303
79.11468678,1695.972547,256.7224807,35.12224841,City,82.61086959,17.29471923,On,Aggressive,3,Medium,411.2358504
35.33216324,1178.063643,299.8440721,35.80068077,City,96.49508888,27.06564639,Off,Eco,1,High,196.7514757
71.47264176,2470.852341,110.7435019,47.80138536,City,91.84747827,22.5090224,On,Normal,5,Medium,357.6609738
42.01352007,1322.043831,123.6409779,20.94845034,City,194.7881533,22.06346924,Off,Normal,5,High,200.2766069
88.9947015,1100.85127,219.086349,43.20176674,City,9.100847558,31.53953754,On,Eco,4,High,498.1030633
70.97775367,1892.271069,291.7076723,21.56157195,City,190.1936373,15.19123426,On,Normal,4,Medium,363.87527
84.41822234,2108.300016,279.7954436,21.14460818,City,116.3874428,30.95893542,Off,Normal,2,High,476.166989
33.33383205,1048.665169,180.6901248,32.89453094,City,159.145543,26.42897131,On,Normal,4,High,150.3038265
36.78336128,1988.076458,250.8264678,21.89225523,City,86.0785236,34.72197027,Off,Eco,5,High,197.069214
87.30587105,1798.437814,92.57900474,43.67431854,City,90.76757625,26.78886441,Off,Aggressive,4,Medium,501.9010819
35.76674688,1154.897513,294.5851642,35.88689281,City,175.8652998,16.10758268,Off,Eco,1,High,202.6930137
35.70053822,1258.785815,291.4447762,20.87116348,City,179.1868993,16.01290653,On,Eco,2,High,160.8311709
30.96867802,1851.961446,99.29494989,21.21502059,City,47.73777629,32.66305973,On,Eco,2,Medium,165.0598283
106.5201119,1444.53642,131.86155,38.38005589,City,39.84837572,31.82428291,On,Eco,5,High,615.180067
89.00066876,2407.473593,84.0371994,44.18335453,City,99.24703477,21.91780151,On,Eco,4,Medium,507.1171772
58.26011268,2228.110344,125.2122237,33.13398594,City,180.0554054,27.36064968,Off,Aggressive,1,Medium,340.3766715
53.7228465,2475.35081,255.8293895,36.63742015,City,64.47101868,24.79182714,On,Normal,4,High,289.702834
57.97625838,1389.506258,150.7957457,43.99488362,City,130.4029231,34.3432811,Off,Eco,3,Medium,311.7243079
91.97228249,2454.585449,81.21527212,38.31518522,City,141.6303375,33.99921802,On,Eco,4,High,537.1393594
82.90964889,1646.850805,142.1341259,26.74280713,City,155.734933,34.67678017,On,Normal,5,High,441.3296172
44.81564543,1521.278193,295.5320002,38.39156078,City,112.7848916,32.32897561,Off,Aggressive,4,High,232.5511505
43.92874683,1075.52429,211.1240629,38.84838377,City,80.49103566,33.19103182,Off,Eco,2,Medium,251.7551668
37.87165198,1079.147887,159.8786271,42.02320943,City,193.4031978,19.34557558,Off,Eco,1,Medium,201.3599124
82.82421758,2038.016884,99.96924324,38.62622563,City,122.2661507,31.62013578,On,Eco,5,High,469.0297966
91.14981298,1686.893492,296.6824313,49.07726391,City,145.7130423,29.17714226,Off,Eco,3,High,527.4423027
51.20371427,1339.782439,257.0037622,25.91864926,City,68.99656914,34.25573018,Off,Eco,1,Medium,329.5141352
31.67559688,1920.955459,127.5545526,48.53272039,City,133.9898362,26.42523657,On,Normal,1,High,139.2623757
36.5737334,1379.287177,76.81648697,36.15018471,City,51.55953243,16.70334333,Off,Eco,2,Medium,189.040812
107.4288028,1866.447632,73.59013377,40.15868421,City,49.01938351,26.94797782,Off,Normal,2,Medium,620.0657712
53.6355822,1538.81312,88.89075588,22.98384792,City,142.9444404,28.73161856,On,Eco,2,High,318.8161572
91.53785183,2235.32834,199.3844601,31.41727824,City,104.2789473,19.40642057,Off,Aggressive,5,High,482.7622034
79.97308551,2231.044241,282.9032211,43.08137439,City,136.6553221,22.88226767,On,Aggressive,4,High,431.0413576
60.55517117,1716.025597,179.2184227,41.20733045,City,53.88769815,26.97006828,Off,Normal,1,Medium,371.3166892
46.45498098,1526.228664,262.3069158,21.20418164,City,119.7446682,22.48211475,Off,Normal,4,Medium,239.8637397
39.71091345,1543.839695,167.0127888,36.3978279,City,88.78672994,22.49895434,Off,Normal,4,Medium,191.0935819
79.20103744,2208.571789,230.060051,22.64834579,City,119.3920574,17.66173278,Off,Normal,2,Medium,458.6154142
91.97070245,1492.269224,235.6494569,49.87569288,City,58.17594645,33.81493446,On,Normal,4,High,488.6822553
81.51234028,1313.589061,101.7512894,46.91889766,City,143.0901927,30.00988769,On,Normal,1,Medium,492.5413867
72.42417066,1127.032513,146.6918542,20.63241981,City,161.1858732,15.02486878,Off,Aggressive,1,High,427.9582734
33.35609787,1700.039681,212.9525176,45.75948737,City,51.98329477,30.31226568,Off,Aggressive,3,Medium,133.7280982
107.4791022,1723.198148,76.96718596,47.58288802,City,60.12411197,29.79589985,Off,Normal,5,Medium,595.3983411
93.89713533,2261.363066,146.7696451,30.60644668,City,132.2308539,15.1946192,Off,Normal,4,High,539.5941181
53.42576294,1331.858045,188.3518719,41.58504965,City,139.1170349,22.39208595,Off,Eco,5,Medium,265.7235156
108.3976263,1571.486911,299.0938783,33.26311239,City,140.8199369,27.13495381,On,Eco,5,High,592.4358437
78.15052717,2212.608608,173.888055,39.65697454,City,136.539701,24.05501304,Off,Normal,5,Medium,429.068756
76.59381266,2235.435416,255.8536217,30.20952213,City,78.56154339,30.55972237,Off,Eco,5,High,448.857655
89.84585435,1576.916614,163.6961484,29.6767771,City,78.97073488,23.50916665,Off,Aggressive,1,Medium,532.2095126
94.94158305,1688.686035,251.1337734,32.73301667,City,50.96352473,18.07725939,Off,Eco,4,Medium,550.4944193
82.51828859,1454.928836,202.8995524,24.36703276,City,31.36673998,34.52831249,On,Normal,3,High,456.5671296
40.24765971,2398.832318,272.782906,44.93416893,City,138.5154759,19.84079986,Off,Normal,5,High,193.8019088
57.06140048,1177.965649,158.6262126,30.46093686,City,18.63775719,29.35384621,Off,Normal,3,High,333.5059015
104.2466912,2400.624135,205.0330608,32.00448662,City,187.5584574,17.86312623,Off,Normal,1,Medium,598.158852
47.96924895,2025.799678,211.2044833,46.82163838,City,165.3372607,21.58025228,On,Aggressive,1,Medium,223.8837795
59.77336191,1797.358229,160.171906,34.89871442,City,171.501148,23.84055217,Off,Normal,2,Medium,328.3672465
64.56615064,1048.988591,94.63489048,36.32761728,City,181.3337629,18.84464009,On,Normal,5,Medium,321.9290666
65.15239918,1713.394288,82.45425766,48.69494374,City,81.72099414,23.99919153,Off,Eco,2,Medium,374.8950943
79.0351666,1611.622158,64.00117214,46.60179149,City,169.3401447,18.14325646,On,Normal,3,Medium,424.8575472
105.446067,1241.828218,269.6482234,25.08400127,City,31.61226006,26.18013078,On,Aggressive,4,High,594.2206008
49.25541695,1984.614405,116.7539789,34.1964509,City,4.328358922,28.27426505,Off,Normal,2,Medium,246.0949975
39.7201101,2456.726361,110.7616198,49.13888682,City,156.9782789,16.24868568,On,Aggressive,1,Medium,159.8175067
45.79763919,1843.283217,236.6484961,31.17098895,City,14.9593296,32.42264242,On,Normal,5,High,206.9938085
100.953992,2072.129915,136.8038671,31.14719326,City,197.7049335,18.7028177,Off,Eco,3,High,610.1739535
81.66486501,1102.675679,181.4507262,25.85090695,City,134.9592859,19.50724851,Off,Eco,1,High,487.7268716
52.87254314,1626.500494,99.00265567,23.42969342,City,150.689942,28.2269968,On,Normal,4,High,267.1609518
95.27575512,1174.537728,290.3389732,42.20914372,City,49.16077126,24.37502121,On,Normal,5,High,522.5986004
98.90959971,1919.193753,264.379536,43.10091406,City,134.7730788,24.98791198,On,Normal,4,Medium,546.7366331
97.7211471,2407.723237,267.3095095,49.07038891,City,8.643987451,17.56309969,On,Eco,4,Medium,567.0903484
103.5141227,1992.666599,157.6256997,43.20254633,City,167.565144,31.11471644,On,Normal,5,High,577.9170559
50.17928161,1115.204572,242.9666913,27.30057482,City,33.92481861,27.34108492,On,Normal,5,High,259.6925876
90.4033543,1531.999307,94.53027729,21.20349735,City,139.4716134,17.70764087,Off,Normal,4,Medium,512.6325953
66.84315978,1825.995069,62.06856062,49.56312153,City,44.89610025,22.47998734,Off,Eco,3,High,404.8535389
97.35988423,1604.811634,64.79350382,30.21352087,City,13.69063389,31.20819865,On,Eco,5,Medium,543.7590209
88.27925417,2250.466016,200.784417,29.35914627,City,96.29873571,26.36710092,Off,Eco,1,Medium,502.7909191
92.11579572,2222.006507,169.2947773,47.17865629,City,33.85724205,17.17297558,Off,Eco,2,High,582.3734513
82.49294701,1917.74653,184.3236837,37.55299696,City,145.8887977,22.45554092,On,Eco,3,Medium,460.5641637
44.19430156,1560.186918,61.7911537,26.44613522,City,47.51316868,19.85388797,Off,Eco,5,Medium,239.1834955
73.60215351,1383.004561,161.4447887,46.67288728,City,68.49451125,25.34931107,Off,Normal,5,Medium,382.5109841
108.7735792,1158.811477,232.3363587,49.80082565,City,113.4878503,31.86722258,Off,Normal,3,Medium,659.1916912
104.9910453,1532.346525,166.2464885,22.60035683,City,56.99365552,23.7253427,On,Aggressive,2,High,584.5912284
33.45389886,1619.758776,235.7326095,45.86754885,City,75.59762324,23.66684061,On,Eco,4,High,147.804322
43.18518526,2013.734388,115.9245515,31.71547093,City,163.1243542,33.10701805,Off,Normal,1,High,221.9861587
40.53830188,1987.239736,255.1540811,35.7221734,City,35.84196991,26.52370825,Off,Normal,5,High,204.9272418
88.0783928,1105.162209,201.2234977,47.44447927,City,16.4403179,26.32382175,Off,Eco,2,High,521.4034367
95.42282639,1592.888973,110.5831439,49.20137587,City,65.67155703,20.23819784,Off,Aggressive,1,Medium,527.0639684
47.0809093,1272.668301,116.8129142,27.86491731,City,84.8753534,27.15445496,Off,Eco,3,Medium,262.335001
70.46821544,1235.219058,210.7273115,26.38552313,City,108.5318564,26.51820935,Off,Aggressive,5,Medium,373.7437027
97.25624224,2240.953225,259.1855024,22.41549676,City,74.48473924,22.93702941,Off,Aggressive,4,Medium,541.6485212
88.62412358,1062.872825,159.7506677,36.85393558,City,157.98234,34.81391132,Off,Normal,3,High,486.1625518
73.37897644,1628.774314,121.992103,20.40813186,City,7.863897534,32.6378193,Off,Normal,5,High,412.9310112
77.22781524,1252.305484,268.0827857,32.35694893,City,86.35350764,29.9917258,On,Normal,2,Medium,409.205631
70.66884375,2318.995324,220.62439,22.2015205,City,76.45118293,25.74691177,On,Normal,1,High,411.5946854
53.80387611,1835.56077,167.5405169,32.15677349,City,129.5156982,24.24119604,On,Normal,1,Medium,279.1905244
75.20175943,1347.070955,177.0960469,21.19796568,City,193.2552504,18.6979479,On,Eco,5,Medium,418.7091719
85.11082416,1753.640931,109.0215523,45.05651782,City,102.0750813,21.11474948,Off,Eco,3,High,498.2300368
99.86583327,2097.22954,210.4326312,26.29216982,City,197.3753694,30.479216,On,Normal,4,High,557.5667966
80.90330832,2437.177013,146.0982025,29.84926131,City,60.44987898,24.07497908,Off,Normal,2,High,489.3297796
90.88972296,1330.669006,298.9548424,46.1014399,City,6.173626508,32.64539033,On,Aggressive,5,Medium,465.4402181
42.8057308,2329.272658,175.2440437,42.38798184,City,33.1326335,17.95822273,On,Eco,2,High,210.0305261
66.92459795,2401.456171,176.6125455,26.57115085,City,79.02497695,25.16694192,On,Aggressive,1,Medium,366.2841224
30.74652959,2374.630817,195.804429,22.15698256,City,63.26678184,27.93931368,On,Eco,4,High,123.3295812
49.73430916,1953.121535,280.0214407,41.47021331,City,19.4108262,25.33696913,On,Normal,2,Medium,242.3607495
88.11693721,1944.730982,252.196344,31.72107652,City,86.53202154,32.78453783,On,Normal,5,High,455.1474044
109.3447961,1604.81595,168.2712168,42.98239997,City,67.62315433,34.79126564,Off,Normal,4,Medium,642.8042005
37.93424797,2128.596823,232.4878238,33.35884317,City,24.52384409,17.31669317,On,Eco,3,Medium,172.1893589
62.11954527,1796.941028,200.6965197,30.38007239,City,59.22342612,17.59909808,Off,Normal,5,High,325.9926157
94.0056775,2016.157107,178.1680917,33.53616225,City,177.2872111,17.60648227,On,Aggressive,2,Medium,498.6927178
46.32285077,1642.686856,106.1557855,42.45676957,City,60.4097731,28.62354192,Off,Normal,4,High,235.7263607
74.40679594,2097.244696,171.3447032,47.0666086,City,142.7910846,22.45352191,Off,Normal,5,High,402.8059077
88.64570368,2236.707276,118.9964609,21.4930159,City,122.4094159,29.66629323,On,Aggressive,4,High,489.8394414
79.27883602,1219.654385,279.562116,35.72334624,City,85.43623248,23.10942946,Off,Normal,4,Medium,424.2980056
45.04197877,2249.394573,140.4976352,20.98506287,City,47.80512736,27.55213443,On,Normal,4,High,211.7556776
58.43076549,1810.444798,288.5433635,34.05228635,City,73.80293987,30.39716011,Off,Eco,2,Medium,357.9265107
92.70334276,2266.998864,187.9332696,46.55848487,City,118.4214427,25.96431821,On,Aggressive,5,High,503.9888672
74.33812113,1646.95256,211.5706509,30.84770799,City,70.15064295,25.79007181,On,Normal,1,High,411.4235541
30.41836908,1568.560728,190.3057067,47.97351263,City,42.97928671,16.76468651,On,Eco,1,Medium,149.6868701
90.8792608,2372.591099,91.05134807,38.91825415,City,23.29254978,23.21563486,Off,Eco,2,Medium,565.0122287
32.8249084,1376.753901,150.1970926,48.02466031,City,175.9533876,25.91554306,Off,Aggressive,2,High,140.9589668
89.65870262,2266.318488,83.79506695,42.71499876,City,88.06259515,24.23961651,On,Eco,4,Medium,469.1725266
46.19844481,1726.030859,209.5089706,23.103055,City,125.0416643,33.01564,Off,Aggressive,5,High,219.128495
106.6458784,1771.143164,167.2498068,26.93454103,City,98.08207223,33.13061264,Off,Eco,5,Medium,616.4819668
59.4352601,1462.702422,246.7163932,31.82511364,City,174.5133037,31.43834761,On,Normal,3,Medium,296.8137401
56.15452931,1859.563301,112.9129154,25.10320646,City,109.3869705,22.50596151,Off,Normal,3,High,326.4459918
41.91104403,1487.816794,99.49585402,34.84734814,City,96.15628359,29.34598303,Off,Normal,1,Medium,234.6224173
54.44833724,1058.904121,157.5197354,34.14104467,City,184.9201981,22.90576922,Off,Aggressive,3,High,280.6665984
100.1320609,1407.997908,282.380492,48.68777594,City,143.9379192,19.65187198,Off,Normal,3,High,571.6653182
109.706747,1009.568565,230.5012356,33.01183649,City,22.30998147,21.85805287,On,Normal,1,Medium,626.1358599
59.46476244,2467.532181,160.54167,43.56880413,City,35.54089224,16.41929267,Off,Eco,1,High,364.6303586
65.88885048,2448.620815,184.1453207,48.25731635,City,157.4245726,21.63555018,On,Eco,3,Medium,346.1247384
87.76567506,1592.732946,80.21112268,46.30966493,City,167.1702642,24.21484435,Off,Eco,5,Medium,477.7867126
100.8956624,2092.556282,296.2982151,26.26002874,City,109.0381658,34.1096179,Off,Normal,3,High,602.8462333
77.44354673,1518.709148,219.9377531,34.88089683,City,110.8910456,21.26821172,Off,Eco,4,Medium,437.8129199
61.32205585,2006.639736,128.4969764,30.43219347,City,126.3865926,33.04907078,Off,Eco,4,High,327.7280558
63.00974727,2208.145065,200.5940146,31.99576085,City,87.82315486,19.57716552,On,Normal,4,High,351.9474866
85.64945172,2420.134367,86.27576786,30.82420479,City,136.0398247,18.81937796,On,Normal,2,Medium,485.0626143
30.25746109,1600.318414,291.8008005,44.79077631,City,21.69625151,25.37990913,Off,Normal,4,Medium,137.1762477
79.567147,2174.946974,101.9483971,33.56417165,City,192.2558485,28.45022739,On,Eco,5,High,429.7187669
58.43944084,1398.892676,215.5272763,35.71082997,City,150.0309648,15.88664502,Off,Eco,2,High,338.3524951
93.5357865,2485.498456,118.909071,49.47342071,City,126.2348408,19.4213173,Off,Aggressive,2,High,527.9944578
37.43925119,1038.654398,232.2147318,21.79937817,City,63.2644114,24.11367333,Off,Eco,4,Medium,195.1632269
77.05618136,1905.29321,246.4371281,34.63872919,City,32.19109749,21.62008672,On,Aggressive,3,Medium,398.5001532
68.47783119,1989.258972,221.6207349,43.22185121,City,81.86859277,29.25242159,Off,Aggressive,1,High,385.8069913
81.38604207,2032.068336,207.4798705,24.53485875,City,132.3153481,25.22321192,On,Normal,3,Medium,437.1421388
35.18828756,1180.581368,274.1925825,38.34594784,City,126.7419487,18.20718211,Off,Eco,3,High,194.2965855
76.39870299,2407.794675,78.87041064,27.18394339,City,76.52823101,32.88930759,Off,Aggressive,2,Medium,427.7682625
74.91876704,1271.774919,139.4195438,46.0221234,City,122.6572788,20.85811351,Off,Normal,2,High,421.4201099
74.85280755,1934.130105,119.5889951,29.81298996,City,162.7496591,29.62262218,On,Normal,2,High,414.2147746
78.27901333,1334.014119,297.1233509,29.87188451,City,5.256954468,30.59831558,On,Normal,5,High,426.8200221
84.11743498,1460.824626,153.4535471,37.94581636,City,90.12420959,34.26315401,Off,Eco,5,High,449.0399613
94.39911997,1819.687813,235.8270478,25.50688724,City,151.7110457,24.97014933,On,Eco,1,High,564.3123504
51.58565761,1625.790128,224.3340393,28.54665917,City,109.2288941,27.31671031,Off,Normal,2,High,273.7786751
96.00395281,1240.338401,110.899497,32.4989555,City,130.2952176,21.69752587,On,Normal,4,Medium,522.2653262
69.86045458,1256.404604,117.3594433,30.60913589,City,103.3352785,28.56358587,On,Normal,2,High,346.8858697
36.16466233,1627.217182,127.5082953,35.74631654,City,198.3749089,24.26766972,On,Normal,5,High,160.9011438
34.68407434,2135.924467,158.6705468,37.98920432,City,10.9243073,23.75304729,On,Normal,2,High,155.605266
56.7390655,2346.94697,116.2380158,37.00002361,City,98.20896435,32.10935058,Off,Normal,5,High,291.2578263
92.79175817,1126.191493,64.71635586,39.62504936,City,18.28330982,16.00337687,On,Aggressive,2,High,517.9564961
86.61447478,1589.655861,271.0543336,29.2324855,City,31.95711242,32.63924856,Off,Eco,4,Medium,473.5747679
93.08919717,1150.368346,291.7463595,23.79278681,City,76.60767008,32.04139676,Off,Normal,1,High,558.9100061
71.38152452,1024.888721,141.9768929,42.82422624,City,31.1080183,25.12732507,Off,Eco,4,High,418.1337225
65.21591984,1992.578024,141.2416511,45.52341148,City,192.7374332,24.80405708,Off,Normal,5,High,350.154749
41.79620214,1903.674163,61.70203507,27.71018697,City,189.3579553,22.23614736,Off,Normal,3,High,216.2159757
56.25542029,1244.528671,223.2601652,32.21275868,City,67.22192924,34.88347583,Off,Aggressive,4,Medium,290.8427908
64.72154929,1350.71925,258.105575,34.95707651,City,127.9495424,17.22338666,Off,Eco,2,Medium,375.8080494
37.08803437,1035.56163,95.18599209,35.99980528,City,106.7506641,26.80430471,Off,Aggressive,1,High,206.8129848
47.64895622,2252.420809,98.31992385,39.78470513,City,163.1173961,28.6336318,On,Eco,2,High,271.9023516
77.85802353,2462.035894,249.61998,21.248097,City,125.489122,33.68660016,Off,Normal,2,Medium,443.2122021
88.85304914,1203.189305,207.9097796,41.64431248,City,0.050490898,30.60406994,On,Eco,4,High,503.0627508
109.8678009,1347.212821,70.76653383,21.85913021,City,152.6348771,27.87694406,Off,Aggressive,1,Medium,635.7296998
104.6490665,2302.614286,209.4112777,34.04865703,City,149.3696243,17.33624634,Off,Normal,3,High,615.2787249
81.40521596,2389.695697,134.1402535,44.83013407,City,101.9445411,22.47467034,Off,Normal,2,Medium,471.293082
63.69984426,1629.441074,148.4940373,33.5364594,City,180.5837946,17.77683285,Off,Aggressive,1,Medium,352.2460714
80.89418918,1075.933708,244.7355404,24.47269246,City,181.6892411,32.62425465,On,Eco,3,High,467.0806507
92.85212945,1059.087751,254.6244462,49.55101535,City,104.7823353,29.99242311,On,Eco,2,High,535.1637076
39.46689527,1860.924799,156.0855904,46.67856386,City,121.5976462,30.15073574,Off,Aggressive,1,High,205.4060307
62.79239118,1589.342663,287.3167046,43.139409,City,199.3044144,28.04513036,Off,Normal,4,High,328.7404332
97.18418285,1042.978641,157.5510523,32.34534809,City,59.76404696,25.14087074,On,Eco,2,Medium,564.9102977
60.70663615,1874.878588,245.2406485,25.51537181,City,64.92344846,17.99942119,Off,Normal,2,Medium,335.4224138
75.7497817,1016.953805,176.1305435,48.24233544,City,36.55478053,21.59389773,Off,Normal,1,High,456.734108
77.02154887,2181.057937,275.4077584,35.9705338,City,179.1733878,17.73831585,On,Eco,2,Medium,420.6073331
44.75810025,1459.649234,277.8626985,45.57066381,City,148.897678,29.49826286,Off,Eco,3,High,251.3514282
58.97883533,1060.387005,80.98003389,30.26285017,City,21.12856977,18.20457552,On,Eco,2,High,328.1087546
56.7609031,1882.528331,284.7583995,30.05864951,City,196.3534702,29.042271,On,Normal,5,High,285.5193207
32.09573668,1596.526622,258.128362,49.56621442,City,146.1923416,28.84510779,Off,Aggressive,3,Medium,139.9128826
31.93534111,2460.70062,249.9145714,35.65499145,City,170.1044219,24.18608958,Off,Aggressive,1,High,149.0907182
96.53576349,1816.297994,108.2187215,24.22086272,City,9.630157835,17.70457308,Off,Normal,3,Medium,575.2758374
51.8456648,1412.858772,253.2286101,26.59024034,City,100.9921838,21.29601652,Off,Eco,5,High,271.2368903
71.4463013,2064.158297,264.0318563,34.45832838,City,139.7196573,21.40186218,On,Aggressive,5,Medium,365.0906647
53.89804589,1407.238004,129.3960803,21.27412731,City,108.5893169,29.00770266,On,Normal,2,Medium,260.9904951
105.2543396,2356.364937,288.5424188,33.87601956,City,133.3294931,17.27486039,Off,Eco,2,Medium,622.3340397
50.74374071,1562.082956,71.96643514,32.56822526,City,163.5748127,31.58137292,Off,Aggressive,4,Medium,275.322907
64.37254502,1824.802844,95.97822078,43.38008796,City,74.86741259,30.2201458,Off,Normal,3,High,355.3344591
99.81842004,1075.859656,189.0194731,30.64825893,City,169.7337351,18.72613836,Off,Normal,4,Medium,571.9455859
97.35468534,1639.181857,198.1901931,49.47646285,City,32.58322095,29.38328764,On,Normal,5,Medium,548.4150783
44.88811343,2248.545309,214.83602,25.42309758,City,54.17721101,28.37026363,On,Eco,2,High,240.8785645
94.21146478,2208.473208,64.07259104,37.72960055,City,8.669123985,29.962416,Off,Eco,2,Medium,562.6258965
66.65495094,1336.477838,290.4880259,22.69097891,City,72.88536227,18.77857111,Off,Normal,2,High,395.60593
68.63750977,1339.118607,70.70114226,42.01591952,City,75.98190896,18.15180644,On,Eco,1,Medium,369.6544402
40.67839779,2225.957968,94.33486865,49.84261064,City,161.0541194,19.72967972,Off,Normal,5,High,187.5852417
36.4481211,2395.59763,63.36348421,44.57415913,City,130.6261341,22.31743406,On,Normal,2,Medium,169.5651883
88.23514456,1143.041382,196.046024,36.67110622,City,87.34451163,30.87329962,Off,Normal,5,Medium,468.8517244
69.71689219,1675.087959,283.7440521,34.54224072,City,130.4227957,29.75847875,On,Normal,2,Medium,397.4436499
64.94805621,1506.181418,219.8273199,45.05089884,City,10.5566701,33.50903185,On,Normal,3,Medium,351.4827876
88.36065829,2306.032683,257.4377924,48.07922254,City,36.0543072,16.17259118,On,Aggressive,5,High,471.725789
91.24103192,1125.287372,63.18748883,49.67619577,City,125.389571,15.23112562,On,Normal,4,Medium,513.1335951
42.71265341,1316.688914,190.0836716,31.89617683,City,128.2733638,28.98277659,On,Eco,1,High,245.4554871
78.81801196,2128.702506,170.2951146,49.72752424,City,154.8269317,20.58574992,On,Eco,4,High,427.9496927
40.82832658,1076.940773,179.7523066,24.67778757,City,80.59995181,21.68157791,On,Normal,5,High,165.0115532
90.11000688,1738.803071,77.33116448,27.60649328,City,144.5108193,25.93604052,On,Eco,2,High,512.7699895
82.5564125,1663.160552,224.2644867,22.67048374,City,136.7960665,17.04826246,On,Eco,5,Medium,441.9924373
106.5291697,1501.601768,180.7728996,28.15215549,City,192.6786757,27.85388833,Off,Eco,1,Medium,652.3679012
35.51664131,1591.858473,243.635724,43.03812655,City,43.02604528,21.50294892,Off,Normal,5,Medium,163.455915
34.56437769,1794.91088,176.4697522,45.58773075,City,110.3359128,27.65430249,On,Aggressive,2,Medium,124.3730924
52.57496598,1242.051038,95.85159269,43.36677935,City,120.3528884,31.68013826,Off,Eco,4,Medium,297.6445447
81.08558225,1537.783268,262.8116911,83.61490088,Highway,122.9236269,31.64765225,On,Normal,4,Medium,436.107642
79.98738381,1836.057337,231.2813249,98.58044021,Highway,172.3117493,24.60628547,On,Normal,1,Medium,425.2626836
77.75401086,1618.605635,127.9639852,87.10555974,Highway,276.2517558,39.81071638,On,Eco,4,Medium,374.2484436
42.75409655,1253.453883,203.8988784,88.44766236,Highway,275.1306053,25.56633321,On,Aggressive,2,Medium,196.1190861
80.76534395,1111.029985,163.2465491,94.67313736,Highway,69.00550191,35.66613976,On,Aggressive,4,Low,405.0528491
64.4131562,1354.347243,61.58163908,110.4539079,Highway,90.64338385,26.2593812,On,Normal,4,Low,309.4351126
31.48736469,1086.550704,253.8296236,109.7594572,Highway,48.62060439,26.26084524,On,Normal,2,Medium,110.2258992
73.18115897,1927.91794,89.47928374,96.59891906,Highway,278.3371114,22.07725853,On,Aggressive,3,Low,357.5627573
109.1413396,2193.576402,182.3890814,84.74684617,Highway,119.3592391,31.19791622,On,Eco,3,Low,596.0971814
57.97916727,1509.611152,140.6942863,91.2276648,Highway,134.9115435,24.89664676,On,Eco,2,Medium,310.9095953
107.2447375,1580.666583,142.1013699,100.2142311,Highway,240.7922342,22.96789516,On,Eco,2,Medium,601.3756002
37.69645933,2224.286594,174.567572,114.7764711,Highway,153.8920418,24.53333389,On,Aggressive,5,Medium,110.8322051
88.59600927,1333.919369,299.285545,118.7301846,Highway,35.92664467,25.02186314,On,Normal,5,Low,451.6360376
39.14639957,1178.740398,158.0111234,105.4988374,Highway,131.3546128,30.08166912,On,Aggressive,4,Low,131.6649469
51.88572588,1751.677176,103.7590152,94.02745962,Highway,189.157213,27.71846073,On,Eco,4,Medium,228.6122662
75.66726683,1969.285254,207.2655211,107.7381381,Highway,215.7627263,21.50980562,On,Aggressive,5,Medium,371.4252472
77.42237552,1899.481638,116.7090499,93.44920543,Highway,193.6055558,30.72057166,On,Aggressive,4,Medium,387.3307406
92.01690538,2070.809568,85.33179281,105.0189381,Highway,35.75421577,35.75494903,On,Aggressive,3,Medium,450.8534758
79.22491258,1085.126773,72.0418013,89.75066287,Highway,91.30335755,31.48470322,On,Normal,3,Low,430.3334925
77.48917635,1642.302419,65.49150576,90.67954805,Highway,220.0693935,39.49080505,On,Aggressive,1,Medium,373.0026537
102.988247,1357.855786,163.4795156,83.00902356,Highway,264.0570583,21.98300416,On,Aggressive,5,Low,527.5224865
66.17286018,2138.681889,162.4141872,96.80564609,Highway,14.15592452,36.42304674,On,Normal,3,Medium,315.9271286
48.0212623,2309.095726,104.530896,104.7269808,Highway,12.66873242,30.1138534,On,Normal,1,Low,239.8677599
42.9430868,1422.003611,248.1645729,111.5517978,Highway,193.0213588,30.43190355,On,Normal,2,Low,191.746885
61.99956774,1142.827119,91.0249507,112.4139418,Highway,164.4138462,30.38199869,On,Normal,3,Medium,294.2741566
87.02022042,1380.141943,279.6761262,119.697778,Highway,46.60171516,26.50637656,On,Normal,1,Low,463.2277591
33.40347879,1156.012734,201.0182346,83.51022903,Highway,164.4874745,26.49110028,On,Eco,4,Medium,127.9051052
40.32427092,1483.633249,66.62793027,99.72547074,Highway,292.3462031,32.63689013,On,Normal,1,Medium,178.0823094
38.48907681,1807.297867,291.1134302,100.854983,Highway,189.2700661,20.89530171,On,Eco,3,Medium,165.3465915
76.82001224,2460.521432,133.9059023,112.1813371,Highway,134.7423468,31.77572091,On,Eco,4,Low,397.759118
49.42917204,1599.055382,167.9939903,90.65434062,Highway,248.2597464,34.49181436,On,Eco,4,Medium,222.4954451
43.30075426,1330.059886,128.2244863,82.7748928,Highway,63.8467457,27.12652587,On,Aggressive,1,Low,208.0373014
77.42165758,1250.202611,234.8211115,92.55035241,Highway,124.2979292,24.34713879,On,Eco,1,Medium,428.3856328
90.90479324,1259.559649,176.563253,119.3571132,Highway,158.3303675,24.26773825,On,Aggressive,3,Low,452.340946
56.57239332,1288.896525,91.76951026,115.9776479,Highway,151.3619676,21.63679307,On,Normal,4,Medium,265.8673359
76.25636845,2143.400534,85.00894857,95.80987844,Highway,276.2917408,21.79438638,On,Normal,5,Medium,375.8496876
37.84995306,1091.541567,234.0900992,115.0508799,Highway,87.80043217,23.33375736,On,Eco,1,Low,167.514243
104.8152824,2496.10406,116.8995372,81.31017936,Highway,16.95111622,20.3834581,On,Eco,5,Low,588.6726368
56.95169483,1784.029587,93.07040991,92.5681631,Highway,274.9131614,25.32470815,On,Normal,5,Low,251.1125547
109.8004555,1816.407841,179.8626233,109.0724739,Highway,65.12029714,26.12803658,On,Eco,4,Medium,597.2557976
108.2870205,1536.345818,252.663669,88.85809004,Highway,113.7083922,39.90442507,On,Normal,3,Low,583.1707551
92.30587595,2035.383039,126.907859,87.93563806,Highway,159.2674874,39.83375475,On,Aggressive,5,Low,451.2688372
31.60536763,1707.184511,126.3435868,114.4723018,Highway,292.7641412,23.74097694,On,Eco,3,Low,127.6571459
73.47799363,1493.591927,260.1315025,104.6381584,Highway,160.5805325,24.26064316,On,Normal,1,Low,376.9858553
36.94691364,1397.707606,95.4801107,119.5609087,Highway,134.322992,29.83812741,On,Aggressive,4,Medium,129.8624105
101.6110421,2388.47681,208.014622,85.38678705,Highway,175.0915439,22.97568667,On,Aggressive,2,Low,525.2674555
93.17090021,1436.484273,289.2032359,94.24513629,Highway,291.242448,30.08078816,On,Aggressive,4,Low,449.14308
107.7872301,1654.589889,261.9127559,92.44853487,Highway,245.3833796,27.9877941,On,Aggressive,2,Medium,577.1324765
78.67063625,1525.512103,74.83565611,115.2052895,Highway,50.69044089,26.49245782,On,Normal,1,Medium,420.3494587
71.77382436,1129.268241,136.7786104,90.2118608,Highway,240.9780045,36.45210342,On,Aggressive,3,Medium,368.4680154
71.51790848,1278.901592,94.16987174,94.13843991,Highway,252.3297179,36.562354,On,Aggressive,1,Low,359.206333
60.91586996,1284.252963,287.817753,85.71335503,Highway,207.2082312,39.75778934,On,Normal,4,Low,253.6930271
67.49520538,2040.474272,296.6259759,111.0160393,Highway,197.1700378,24.46176228,On,Normal,2,Low,349.6056586
80.83300665,1609.878115,116.3983249,89.50813136,Highway,132.2631003,37.76554994,On,Normal,2,Low,387.0610475
104.6358086,2172.951345,220.7277708,82.73281089,Highway,192.5086161,30.75691859,On,Normal,4,Low,582.8057993
77.67074706,2063.426387,261.9916157,97.40434931,Highway,221.2724916,31.82918863,On,Eco,4,Medium,397.7650084
98.56927539,1288.07465,116.0832683,95.65832496,Highway,36.84607442,37.92586429,On,Normal,1,Low,515.1724127
99.0223929,1844.37538,105.0433522,87.10436817,Highway,77.19898806,38.85261593,On,Normal,5,Low,512.9858593
71.50661407,2114.363269,62.69064558,85.3439024,Highway,58.22456369,34.53622515,On,Normal,2,Low,363.5149748
57.79757132,1949.564385,158.8709897,115.8622885,Highway,252.3635511,26.95684864,On,Eco,4,Low,296.6946665
81.16590987,1900.024762,275.864991,82.71377946,Highway,204.0007775,29.79335979,On,Normal,1,Low,429.2269422
65.67018735,2109.416331,276.7151158,83.97243827,Highway,135.2335619,32.30107728,On,Eco,5,Low,336.8202635
36.51526939,1085.171109,90.6583506,89.80189125,Highway,247.8167251,36.57280078,On,Eco,3,Medium,139.9860715
60.22472803,2097.132921,109.0445953,118.1135676,Highway,215.034402,33.15895411,On,Normal,4,Medium,289.4049072
109.525771,1408.982895,157.9313594,83.41536998,Highway,274.0779245,27.30895233,On,Normal,5,Medium,574.6663244
33.8809496,1857.808382,247.3498908,112.6405931,Highway,23.04209883,28.35760903,On,Eco,3,Medium,113.7930105
85.73335295,1363.457492,206.844356,115.6820861,Highway,152.7472145,21.00875404,On,Normal,3,Medium,434.9953573
97.29509641,2258.226358,183.3239384,95.11470966,Highway,212.0243711,38.48535721,On,Normal,1,Medium,509.2462179
81.89807228,1720.839031,202.0636522,91.75577599,Highway,62.24795604,21.76238027,On,Normal,2,Low,431.9020679
75.57985849,1964.411818,83.08792651,107.0951091,Highway,98.13786959,31.59861581,On,Normal,4,Low,369.4307736
86.60435336,2191.123065,174.6392741,108.105384,Highway,125.6928754,37.43303762,On,Eco,5,Medium,399.4978128
64.34741898,2342.972883,298.0951895,111.1990865,Highway,238.2976855,28.41730499,On,Normal,3,Medium,304.6156985
37.30893898,2098.093146,81.22707527,113.2226713,Highway,148.0728603,36.00250975,On,Aggressive,2,Low,117.7495468
106.9897403,1223.152864,184.6192026,90.73581824,Highway,147.8610099,36.07632159,On,Normal,3,Low,557.8592173
64.5840616,2281.798554,130.9558228,107.4784641,Highway,129.2662856,21.19692077,On,Aggressive,4,Medium,294.5837051
83.23113897,1927.866874,189.5791912,85.39622897,Highway,68.57672679,28.24287451,On,Normal,4,Medium,427.7964844
72.50483495,1914.174638,197.7165024,100.4292533,Highway,276.9214607,33.82050973,On,Normal,1,Medium,382.2174963
34.37384576,2382.01084,198.5934955,104.5154767,Highway,95.3403362,28.44707018,On,Aggressive,4,Low,94.99840669
106.2197281,1373.247333,264.5301085,86.46927747,Highway,170.2396982,30.90334496,On,Normal,4,Medium,572.6169122
93.40297809,1359.381428,153.5393795,83.06026159,Highway,44.63392066,31.88915809,On,Aggressive,4,Medium,482.7474724
41.92783156,1769.790332,183.924999,87.78985145,Highway,130.2730176,23.02458753,On,Normal,2,Medium,173.3937124
108.5319101,2126.2946,62.62281575,96.82354991,Highway,271.1410549,28.23962412,On,Aggressive,5,Medium,563.9266234
88.95210977,1670.861062,249.4921444,115.5136391,Highway,298.6395716,20.56926443,On,Normal,5,Low,419.5320524
67.78573203,1950.837085,122.2770498,101.276577,Highway,108.525557,22.99252166,On,Aggressive,4,Medium,312.8795119
78.90960452,1678.787086,255.9732058,109.9397157,Highway,46.19716389,30.24508127,On,Eco,5,Low,406.1219928
38.53893456,1915.580771,123.7532799,86.96578113,Highway,94.33545802,31.47171996,On,Normal,4,Low,158.1114578
74.8329208,2233.393454,62.5892391,84.23912792,Highway,98.17253052,22.92468813,On,Aggressive,5,Medium,363.6223917
35.89288576,1270.715044,97.15951637,89.58469431,Highway,193.3526383,35.1123854,On,Eco,5,Medium,124.1575392
73.58842057,2043.067801,296.5638966,92.55521651,Highway,148.8470173,27.45975776,On,Normal,3,Low,382.6919262
74.2156551,2181.138609,136.752299,101.9240808,Highway,230.5379185,38.41299858,On,Aggressive,2,Low,349.2428864
99.95510281,1670.667111,86.11773648,115.2497328,Highway,210.3909853,27.75325447,On,Eco,3,Low,558.4259891
88.00460002,1484.850366,88.50211287,97.04370467,Highway,75.39261718,22.99621953,On,Normal,3,Low,434.6541001
49.96419138,1020.316486,134.4822514,100.7519275,Highway,235.276707,35.15940917,On,Normal,5,Low,201.5448187
101.0740914,2195.657534,69.03480987,80.18454144,Highway,254.2385601,31.35601601,On,Normal,1,Medium,533.558033
75.85941319,1491.907989,182.7572611,81.33248252,Highway,179.5170569,27.73376336,On,Eco,1,Medium,412.105335
78.51035829,1535.964204,111.2978197,83.350768,Highway,278.3003128,27.11914327,On,Eco,2,Medium,438.4059989
43.51850954,1504.009245,184.6345539,107.9597634,Highway,234.8844368,23.01537947,On,Eco,4,Low,195.7363823
98.62188768,1748.108996,93.78341249,99.44765475,Highway,178.6187721,26.81669255,On,Eco,5,Low,510.8558009
104.4772092,2053.74936,163.165735,87.71844794,Highway,271.8497992,20.58688282,On,Eco,2,Low,582.3402522
91.99925196,2157.794697,203.500046,103.7039775,Highway,180.1075441,30.04803828,On,Normal,3,Low,476.007176
105.2601962,1588.856081,74.8799852,101.7844861,Highway,156.3573382,37.93447484,On,Normal,5,Medium,548.454192
54.18399233,1994.653053,155.6998342,83.55197207,Highway,106.8775021,35.90661592,On,Normal,3,Medium,237.8710103
98.88953347,2081.026375,132.605717,105.6165109,Highway,264.8589992,20.57042394,On,Eco,2,Low,534.3329968
69.11145143,1445.375998,117.686356,110.6861949,Highway,36.81815126,37.62520653,On,Normal,1,Low,341.4004961
43.11337624,1144.932204,205.0883103,91.46217631,Highway,142.0508143,29.04649658,On,Normal,2,Medium,206.3800892
83.50404792,2341.998581,201.2500766,107.4995545,Highway,161.2239996,23.81782931,On,Aggressive,5,Medium,406.7904091
84.72962166,2015.673958,211.3679536,87.98878068,Highway,166.424732,35.0482391,On,Normal,5,Medium,421.3059128
52.9539611,1972.165613,98.1318409,110.2691525,Highway,195.5669491,26.457471,On,Aggressive,4,Low,244.4239116
32.19946653,1088.353773,128.5702188,116.4709668,Highway,151.7386873,25.06636846,On,Eco,1,Medium,112.4451863
45.98778073,2226.809586,110.3229067,97.67468495,Highway,77.04544429,23.22636814,On,Normal,5,Low,205.0506533
61.98220381,1849.081234,189.7208652,89.78488313,Highway,257.0833188,29.73243814,On,Normal,1,Medium,339.6443463
43.40503288,2271.826626,170.6557654,95.96706809,Highway,197.2575984,21.86787999,On,Aggressive,5,Medium,170.0257844
45.52239586,2461.841776,139.270497,90.00309891,Highway,257.4563441,35.71226258,On,Normal,1,Medium,189.8772703
61.31125315,2435.650481,248.6435541,80.04957503,Highway,82.81304729,29.41349153,On,Normal,2,Low,286.7809969
106.9429291,2284.13402,82.55369866,106.0182645,Highway,191.1170685,28.93952834,On,Eco,1,Low,601.520503
91.13948123,1016.421061,293.9752053,81.70106568,Highway,214.2521235,20.03707913,On,Normal,3,Medium,485.3061275
55.5798721,2328.590812,87.97057868,88.41562961,Highway,115.0215481,36.35727721,On,Eco,2,Low,239.9813334
106.1283255,1112.593471,245.536995,108.8979822,Highway,243.6732355,29.85674118,On,Eco,5,Medium,563.4303063
81.65174338,2276.790955,148.3752454,106.6290006,Highway,0.752632453,28.7978904,On,Eco,5,Low,418.2615631
66.43597157,1420.261103,267.662935,82.93315648,Highway,178.4759251,35.22769771,On,Aggressive,4,Medium,300.9360011
67.46401592,1915.102508,77.80078771,106.4021896,Highway,184.0705411,21.25797098,On,Normal,3,Low,317.547687
62.85955743,1057.102347,149.9332104,117.2229956,Highway,160.1529279,27.33360912,On,Aggressive,4,Low,251.0690127
48.6393642,2156.772544,140.5064176,82.98009876,Highway,189.0145461,31.51467915,On,Aggressive,2,Medium,217.601566
60.93057538,1167.559183,298.3576892,96.62752911,Highway,50.16805711,29.21155125,On,Aggressive,4,Medium,270.774478
72.23171072,1616.032258,296.5317588,109.1773556,Highway,205.4344445,23.6327778,On,Aggressive,2,Low,350.8444971
72.24218806,2226.169003,105.5529501,106.7089201,Highway,100.7366889,25.98553015,On,Aggressive,4,Medium,319.4039273
90.93895218,2043.023495,211.1872706,89.0604217,Highway,135.6161228,26.00401115,On,Eco,1,Medium,507.2735449
58.70382857,1009.064045,188.5246608,86.5226911,Highway,99.9328092,39.83941606,On,Eco,2,Medium,291.4332223
87.34384234,1604.548502,97.0496379,111.3698802,Highway,142.180861,26.52394238,On,Normal,2,Medium,459.7987968
76.2473471,1062.891275,100.2671295,118.2497862,Highway,186.470768,24.10364125,On,Normal,1,Low,400.1472678
106.9476324,2010.249791,297.4204148,110.7033387,Highway,251.5030413,36.45274306,On,Eco,1,Medium,577.1668642
60.82279408,2453.422738,168.6551985,118.5281793,Highway,145.0305173,28.4234251,On,Normal,3,Low,259.2352976
102.0973171,1982.891893,90.19231008,104.199817,Highway,96.96714828,28.87727389,On,Normal,1,Low,563.5415032
95.65140378,1336.558647,111.5496093,117.1639544,Highway,146.3825637,30.97778127,On,Aggressive,4,Low,476.3803039
81.01314277,1532.849548,124.4035361,107.6174278,Highway,206.6410992,31.91378395,On,Normal,1,Low,411.4368197
82.36115734,2464.975833,182.6201432,116.35539,Highway,104.010215,31.81111201,On,Normal,1,Medium,449.0644263
36.77199477,1336.078618,140.5315511,86.46355872,Highway,124.2846224,20.68999445,On,Normal,2,Low,160.0115449
106.0179684,1842.29361,169.2028286,112.6226086,Highway,168.8519451,36.37684866,On,Normal,2,Medium,549.9883318
38.55488508,1600.680713,99.95989226,87.86983204,Highway,88.20277915,23.89705638,On,Aggressive,1,Medium,164.7405376
75.0586647,2152.472947,138.4148857,81.09716408,Highway,62.72539786,25.84684256,On,Eco,3,Low,400.6566668
56.40566404,2301.083908,76.87598225,100.7034454,Highway,42.11768516,23.4685904,On,Normal,2,Medium,253.5025504
64.38815826,1511.255912,273.5304656,92.73007122,Highway,105.7829949,35.34153315,On,Normal,4,Low,273.6660298
78.81464087,1990.594546,107.7005945,81.74125447,Highway,14.50287193,31.67315985,On,Normal,4,Medium,393.2658991
102.7081102,1823.571546,241.6560325,119.2121751,Highway,175.044758,35.10592306,On,Eco,1,Medium,561.105501
66.60536989,1417.666735,143.8924292,106.6586438,Highway,52.7728098,33.06796811,On,Eco,1,Medium,380.378568
109.0183644,1407.911204,173.8553565,116.0724869,Highway,113.2184377,22.08317269,On,Eco,3,Low,608.176243
77.42496523,1807.947471,129.9026495,119.9633034,Highway,80.76684462,26.02999552,On,Normal,1,Low,407.2653861
42.84431541,1231.00431,227.1459051,95.67866947,Highway,189.1169899,30.14530319,On,Aggressive,5,Low,144.1647364
45.20074359,2216.214845,262.6911406,90.18948115,Highway,255.1036984,26.09890063,On,Normal,5,Medium,197.1012795
87.28888285,1103.507259,128.7048443,87.35537571,Highway,189.9903129,24.14607809,On,Eco,1,Low,481.5999024
34.03182354,1141.861729,118.1322345,100.6074843,Highway,162.7514786,37.39623938,On,Normal,5,Medium,81.94202819
68.4273261,1513.339463,223.5456637,104.2432311,Highway,200.7251218,34.9556735,On,Eco,4,Medium,357.1398133
41.85752878,1177.137637,106.8367345,98.89690944,Highway,8.997191328,26.90440121,On,Aggressive,1,Medium,204.9542115
64.65749081,1713.550032,213.5615437,95.49008059,Highway,36.85339829,35.30024725,On,Normal,4,Medium,305.5010534
89.99339377,1599.513836,82.66273913,86.73090254,Highway,28.47817079,32.55077237,On,Aggressive,4,Low,495.3469154
66.70503426,2082.714694,208.8329184,97.67438495,Highway,29.45914972,20.07571467,On,Normal,5,Low,306.9956729
43.07608872,2429.506233,183.2176162,83.40972548,Highway,78.14511456,27.60524052,On,Aggressive,3,Medium,174.1216715
50.15402963,2130.337877,87.33737174,114.6019104,Highway,159.6156781,25.80974998,On,Eco,4,Medium,217.8820166
59.40316709,1269.172994,215.7848724,81.87610608,Highway,34.4044736,24.35817243,On,Eco,5,Medium,280.9053944
35.56489468,2403.281928,167.1737177,95.22584247,Highway,280.5348724,25.03178788,On,Eco,3,Low,165.3854178
76.74701089,1588.200149,112.1076122,84.00551476,Highway,256.2770408,38.84729693,On,Normal,5,Medium,347.7782707
78.6027033,1711.284041,144.8121974,110.99922,Highway,291.4933061,29.72634136,On,Normal,5,Low,376.7984579
34.97215417,1632.364356,178.1045054,92.50947915,Highway,12.75001353,36.95417436,On,Normal,1,Low,147.119446
62.18490569,1420.820535,81.97301454,84.52422451,Highway,255.4207341,24.28434304,On,Aggressive,2,Low,306.6138497
63.12005463,2342.566432,289.826276,101.259652,Highway,241.1202226,23.48807599,On,Eco,3,Medium,305.4677755
56.70556548,1498.358299,219.7349175,116.6510803,Highway,270.6317594,37.77579177,On,Normal,5,Low,224.7257248
74.61917923,1867.894705,84.60839551,116.3457948,Highway,158.3832503,29.91409372,On,Aggressive,4,Low,332.1684536
57.6765992,1360.050377,257.4869242,89.98604165,Highway,236.3667212,37.90304251,On,Normal,4,Low,244.3189959
63.31274236,2196.063062,137.4131834,108.786387,Highway,15.3860638,21.26057706,On,Aggressive,2,Low,304.5303669
93.8018838,2161.297989,203.2318888,81.21136771,Highway,22.76333685,38.32871044,On,Normal,3,Low,484.1420312
42.96874843,1444.468208,126.514282,85.27407186,Highway,35.55967228,28.30890633,On,Normal,1,Medium,233.391611
79.52917562,2022.33111,236.0174268,99.97889481,Highway,274.436659,23.10740975,On,Eco,3,Medium,432.3307515
70.44755214,2055.8103,233.522154,89.15025738,Highway,18.35080482,33.66765379,On,Aggressive,4,Low,323.0370126
54.405731,1843.767124,192.4904296,111.9304742,Highway,30.04485801,35.93805367,On,Aggressive,4,Medium,217.3588236
88.20277252,1900.897573,117.8221422,117.2428869,Highway,279.1231208,20.94749455,On,Aggressive,1,Low,458.1254444
74.09506876,1861.681957,120.8889138,80.17333266,Highway,32.21777455,39.74391949,On,Normal,1,Medium,404.8527296
68.18892216,1122.796606,151.8870712,89.31663318,Highway,260.9268896,33.94053775,On,Aggressive,4,Medium,321.4241801
83.41354518,2005.398017,94.80292018,97.58213384,Highway,236.7812364,26.42803983,On,Normal,5,Low,420.1032214
94.18322464,1704.662515,141.0373712,102.5231715,Highway,12.08459656,23.02587591,On,Normal,5,Low,491.3780769
107.8135032,1657.685921,224.2451043,116.6361111,Highway,6.554219067,27.85062829,On,Aggressive,1,Medium,574.3950381
80.34802947,2289.998828,259.4028672,115.6753396,Highway,160.3165151,24.41131321,On,Eco,5,Medium,388.4424589
99.95519883,1034.84007,139.8197497,105.486804,Highway,299.1526211,29.88306447,On,Eco,1,Medium,559.458823
30.08732328,1376.972377,116.061662,90.29552056,Highway,263.649048,35.63785417,On,Normal,3,Low,91.88527212
72.41885542,1182.10525,259.8342188,111.3315124,Highway,93.00763001,33.20260778,On,Normal,3,Low,345.6832874
47.1718039,1053.011567,273.7689666,88.10607085,Highway,115.8927702,28.7186981,On,Normal,3,Medium,216.5541912
37.53539657,1413.515497,158.4051656,118.606893,Highway,116.3717989,22.37887849,On,Normal,1,Low,149.5658537
72.55768137,2482.714409,66.45699692,80.23359663,Highway,220.2536448,39.14313845,On,Aggressive,1,Medium,327.0183356
89.74612049,1405.34376,226.790789,102.7908202,Highway,102.3398258,25.40741051,On,Normal,5,Low,462.5626795
62.9818018,1995.55873,248.1679767,83.53588988,Highway,44.33911841,25.55669092,On,Eco,5,Low,315.1698682
83.60859595,1177.448335,64.32582076,96.30398121,Highway,224.1322226,32.91004444,On,Normal,5,Low,431.0773226
69.17754031,1902.771445,202.8074048,105.3973416,Highway,137.4046855,35.41019244,On,Aggressive,2,Medium,332.4880746
64.96686928,2476.722225,201.208502,107.5839398,Highway,23.03361711,39.68305531,On,Eco,1,Medium,322.9837362
53.22053123,1437.756285,150.8898981,111.4227788,Highway,237.0156805,39.38328521,On,Normal,3,Medium,229.9445046
60.60748116,2272.113425,239.9441582,103.7331081,Highway,175.5933792,38.27521048,On,Eco,3,Low,281.1733722
57.98365046,2496.357071,162.7629691,90.05277405,Highway,146.8107976,28.70627135,On,Normal,2,Low,248.0645972
81.69497472,1882.831133,222.4262284,115.5701297,Highway,202.0029501,23.3333932,On,Eco,2,Medium,418.356235
39.2814809,1464.101651,184.1081531,112.4442965,Highway,151.6103048,31.68942407,On,Normal,3,Medium,150.4923088
37.4109095,2010.29689,119.6315051,86.40209271,Highway,194.5260444,20.34513011,On,Normal,1,Low,165.5498891
82.80103954,2267.272309,205.5602071,113.0604474,Highway,260.2465636,23.92497678,On,Aggressive,3,Low,416.0197258
73.70384559,1257.025364,236.8580388,118.9057806,Highway,184.0543104,20.05058794,On,Normal,3,Low,377.5251392
64.41600774,1678.773646,293.7373616,105.4887647,Highway,197.8801494,23.61071825,On,Aggressive,2,Low,318.9620002
42.19543075,1478.781565,151.2261472,91.27220892,Highway,184.1568208,29.49514247,On,Normal,2,Low,189.9398358
62.88216895,1425.038495,75.47341072,104.2637533,Highway,159.3539333,27.86648622,On,Eco,5,Low,309.3261216
93.17854107,2291.231891,297.1130931,93.70140277,Highway,51.59172329,27.3859313,On,Eco,2,Medium,539.5766315
101.1696989,1632.48101,209.7135983,107.0378588,Highway,100.7032931,36.61905728,On,Aggressive,3,Low,515.258194
86.2061256,1508.614513,287.14811,101.7919984,Highway,207.9326902,33.49992609,On,Normal,5,Medium,439.3702657
34.79297407,1905.265812,84.91850064,117.1796245,Highway,127.642832,38.72863526,On,Aggressive,3,Low,100.5953636
83.63278213,1329.102369,142.0881216,104.7163417,Highway,121.8387036,28.90682181,On,Eco,1,Low,471.1360744
49.27884716,1344.840236,92.14480773,88.55926735,Highway,227.7807852,25.44459351,On,Eco,1,Medium,275.3183748
55.22009944,1780.433096,260.5224371,109.0043949,Highway,1.670658187,22.45369076,On,Normal,2,Low,249.929611
45.66985664,1613.909093,271.2822579,92.03513271,Highway,203.6983441,33.44054791,On,Normal,5,Medium,168.1477267
92.06046325,1442.473576,180.314808,90.89563812,Highway,146.7679531,36.83482177,On,Eco,4,Medium,479.1401011
81.88816981,1080.926698,104.7854922,95.67106502,Highway,113.0287744,23.67478729,On,Normal,1,Medium,424.8274519
78.94680437,1781.161358,90.50855257,80.47986716,Highway,102.1609835,37.57505489,On,Normal,1,Low,400.3524595
83.43780877,2224.913808,201.1593864,118.7656264,Highway,51.86264859,30.52552403,On,Normal,1,Medium,472.1857138
48.94178091,2277.065808,181.5303179,101.2932445,Highway,100.2756248,22.88161264,On,Eco,1,Medium,248.0670507
65.57155315,1353.15997,226.7493846,110.9397558,Highway,117.4255416,32.8572665,On,Normal,2,Low,328.2146428
80.66029772,1899.461806,133.249743,90.3140889,Highway,131.2346758,30.40105483,On,Normal,5,Medium,403.4307543
80.92752221,2283.821964,156.5683188,109.8647253,Highway,201.6901916,20.56367095,On,Normal,1,Medium,452.466182
93.34814902,1613.088892,65.12665772,102.6868201,Highway,136.0713058,27.98486409,On,Normal,2,Low,507.6652513
52.96831734,2398.205226,206.4343308,96.96576695,Highway,238.8852913,35.69575986,On,Aggressive,5,Medium,193.3214298
91.62688974,2354.467794,161.5544451,118.826769,Highway,191.9213992,31.10847507,On,Normal,5,Low,483.9468142
65.21475845,1312.200846,280.7435121,99.75374857,Highway,56.87912385,25.64082253,On,Aggressive,4,Medium,311.5153865
83.61381536,1388.447249,214.0287114,106.2983433,Highway,83.15195183,38.57283527,On,Normal,3,Low,406.8081882
66.45755041,1270.662998,155.6866779,80.61368766,Highway,23.77475593,24.75558076,On,Eco,1,Medium,336.3330614
105.8888136,1294.081527,123.2614034,92.05820826,Highway,283.7165265,25.05472014,On,Normal,2,Medium,586.8142498
44.34418118,2361.793131,277.2683862,115.5476626,Highway,265.9651444,27.09278693,On,Normal,5,Low,163.5481461
84.00040709,2396.706864,63.90361779,110.3583624,Highway,25.43886764,37.89075723,On,Normal,4,Medium,405.3209625
76.12280006,1077.845862,138.4589921,101.4701614,Highway,172.2228048,30.15250791,On,Normal,3,Medium,387.6175808
43.81848328,1890.405034,286.4413401,116.0063883,Highway,288.1205457,33.64358118,On,Eco,5,Medium,156.4617624
35.28050686,1846.347344,216.9679217,99.44882053,Highway,224.142837,39.52528345,On,Normal,5,Low,133.7314908
93.93155112,1585.82147,187.8525771,102.6602826,Highway,147.5436582,35.66592594,On,Normal,1,Low,480.5326059
42.59610669,1947.546389,108.8483323,95.28611389,Highway,72.33089667,23.45200237,On,Normal,3,Low,191.7922304
44.92053462,2421.051738,260.0099458,104.8016015,Highway,83.71112252,35.76707858,On,Normal,3,Medium,172.0004985
108.2747379,1255.382324,109.007775,92.76006124,Highway,220.8713864,34.96674298,On,Aggressive,2,Low,547.1834656
87.38086812,1180.616365,119.5808476,95.4196871,Highway,234.172582,24.65233989,On,Normal,4,Medium,454.094795
50.03894733,1050.085856,106.0442743,118.6530505,Highway,158.6079973,26.50699662,On,Eco,2,Low,242.211619
77.27591681,1545.749962,97.95587054,84.45234719,Highway,36.28461046,34.2025648,On,Aggressive,4,Low,376.1971495
72.72894707,1506.442716,288.794999,84.21021381,Highway,280.1605121,24.76786188,On,Eco,2,Low,408.4380355
97.5578614,1646.229532,204.4875831,81.73264078,Highway,253.4288204,24.16373738,On,Normal,4,Low,542.9674374
88.34565983,1754.965046,213.0809117,92.80178079,Highway,42.16163371,34.06945544,On,Eco,1,Medium,500.635742
96.53769004,2136.735991,289.0381118,95.9291697,Highway,17.01827509,37.61190986,On,Eco,4,Low,505.0707537
46.92052704,1588.170086,115.3380132,83.78062576,Highway,160.7603048,21.50033365,On,Eco,2,Medium,217.7252713
81.21753635,1495.919664,61.42020926,101.9652398,Highway,85.24278532,28.91815471,On,Normal,3,Low,404.5401868
33.21926867,2240.31823,203.7320759,103.3320612,Highway,84.97491282,32.14350441,On,Eco,5,Medium,113.108989
35.51524898,2274.695006,181.8827648,110.0410677,Highway,26.16647783,33.52553572,On,Eco,4,Medium,170.4432163
87.08216262,1349.148946,174.6360906,119.0387247,Highway,286.0157506,39.92391825,On,Normal,4,Low,412.910063
31.95360821,1472.007734,74.8512507,104.7740899,Highway,249.0499379,33.65383921,On,Normal,3,Medium,134.5348263
76.38120071,2237.674556,169.064368,84.46603227,Highway,34.15037756,32.40308226,On,Aggressive,1,Medium,391.809593
97.23240788,1119.112366,129.0142956,83.54096973,Highway,262.9796303,39.79468305,On,Aggressive,2,Low,483.7952889
60.39534467,1488.770171,125.8955225,111.1018745,Highway,204.8868168,21.21336281,On,Normal,1,Low,294.2866373
33.58723495,1672.525161,113.3715792,106.0133651,Highway,97.63233955,21.48873792,On,Aggressive,4,Low,98.38482585
87.10779597,1280.607423,139.8068063,86.47657579,Highway,261.3751663,31.21365053,On,Normal,4,Medium,446.2158577
104.3749162,1269.871295,144.751938,90.13439891,Highway,179.4066563,27.17329229,On,Normal,1,Low,602.5175526
87.37371136,1637.293087,134.1061863,110.0096155,Highway,254.6009533,21.93395027,On,Normal,2,Low,460.0621286
76.27577944,2131.782587,294.9006518,102.6462313,Highway,140.7803773,26.12897792,On,Eco,4,Medium,393.008099
48.40230639,2260.349469,283.8554605,103.4000025,Highway,150.195312,33.48708975,On,Normal,4,Low,207.7239675
31.23004992,2468.852639,197.8824239,88.40034685,Highway,87.30300882,37.61229927,On,Normal,1,Low,117.435758
85.57376868,1110.976075,295.4531612,105.1623193,Highway,116.3078076,21.88648953,On,Eco,5,Medium,448.4965014
48.48209407,1325.023302,297.8875225,110.8251438,Highway,170.3256207,30.80290125,On,Eco,3,Low,229.6304764
98.65301417,2134.944764,145.4255304,115.410089,Highway,284.1177671,25.9223113,On,Eco,4,Medium,543.0496931
67.30912951,1810.898059,166.845011,109.468693,Highway,180.035328,33.34652327,On,Aggressive,2,Low,311.3763018
72.45084659,1491.519661,290.1748265,103.055026,Highway,44.21345753,30.98902989,On,Aggressive,5,Medium,333.9654172
90.31492354,1308.384492,206.0702878,106.9303723,Highway,2.098855643,38.53422012,On,Normal,1,Medium,474.882076
92.35444862,1420.716327,111.1029799,99.4044585,Highway,255.2963567,20.75367774,On,Eco,1,Low,503.1846271
81.41206665,1643.933425,225.4513604,89.07592972,Highway,109.297627,29.4007455,On,Eco,2,Low,439.6368803
105.0745452,1265.726829,109.3790837,115.2882789,Highway,94.48978189,23.85519111,On,Aggressive,5,Medium,528.7932558
108.5838749,2446.338934,141.4458585,101.3049053,Highway,240.2193369,30.73563417,On,Eco,2,Medium,596.2790467
105.7508355,1161.382667,114.6144391,103.7727324,Highway,283.6092897,37.07158688,On,Aggressive,4,Medium,549.5673325
95.93433483,2478.366152,118.7952518,119.6043566,Highway,224.4135265,38.22633056,On,Normal,5,Low,461.8441209
86.45001762,2262.839929,61.11733958,119.4006271,Highway,52.15419387,27.96463326,On,Aggressive,3,Medium,433.8272268
83.06606863,1634.727426,271.3701197,103.4524394,Highway,117.4134881,36.23561047,On,Normal,3,Medium,401.4335682
38.30001415,2109.724502,131.0377189,81.35829048,Highway,227.8195657,25.61016149,On,Normal,2,Low,151.6476531
51.71874775,2007.272866,80.72985109,95.84590152,Highway,272.0777444,20.12609893,On,Normal,3,Low,221.1986827
30.45505788,1319.930377,80.87697736,117.4917312,Highway,299.5800192,37.10478115,On,Aggressive,2,Medium,58.71460057
40.99278962,1508.605129,193.4443864,91.5322637,Highway,153.4682721,22.38824485,On,Aggressive,4,Medium,149.3540048
65.13835817,1769.683844,298.3009321,119.9707474,Highway,246.7574455,20.35222247,On,Normal,4,Medium,308.406135
41.72292406,1956.76627,94.80539214,83.37270107,Highway,13.98949283,27.07595327,On,Normal,2,Low,197.1833531
102.1330732,1814.342472,83.90922743,102.7245672,Highway,85.74742493,27.58759979,On,Aggressive,4,Low,530.3650891
94.45593483,1709.481192,165.1929313,100.6179744,Highway,111.454021,21.54440342,On,Aggressive,3,Medium,481.2574986
35.72895297,1664.72841,195.1995009,90.21411653,Highway,292.6571536,36.28365293,On,Normal,4,Low,101.9616234
49.91309724,1747.396749,130.6512861,117.9442852,Highway,1.018094464,28.1118546,On,Eco,3,Low,225.501841
95.52575077,1651.52728,132.6053022,104.7668484,Highway,92.40622133,29.79847228,On,Eco,3,Low,509.9796393
94.24369012,1811.995116,161.8743604,89.20913134,Highway,279.1236779,25.29250536,On,Aggressive,1,Low,499.2190352
105.636044,2331.977949,135.3949476,95.36192791,Highway,92.00347051,30.23013505,On,Eco,4,Low,588.6524819
109.8038209,1949.24397,279.6795801,108.8491771,Highway,67.52002974,35.33462781,On,Eco,4,Low,586.827505
108.1016051,2083.931312,70.06909711,91.90786851,Highway,219.0265534,38.12365431,On,Eco,2,Medium,609.3963305
62.81103886,1896.224701,116.2968384,115.1842481,Highway,223.6016679,39.41059201,On,Normal,2,Medium,276.5265063
50.0262755,1964.526524,254.0526711,86.62695592,Highway,141.6533648,28.53447849,On,Normal,5,Low,200.2185483
90.67281523,1867.524743,260.1499499,90.58020359,Highway,284.075241,39.80067718,On,Eco,3,Medium,466.6443827
53.94183142,1040.299783,86.77321895,85.79594453,Highway,60.81212386,25.89911423,On,Eco,1,Medium,302.7533355
94.51202881,2499.397573,293.703228,84.16715355,Highway,274.0247502,20.13951871,On,Normal,3,Medium,477.8323186
72.71637843,1050.41386,226.405164,92.01261694,Highway,226.652423,35.35234088,On,Aggressive,4,Low,331.1724265
93.51418202,1592.722012,125.4223334,119.9671499,Highway,110.4625023,23.56871297,On,Eco,5,Low,483.6155834
52.07039038,1157.673517,169.4490876,83.77317653,Highway,242.0725859,21.04909676,On,Eco,3,Medium,267.1629312
70.64218524,1145.392676,131.3132687,88.52008767,Highway,39.96065292,38.48017845,On,Normal,5,Medium,334.1890781
75.12190349,2190.290428,96.00533997,90.86467196,Highway,39.29474796,35.83621661,On,Aggressive,3,Medium,365.0113581
105.4486454,1638.888669,129.8827355,104.7651874,Highway,278.981161,22.05329603,On,Normal,4,Medium,570.8468218
51.32780615,2201.708062,199.222065,109.8138279,Highway,28.43415235,35.53820305,On,Normal,4,Medium,246.8855191
104.9350591,1409.179706,258.2327268,110.077347,Highway,1.223882055,36.87999395,On,Aggressive,3,Medium,562.9191592
94.38871324,1384.694188,147.246978,80.34543928,Highway,116.7091475,38.1060333,On,Eco,1,Low,522.7488236
88.47152433,1376.847073,143.4963697,106.0740184,Highway,31.15529233,30.87388135,On,Eco,4,Medium,466.808535
92.94962153,1924.21844,172.3201683,105.2294752,Highway,258.910948,34.06824141,On,Normal,2,Low,490.830849
78.43400367,2222.499085,214.693344,100.7061873,Highway,276.808054,35.24478558,On,Aggressive,1,Medium,400.5838705
49.52640084,1678.391515,240.387903,95.16834246,Highway,144.7279093,33.7727787,On,Normal,3,Medium,245.518986
45.15959751,1568.873336,138.4318812,111.8977679,Highway,127.6414599,32.93667241,On,Aggressive,1,Medium,188.6945587
99.30731487,2460.369331,200.7245923,93.75523182,Highway,161.7117831,30.95118506,On,Normal,2,Low,511.1203131
88.01115221,1175.131054,153.4466019,89.20049088,Highway,67.85838745,29.58390908,On,Normal,4,Low,434.6774942
47.05634262,1729.949023,231.9359641,92.40380698,Highway,89.38975843,39.92250039,On,Eco,4,Medium,213.4927111
79.20746927,1612.73163,99.52198092,97.58591668,Highway,30.29315115,26.75121561,On,Eco,4,Low,433.1273086
65.80371851,1147.189895,121.6619676,88.56229552,Highway,133.9350273,21.76537541,On,Normal,2,Low,336.1244956
42.6924136,1402.300543,162.2545008,104.3028498,Highway,183.5074868,35.3007393,On,Eco,1,Low,187.4648807
72.54856875,1042.661819,273.4595496,115.3683681,Highway,279.0671203,24.27648756,On,Eco,3,Medium,401.1794468
52.5215274,2315.431433,197.5981894,103.818405,Highway,221.7219512,30.65386719,On,Aggressive,3,Medium,259.8049705
37.69952993,1911.774293,291.6950686,97.8667323,Highway,216.9191201,21.91603033,On,Aggressive,1,Medium,165.772391
67.35666388,2222.527747,84.78664447,111.8747506,Highway,92.39968863,32.38567722,On,Eco,4,Low,334.1515584
77.20868417,1782.331679,170.4420993,109.9215449,Highway,266.4879893,38.88014808,On,Normal,3,Low,362.3009001
33.75251283,1899.264744,160.5788472,94.68232486,Highway,284.086709,34.45409425,On,Eco,4,Medium,128.7538064
62.16741995,2051.281717,204.0494823,104.1661388,Highway,279.678881,24.29069556,On,Eco,5,Medium,288.1295168
50.61295359,2362.017441,254.8715061,109.1937144,Highway,11.64090796,39.42276091,On,Normal,5,Low,201.4515449
32.45204726,1137.627832,261.9475261,89.81853032,Highway,181.3051909,26.14173862,On,Normal,3,Medium,123.2194305
40.05300397,1496.422592,220.8467061,94.65095516,Highway,192.9675317,28.73229973,On,Eco,1,Medium,183.4642902
41.12273271,2063.539286,213.9687274,84.23104282,Highway,88.51954806,29.96234041,On,Normal,1,Medium,209.7303105
44.62993985,2437.525845,287.7670901,119.5072111,Highway,297.7236549,39.81437487,On,Eco,1,Medium,198.6436862
94.27020572,2471.211143,152.0849764,83.43510602,Highway,87.35623765,21.37782801,On,Aggressive,4,Low,490.4683046
65.15934932,1957.154514,259.8679954,86.744245,Highway,64.98349745,33.93456589,On,Normal,5,Medium,312.5609692
41.76687938,1290.397717,281.1608945,99.19327799,Highway,145.2436951,27.23861751,On,Normal,4,Medium,179.8210974
38.02375735,1178.813367,177.9694186,114.6108733,Highway,96.94421393,21.56650638,On,Eco,2,Low,162.9676985
53.8352367,2419.065466,234.9846189,94.23528092,Highway,277.208838,38.70063315,On,Normal,2,Low,272.1639283
93.8412415,1650.891534,150.4847656,110.7438459,Highway,132.0230194,31.79716638,On,Normal,3,Medium,531.4816368
59.15678784,1292.22405,98.13096341,107.0413629,Highway,123.0448664,35.07036015,On,Aggressive,2,Medium,248.9285525
42.79178882,2400.838774,200.7609316,105.5465631,Highway,187.758639,24.80770871,On,Eco,1,Low,199.5021188
62.32929452,1156.786407,107.1531962,113.80069,Highway,24.33440138,35.23081845,On,Aggressive,3,Medium,260.3173413
74.42492458,2094.356645,169.8237914,80.56681159,Highway,227.019884,36.5695088,On,Normal,5,Low,319.0225928
32.36673469,1937.894541,269.4910352,117.1661215,Highway,230.5196465,28.61658794,On,Eco,5,Medium,135.4290638
80.21134412,1131.601997,80.64436502,113.1690472,Highway,142.2077504,31.43912945,On,Normal,2,Medium,420.1300249
61.60806024,1508.123193,67.30284856,117.5146888,Highway,286.7093823,39.4374507,On,Normal,2,Medium,265.4298338
30.77807001,1224.896034,205.5546834,111.7435154,Highway,173.8017332,36.93459283,On,Aggressive,5,Medium,50
83.91115192,1906.747889,139.4547184,115.1436563,Highway,208.5709363,28.89700122,On,Normal,2,Medium,445.1866835
86.99101085,1715.669548,160.3050497,88.12312193,Highway,277.3034867,33.29147718,On,Normal,2,Medium,473.0952149
80.30718308,1006.412687,157.3705413,92.76916268,Highway,199.903603,35.68462954,On,Eco,4,Low,404.6788457
57.35441741,2463.565849,80.78885496,92.60884054,Highway,129.5478023,20.48657641,On,Eco,5,Low,284.7799535
72.36838833,1524.376975,60.85594384,84.36666984,Highway,7.43135269,31.76731973,On,Normal,5,Medium,374.4495056
60.97261649,1387.306589,275.6215783,109.1831702,Highway,218.4897947,39.69057227,On,Normal,2,Low,258.3837881
86.04973841,1333.664434,112.2716546,85.44683571,Highway,289.4598035,38.943613,On,Normal,1,Low,429.3347107
76.6864149,1238.223844,162.258958,82.10036664,Highway,141.0705371,36.6488079,On,Eco,4,Low,393.5204333
36.54392911,2498.705614,293.2621912,111.0178748,Highway,101.9305913,22.12428186,On,Eco,1,Medium,159.3120622
81.44748466,1442.664202,258.4230197,116.1865268,Highway,155.7778279,39.88082905,On,Normal,2,Low,381.690355
84.97907315,1608.270246,85.90340526,110.5649339,Highway,218.5311617,32.19076306,On,Aggressive,5,Low,395.1865109
59.65617445,2307.033874,182.0445676,113.0140885,Highway,0.207142345,24.45816499,On,Normal,1,Low,310.7241748
100.0628625,1962.831255,235.2189664,103.8248671,Highway,266.1635168,33.48537379,On,Normal,3,Medium,550.2720298
97.44114839,1553.041618,227.6142684,115.5098535,Highway,265.9088579,37.13047124,On,Normal,1,Medium,512.4923261
44.01332191,2347.492654,242.6020446,99.86813929,Highway,162.3893801,22.24655522,On,Eco,5,Low,171.5899926
102.3413047,2124.586303,169.7891172,119.5329047,Highway,36.71362985,38.32876287,On,Normal,2,Medium,534.3655671
65.26978972,1341.850761,102.221503,84.13660171,Highway,201.5417384,38.40408563,On,Normal,1,Medium,319.1720041
87.89997221,1965.608492,171.5693865,112.3672283,Highway,41.35369889,20.26928812,On,Aggressive,2,Medium,452.799307
95.12776056,2383.597747,215.4929398,105.6555766,Highway,152.2641454,38.00638243,On,Normal,4,Medium,487.7320819
70.40899369,1744.691318,206.0621008,103.2258427,Highway,28.08899159,38.93635836,On,Eco,3,Low,336.0016515
61.92815515,2100.418604,76.92529291,109.0324212,Highway,176.7196015,20.75383594,On,Normal,5,Medium,294.136814
103.2361095,2456.655616,75.58858418,113.6116612,Highway,95.42079754,25.88332647,On,Normal,5,Low,542.5816806
48.46828423,2035.621211,291.6618795,114.5153627,Highway,249.2974244,27.46215014,On,Eco,2,Low,208.4478441
50.55760622,1153.658035,96.43330921,87.01523852,Highway,239.9838379,26.97780944,On,Aggressive,3,Medium,254.0926132
58.92962512,1366.839326,130.6709914,87.88143719,Highway,299.5421626,35.18006475,On,Aggressive,5,Medium,248.6069735
98.75726224,1892.644656,244.2322757,80.64666038,Highway,77.25095241,27.16208918,On,Normal,1,Medium,530.472609
105.1030611,1413.333723,158.3224982,85.27369831,Highway,18.54032783,39.1315762,On,Normal,5,Low,518.5411625
47.60541718,2436.312558,103.5515648,90.55529971,Highway,132.9009795,39.89985251,On,Normal,1,Medium,231.1102032
99.10961181,1608.028051,172.1357718,108.8414329,Highway,25.02100049,26.33637741,On,Normal,5,Medium,522.9292562
50.65623676,1685.845609,196.547993,99.03070036,Highway,53.54991452,30.17601506,On,Eco,1,Medium,269.0159029
107.6512997,2052.40314,168.6639862,110.3161414,Highway,179.1900424,31.15411681,On,Eco,4,Low,589.187445
77.79263136,1786.374597,280.5470581,99.46143391,Highway,177.6392554,31.5880566,On,Eco,2,Medium,435.4508132
30.5669174,1573.21895,128.3278308,102.2238981,Highway,12.99824332,27.48417988,On,Normal,4,Low,116.3963698
32.73039233,1114.956813,218.7197186,84.44266346,Highway,132.8714254,23.31987004,On,Normal,1,Medium,130.7755905
41.79876246,1894.668384,86.95073314,111.0623314,Highway,159.0656079,21.09121083,On,Normal,2,Medium,189.9242195
45.00585263,2301.370046,154.1485098,110.3250613,Highway,80.40727135,22.12697331,On,Normal,3,Medium,176.6668288
91.40952983,2028.643663,237.8383804,92.30246367,Highway,261.6129546,38.02582475,On,Normal,1,Medium,463.6820408
47.82127011,1572.242515,113.9560657,93.14312311,Highway,48.32959429,25.60750013,On,Normal,5,Low,198.2950661
107.5313296,1191.589097,201.545051,88.78725802,Highway,76.1705415,21.53645966,On,Normal,5,Low,550.5010039
80.88896458,2224.50728,96.82488701,112.553587,Highway,47.09832451,32.47059399,On,Normal,3,Low,403.9540066
85.40140074,2412.622543,84.64840593,109.8802721,Highway,34.96399016,21.50614303,On,Normal,4,Low,405.9589264
47.42532154,1582.409486,185.5758597,104.3659095,Highway,263.6937552,21.40105879,On,Aggressive,1,Medium,214.4137325
101.4165051,2092.963284,222.0026391,89.55288413,Highway,83.35774952,32.43141012,On,Normal,5,Low,557.2676395
83.42516583,1616.14516,87.2080959,86.8741333,Highway,216.7572058,31.82790488,On,Eco,2,Medium,458.8760414
99.15244995,1753.400408,280.2663006,82.01075405,Highway,128.3947079,20.82954574,On,Aggressive,3,Low,525.8377456
106.5184878,2254.714571,114.185343,81.82445927,Highway,190.7620442,29.20955669,On,Normal,4,Low,568.101858
40.05127817,1125.136513,88.79407396,87.48544559,Highway,278.4528589,28.71536616,On,Eco,4,Medium,189.070405
37.72697842,1795.503023,108.647738,84.02130129,Highway,253.3823601,30.93378259,On,Eco,2,Medium,174.2641865
94.27262613,1321.930412,100.6973896,102.2443069,Highway,20.69591773,34.75689421,On,Normal,2,Medium,498.5169996
99.29008473,1509.708918,81.76191615,94.32360511,Highway,253.5607606,25.65600095,On,Normal,3,Low,534.7403013
76.70091367,1966.643237,251.4814163,97.79783129,Highway,135.5470546,28.65560567,On,Normal,2,Low,420.9302014
59.28004382,1040.842619,178.9290659,103.7626873,Highway,105.0437181,35.85485369,On,Eco,5,Medium,243.8417449
82.21037089,1890.737648,153.2446657,106.3640698,Highway,201.7163776,38.45112781,On,Normal,4,Low,380.941285
54.45312581,1425.163359,288.1507025,105.9280688,Highway,285.0623619,37.82645946,On,Eco,2,Medium,249.3612037
49.07085537,2004.226541,149.0420129,90.43426347,Highway,28.24064928,29.55261904,On,Eco,1,Medium,248.5786564
69.05161676,1212.372028,100.0734543,112.3850808,Highway,230.4231091,30.41731594,On,Normal,2,Medium,357.6507977
47.29230621,2103.717406,125.7702941,116.7083868,Highway,61.05240923,30.58210884,On,Normal,4,Low,184.6491091
68.69628867,1968.45958,117.3519681,92.63753389,Highway,114.0408368,37.37431139,On,Normal,5,Medium,304.9148138
106.5285204,2456.862749,179.6979071,80.68261666,Highway,262.1469049,36.79879014,On,Aggressive,2,Medium,557.7739644
97.18272285,2366.853045,129.9612297,115.9661675,Highway,163.7397552,26.23065057,On,Eco,5,Medium,515.086673
105.3304736,1424.954295,183.8546813,116.9419493,Highway,20.23699439,23.25699379,On,Eco,1,Low,628.5989781
94.50631799,1040.974859,220.630422,82.03785762,Highway,152.414565,27.57949123,On,Eco,4,Low,523.5664469
58.38007488,1983.052842,246.5517086,80.19826367,Highway,236.8925705,25.76812766,On,Normal,3,Medium,264.4135483
94.96361908,1904.331084,230.4378675,112.6561913,Highway,158.6641763,39.0156145,On,Normal,4,Low,457.8268286
103.8332595,1041.143153,109.3417719,92.05853418,Highway,50.06677169,25.31831359,On,Normal,3,Low,546.0941924
105.762863,1184.016294,87.81593262,116.5832867,Highway,133.5123225,23.62413363,On,Normal,3,Low,591.3113336
84.65582805,1877.052557,190.1880382,88.66974293,Highway,277.3036104,37.98958125,On,Normal,4,Low,398.156367
46.90933151,2367.740896,107.7388299,114.4461846,Highway,197.461197,21.72957209,On,Normal,3,Low,209.3185966
33.17833227,2359.750415,80.38409323,82.74577079,Highway,218.965952,25.20532103,On,Normal,5,Low,117.3524664
41.77601825,1227.227582,186.5026423,90.42547389,Highway,235.7809522,28.78222388,On,Normal,1,Low,171.1809909
107.2437534,1576.86092,138.4306044,118.9251552,Highway,27.20802726,31.90214756,On,Eco,2,Medium,594.1861401
66.96774594,1064.804297,241.4757629,89.24786617,Highway,174.4609678,26.55345793,On,Normal,3,Low,331.7622484
98.39888119,1703.90777,135.4059913,85.32051936,Highway,112.774558,29.92467994,On,Normal,3,Medium,512.9501478
67.20353228,2129.62519,294.8921129,114.2821861,Highway,41.7477491,23.97662373,On,Eco,4,Medium,362.7674061
82.86540668,2184.959067,242.0455659,84.71203167,Highway,60.81286749,31.4854824,On,Normal,5,Low,423.1491281
31.93126217,1748.4842,73.84637316,83.89824434,Highway,234.3481421,28.15633617,On,Aggressive,2,Medium,139.7740017
49.98919542,1143.804512,182.1294577,92.93700537,Highway,48.44673159,36.98519375,On,Eco,3,Medium,254.809179
64.9015424,1572.045963,195.0289203,105.4131403,Highway,93.72558217,28.31468267,On,Eco,5,Medium,321.5584329
80.45048377,2398.15294,226.8726506,108.429855,Highway,85.46200148,28.87630836,On,Normal,2,Medium,428.5846729
43.72169504,1344.418835,179.4712313,115.2495514,Highway,14.58910917,31.84349979,On,Normal,4,Low,167.8678747
91.16411714,1479.631675,176.0264636,101.636461,Highway,138.6475348,22.46340008,On,Eco,3,Low,511.3905544
59.15237649,2120.240763,148.3052668,95.73671147,Highway,229.7789527,23.13590353,On,Aggressive,4,Medium,267.5817855
95.39482154,2100.371183,125.1507321,94.35335047,Highway,6.645789825,35.80475494,On,Normal,4,Medium,479.8013176
37.83752723,2368.303432,287.0880509,113.8761091,Highway,33.76543514,25.46837558,On,Aggressive,3,Medium,129.7168257
84.38052701,1582.178036,136.2232007,108.9526124,Highway,216.0560039,33.69393858,On,Normal,5,Low,423.2730055
53.46626666,1771.898086,75.2211179,116.2171605,Highway,178.0742972,21.9485394,On,Aggressive,5,Medium,230.4364225
93.63065393,1701.088692,100.1483374,118.5614182,Highway,214.5742842,36.43693321,On,Normal,4,Low,464.5431061
62.17363416,2391.628257,265.7463926,92.00203344,Highway,69.03118646,39.76456222,On,Eco,4,Low,292.3719854
83.22797058,2153.995883,200.7920302,101.1869647,Highway,241.130635,27.4738189,On,Aggressive,1,Medium,433.7368293
104.7444215,2247.16267,246.9073319,105.2728323,Highway,143.961318,30.11060204,On,Eco,2,Medium,592.3528075
31.65013056,1199.647403,254.1075711,86.55395787,Highway,183.0905923,28.8542396,On,Aggressive,4,Low,105.4877334
30.88934259,2187.770039,257.5767454,82.13388136,Highway,27.64602516,37.88375497,On,Normal,4,Medium,105.7338852
91.62234017,1649.468149,192.1472899,114.7105566,Highway,61.50947501,20.19868075,On,Aggressive,2,Medium,493.00564
81.71144412,1035.008024,102.508943,101.4209404,Highway,232.0073645,33.06918642,On,Normal,3,Medium,428.827688
53.43837764,1090.132529,95.57586054,102.8309687,Highway,67.17253236,33.04736546,On,Normal,5,Low,241.1439831
69.55173622,2016.86191,197.7562609,102.1965738,Highway,27.75894826,27.64770017,On,Eco,3,Medium,347.0369812
33.35485325,1558.018662,147.9634449,110.1984282,Highway,179.1609847,24.38667284,On,Normal,2,Low,145.0312655
45.39564843,2302.17336,193.9315779,85.82007779,Highway,164.3809548,24.79365363,On,Normal,2,Medium,207.8596149
63.95970996,2101.409701,179.6346826,104.5619376,Highway,182.3681787,36.00928242,On,Normal,1,Low,300.5885792
96.7235533,1032.520018,204.5275391,98.77918046,Highway,185.4916489,21.32206193,On,Eco,1,Low,535.4827556
68.37337463,2030.332468,67.70682978,115.8783264,Highway,150.0592038,31.27648293,On,Normal,5,Medium,312.7438017
76.90900036,1288.528709,67.88080335,100.7848375,Highway,148.1321762,26.13681206,On,Normal,4,Low,375.3713683
99.90030336,1633.873853,233.182841,117.717399,Highway,277.2496696,25.30495625,On,Eco,2,Medium,535.9082088
54.70551309,1937.102803,106.3505385,94.13011977,Highway,160.1645175,30.11475331,On,Normal,1,Medium,271.1889669
86.05594569,2309.076762,216.5276309,118.6757883,Highway,185.1900607,37.95723013,On,Aggressive,3,Medium,425.5886225
98.93338069,1684.146833,191.1782186,115.0063179,Highway,80.09081758,32.36183838,On,Normal,1,Medium,544.2980338
46.20925606,2212.735681,295.6306731,103.3705316,Highway,261.3279602,35.77221256,On,Normal,3,Medium,190.4962746
58.51825321,2174.448494,260.4974109,94.14839733,Highway,7.310427798,32.01367559,On,Aggressive,1,Medium,295.7298804
108.3848139,1621.807769,159.1522851,95.0369343,Highway,167.1680287,33.9543156,On,Eco,3,Low,594.3457751
108.6574852,1751.470245,207.9390768,110.9100835,Highway,115.1550886,28.64815298,On,Normal,1,Low,618.7257702
47.85839442,2050.727515,88.14946973,103.225254,Highway,181.1712587,38.5196327,On,Normal,1,Medium,220.9893692
35.31566711,1046.722652,152.7326503,96.06350342,Highway,108.0516149,30.03878041,On,Normal,5,Low,135.8423695
51.6737289,2336.217121,236.1330579,105.4421985,Highway,215.3063735,31.03549338,On,Normal,4,Medium,235.7731157
61.81855658,2154.724239,209.4411802,109.3293359,Highway,6.099432892,30.49931007,On,Normal,2,Medium,304.5051685
65.28044807,1374.123822,176.2731179,80.9160205,Highway,121.7668316,26.3237804,On,Eco,4,Low,326.7194744
79.50450459,2471.76993,102.366985,83.59451204,Highway,249.3790799,24.62476871,On,Normal,5,Low,396.4189357
101.9602208,1269.085529,252.7550223,83.77941762,Highway,75.06021533,21.47669928,On,Normal,3,Medium,578.321986
56.42784095,2371.130011,125.5599851,89.27735221,Highway,15.82526351,34.36349964,On,Eco,4,Medium,293.5234503
97.99876284,1486.710187,256.9149796,97.07961757,Highway,148.9572224,25.78550526,On,Eco,2,Medium,527.0054682
37.47831367,2144.720065,206.7861751,112.145996,Highway,292.9600382,27.78395926,On,Aggressive,2,Medium,145.9160402
33.34997592,1684.56489,149.4555427,94.0439614,Highway,19.24756846,38.39856325,On,Normal,3,Low,69.95916532
70.32361465,2104.701081,69.74525327,80.69911154,Highway,21.01694782,31.32894699,On,Normal,2,Low,359.7072431
34.77297787,1233.674572,115.7805226,99.33447412,Highway,178.5349695,21.94156128,On,Aggressive,5,Medium,102.1534009
61.3991841,1404.259688,273.3770221,119.8651438,Highway,75.02031386,35.99223826,On,Normal,4,Low,271.9638028
101.7422493,1149.786737,256.3138425,93.96083983,Highway,123.0693701,25.12261198,On,Aggressive,2,Low,531.1142125
49.3186429,2297.715972,197.9647951,118.4501808,Highway,249.1521459,31.05411685,On,Aggressive,4,Low,174.8800224
86.47806201,1444.439482,171.9173914,84.05380525,Highway,59.65460525,30.1996295,On,Normal,1,Low,465.8612132
54.18923139,2041.714344,215.314243,86.92398632,Highway,215.7899811,24.76157685,On,Normal,4,Medium,251.2046358
33.59360442,2230.331797,171.8995507,108.9648828,Highway,151.345654,22.3154207,On,Normal,3,Medium,100.6949763
74.53524651,2352.127355,214.6331618,100.048498,Highway,271.4873077,24.22523213,On,Aggressive,5,Medium,370.2577125
96.78827924,1159.445673,133.7769839,110.6048721,Highway,291.8886001,21.94675599,On,Normal,2,Low,516.6022234
62.75747587,2339.5224,261.2393323,114.5423338,Highway,145.4882357,25.51256038,On,Eco,5,Low,297.5171628
79.38350612,1295.879167,228.4602944,90.04339504,Highway,175.3941177,39.94595021,On,Eco,4,Medium,413.1796142
102.0018878,2105.353017,139.1941508,107.3131668,Highway,223.7527622,28.0418453,On,Eco,2,Medium,556.5371364
93.17556102,2093.273529,259.3598676,104.3040495,Highway,95.60224256,37.27776783,On,Aggressive,5,Medium,470.6008548
45.51011195,1012.754713,176.9622074,114.4614012,Highway,68.02210516,30.98355384,On,Aggressive,3,Medium,190.1453012
88.67071675,1330.935862,101.9133275,97.20415602,Highway,289.4055517,33.33166159,On,Normal,1,Low,490.6259825
70.15144201,1737.862772,78.65099088,82.07481723,Highway,129.7846174,23.1269594,On,Normal,1,Medium,380.7509851
89.67734463,1630.05206,227.9053794,102.9674451,Highway,0.477247955,25.49611735,On,Aggressive,3,Medium,476.5193841
69.56124404,2377.86022,267.628993,118.3551328,Highway,251.3154896,30.20886846,On,Normal,1,Medium,358.6791213
40.23665313,1539.611304,253.7860773,80.58524718,Highway,179.8992484,37.62286868,On,Eco,3,Low,153.5719362
75.59275574,2405.475572,217.3562473,89.61031954,Highway,50.56756882,20.85776072,On,Normal,4,Low,408.1574134
69.37071939,1689.143978,93.93001335,92.6427116,Highway,9.041907953,30.13839919,On,Aggressive,3,Medium,343.362688
71.43373869,2446.529345,82.57057823,110.6335555,Highway,87.44472931,21.02024425,On,Normal,1,Low,354.3397333
100.3121963,2106.032215,142.8071095,92.9310769,Highway,278.3661286,29.13645353,On,Normal,4,Low,551.0907337
101.5869637,2244.001887,265.1786137,89.56335453,Highway,280.047351,32.57736319,On,Eco,3,Medium,556.7219231
66.28296854,1157.315333,290.8167049,105.9423206,Highway,93.30104589,34.89446383,On,Normal,3,Medium,307.4513945
66.4585633,1879.21215,117.9266052,81.85621156,Highway,250.7792978,22.77064011,On,Aggressive,4,Low,302.0640306
71.21495671,1214.05054,242.9029609,86.8238744,Highway,132.553597,23.33150567,On,Normal,2,Medium,346.3925681
71.56714227,1446.431503,197.7286121,96.32120915,Highway,196.3034247,29.40129843,On,Normal,1,Low,364.0134479
106.0309715,1935.348109,67.6337681,94.22399849,Highway,100.3331628,39.96072916,On,Eco,2,Low,596.2471266
81.95203739,2089.338557,190.299924,93.88663277,Highway,154.7917789,27.12093671,On,Aggressive,4,Low,413.7392084
52.19655959,1058.775673,253.4256967,84.34220052,Highway,88.13383397,28.55054855,On,Eco,4,Low,250.4968129
72.52294376,1796.415597,126.269468,94.43360078,Highway,18.33430871,28.64893486,On,Eco,5,Medium,362.2489473
80.17788663,1847.970979,275.3667898,111.9197109,Highway,41.81345586,21.61401643,On,Aggressive,5,Medium,388.5092424
81.18173768,1118.241996,116.7024976,96.55376807,Highway,87.20234834,35.48344291,On,Aggressive,4,Medium,402.3536111
76.8203381,1751.032051,78.35355183,103.4468474,Highway,292.8761352,25.06203049,On,Normal,5,Medium,353.8379436
44.21889237,2070.76342,98.38543427,86.54317637,Highway,289.7016451,34.07334114,On,Normal,3,Low,232.5899838
32.68745513,1079.840927,260.8806885,82.78845454,Highway,248.2990027,29.50179758,On,Normal,2,Low,118.2401043
57.02744419,2140.401664,160.1534206,115.1982417,Highway,69.75181533,32.23559484,On,Eco,4,Low,266.4945744
64.20177236,1864.639757,251.2669353,93.25490385,Highway,132.4806422,21.07943273,On,Eco,3,Low,324.9860307
34.94433917,2249.840812,187.4959346,94.01348932,Highway,131.9348515,37.79931369,On,Normal,1,Medium,127.2477194
95.19738704,1327.093859,175.33419,115.107514,Highway,116.0919734,24.87713539,On,Eco,1,Low,519.1931059
57.526195,2249.910526,253.6591564,108.310854,Highway,13.46409153,33.40190775,On,Aggressive,5,Low,258.8809067
103.0906197,1141.841463,161.6370268,110.2505084,Highway,160.3582123,35.96038224,On,Eco,5,Medium,548.5750826
42.35280863,1605.744545,252.4878555,107.2801394,Highway,21.84359764,30.80077435,On,Normal,3,Medium,196.3839229
34.55479655,1299.227187,84.15891959,84.23168979,Highway,240.5756042,26.74668044,On,Normal,1,Low,149.695123
68.58528835,2314.031248,212.7145957,118.3198328,Highway,207.3921429,39.55806749,On,Normal,4,Low,297.109605
45.13034695,2057.379724,228.6208936,116.3654515,Highway,105.821102,25.56879427,On,Normal,2,Medium,199.9259445
104.991942,1038.042666,275.7833751,89.44880507,Highway,194.1409147,38.97324674,On,Aggressive,5,Medium,526.7056699
30.82427188,1014.285033,113.8377405,112.1597676,Highway,69.91110197,23.12448267,On,Normal,3,Medium,96.90251678
63.009574,1436.873882,205.0127712,96.37585726,Highway,79.57501949,27.78444263,On,Normal,5,Low,298.1009466
104.1398217,1214.924671,163.9815753,107.3506787,Highway,94.24005508,22.76991168,On,Normal,3,Low,586.958643
60.75345654,1945.456716,151.8651973,86.62411999,Highway,239.10348,20.04480946,On,Eco,1,Low,317.5624883
37.44874245,1995.695401,85.61125325,101.54217,Highway,63.20740405,25.20517081,On,Normal,5,Medium,145.8097706
54.23159543,2412.926355,92.21599934,85.06465198,Highway,168.8343682,21.74420802,On,Normal,3,Medium,249.8625515
69.84083151,2428.059887,260.8772307,101.4466866,Highway,60.14013433,39.72691046,On,Aggressive,3,Medium,332.2503821
44.81213499,1988.345058,239.9408238,89.74375824,Highway,85.51122752,35.23306636,On,Aggressive,5,Low,141.2387284
67.32493641,1008.512669,151.7618713,98.09866115,Highway,70.6443879,20.07409593,On,Eco,2,Low,349.0853014
96.90745566,1538.496875,258.8367795,106.7187747,Highway,193.5014013,24.4729317,On,Eco,4,Medium,530.209343
99.80943762,1769.71227,79.38388436,115.0829833,Highway,158.0186833,33.40248483,On,Eco,1,Medium,545.8154061
33.94085878,1748.769635,209.9457401,86.61156012,Highway,216.3897438,27.97104226,On,Aggressive,5,Medium,114.493895
42.87226864,1905.010944,268.3622527,115.7307646,Highway,65.9830312,36.63685126,On,Eco,5,Low,168.319285
52.02321086,2440.827224,261.3274154,95.60150592,Highway,2.744560718,30.09721557,On,Normal,2,Low,250.1335499
77.58926807,2327.789038,149.4678624,113.7518627,Highway,204.1528701,33.07302839,On,Normal,1,Medium,421.647007
58.8795807,1163.36205,238.8561247,100.5019167,Highway,34.45618755,31.94074795,On,Normal,5,Medium,255.9862399
97.52327308,1398.970587,162.5923549,114.4883429,Highway,73.89156733,32.76337801,On,Eco,2,Low,542.9560246
87.33374946,2249.664126,261.6331595,106.5129627,Highway,91.70584574,24.60197708,On,Eco,4,Medium,457.3843677
38.03648185,2236.460363,187.382868,100.3486456,Highway,224.0406277,27.46578878,On,Normal,3,Medium,159.2894597
79.9646002,1413.056086,243.5656918,92.50154532,Highway,187.7675432,21.01258506,On,Eco,4,Medium,444.3820349
39.04101003,2095.882046,78.85717975,118.7563635,Highway,55.27963096,31.75273029,On,Eco,4,Low,115.9925782
50.40285357,2008.056068,201.6062332,112.0359063,Highway,179.3663432,29.18516924,On,Eco,4,Low,219.7310364
44.22965068,1710.285947,192.0682026,95.24748741,Highway,212.4443985,35.21432298,On,Normal,4,Low,129.8750196
43.84495594,1302.182429,206.3944132,86.66894372,Highway,116.6691608,24.12764929,On,Normal,3,Low,175.9825656
79.31164198,2332.964771,226.9539859,111.1814167,Highway,73.78587421,28.73624232,On,Eco,1,Low,423.1748587
75.0883938,2016.776776,280.3461528,119.5977715,Highway,203.6948319,23.61490866,On,Normal,1,Low,401.0108558
44.08225222,1253.489387,248.5636996,91.15899815,Highway,183.26736,32.2795845,On,Eco,2,Low,221.8389133
109.2138244,2057.203517,112.7131179,116.6345229,Highway,23.37364754,36.96060513,On,Normal,2,Medium,589.9075085
63.74693859,2112.150579,258.2151046,85.01482822,Highway,200.0038921,35.30886497,On,Eco,5,Medium,301.0450361
37.76554625,2330.320428,89.29912263,118.0882502,Highway,146.5553799,38.88395945,On,Normal,4,Low,96.44782431
39.64552136,1334.258883,209.3276606,109.8135565,Highway,226.0106871,39.43451564,On,Eco,4,Medium,156.2244697
76.7114971,2483.131158,271.860914,93.86384917,Highway,57.21526256,35.44067735,On,Aggressive,3,Low,351.0159748
108.3255523,1230.090134,84.26929301,92.18527289,Highway,77.46492537,25.73612171,On,Eco,4,Low,602.4551122
75.75608813,1901.033338,263.9262368,105.7374142,Highway,162.9938217,24.38522754,On,Aggressive,3,Low,359.9818105
105.9233181,1985.764758,251.6689762,103.7402856,Highway,144.5200584,28.95098069,On,Aggressive,5,Medium,548.0114372
65.53062806,1628.429343,180.9061041,116.7574681,Highway,115.9096113,39.87767389,On,Normal,2,Low,302.6545451
64.86728829,1712.556563,134.1354246,110.6497254,Highway,223.8099943,28.25336042,On,Aggressive,2,Medium,319.2501167
70.00058875,2336.365145,157.3051747,101.6145949,Highway,169.4254691,23.98136821,On,Eco,5,Low,333.5866818
85.79403665,1967.911344,292.4779526,117.1026337,Highway,213.0815562,38.88685756,On,Eco,5,Medium,430.2642823
59.40927732,1745.501437,108.4074135,103.7092253,Highway,45.9764887,27.71835955,On,Eco,4,Low,270.7345193
99.11088261,1192.524344,199.1050291,113.9873934,Highway,218.6964885,33.81797774,On,Eco,2,Medium,572.7128867
32.34251078,1011.006438,79.97777949,113.6377061,Highway,138.4584324,35.76305957,On,Normal,1,Low,96.08344496
65.1811356,1187.452927,112.2943354,116.7677944,Highway,10.13038071,36.86311804,On,Normal,5,Medium,259.4956622
70.879348,2434.276851,243.1959331,82.70408125,Highway,70.3474662,36.42560774,On,Eco,2,Medium,359.3616793
78.56257906,2146.130174,132.6237697,103.3527867,Highway,7.726917522,36.72493726,On,Normal,2,Medium,386.9748458
52.08575299,2450.674491,296.5838569,98.73570365,Highway,137.0623566,33.35306855,On,Eco,3,Low,236.4759328
64.19839768,1053.563065,180.1960903,99.62169534,Highway,97.76392817,28.07662139,On,Normal,2,Medium,346.4025384
68.76302002,2020.330606,183.9694381,98.39642414,Highway,296.234868,33.34573708,On,Aggressive,5,Low,325.8639499
84.95279829,1066.44029,68.71553744,113.4986676,Highway,260.5512351,36.73468668,On,Normal,4,Low,416.3554696
91.88353478,2173.084703,289.5664199,92.7373159,Highway,247.7012581,27.01284929,On,Normal,2,Medium,483.2742681
89.02618619,1571.425259,101.8160258,98.51004327,Highway,150.3349647,25.93015981,On,Normal,1,Medium,479.5616943
57.32664418,1143.64804,189.2017437,88.02730172,Highway,242.1262498,26.87414434,On,Normal,5,Medium,256.3037125
109.9560418,1852.069963,154.9619064,90.06866464,Highway,80.06089424,31.02566792,On,Eco,4,Medium,584.0267886
97.89322494,1420.180295,159.7403282,106.4168033,Highway,168.1948404,21.0488775,On,Aggressive,4,Low,507.5777728
50.80186985,1989.360913,214.3920398,84.67743753,Highway,117.8754184,35.57941638,On,Normal,5,Medium,208.3380981
45.60846445,1987.262139,218.9012825,87.51287244,Highway,51.40257346,22.77703917,On,Normal,4,Medium,202.2333198
55.12170005,2057.511211,97.02926757,101.1213824,Highway,21.78402941,22.65677314,On,Aggressive,1,Low,265.1836691
66.18758824,2488.697618,179.9007967,81.75092112,Highway,167.4655149,23.95318279,On,Aggressive,2,Medium,314.1242481
98.06395027,1580.046565,249.7145878,85.07707998,Highway,29.29174046,31.5385487,On,Normal,5,Low,504.0530425
92.2689811,1697.973212,166.3887561,114.5341176,Highway,215.400929,25.71136752,On,Eco,2,Medium,500.9412533
98.09968988,2206.917552,99.793073,113.8458706,Highway,276.4405436,27.36180658,On,Normal,2,Medium,548.1624812
51.75656919,1867.555035,135.1720664,93.9110442,Highway,48.63183291,38.63298222,On,Normal,4,Medium,231.4068178
77.4768978,1055.885816,110.9710954,93.91965261,Highway,141.2815736,36.9440436,On,Normal,5,Medium,375.0661394
52.65992498,2264.61778,90.1961923,117.460618,Highway,221.6323779,37.04381066,On,Eco,2,Low,259.9570941
38.72185286,1077.248023,150.6194706,81.03364556,Highway,86.05189831,31.55283667,On,Normal,3,Medium,175.0775218
84.73581948,1256.230205,189.8246984,103.2118205,Highway,276.2293559,37.32932295,On,Normal,1,Low,440.7102384
41.4398041,1153.11995,77.46036607,103.8956232,Highway,266.5396677,35.57131651,On,Eco,4,Low,174.2486235
83.41582094,1116.890699,204.9176093,111.5154827,Highway,31.12630672,39.06473606,On,Aggressive,5,Medium,399.9924091
81.83714439,1038.527313,298.3258656,118.0700206,Highway,8.21993146,21.2873681,On,Eco,5,Medium,446.2108238
94.81987555,1082.541571,291.3899837,94.23310348,Highway,292.9375449,20.57454267,On,Eco,4,Medium,513.3380119
41.16436837,1663.658784,259.0016357,97.51333894,Highway,286.9425074,23.50059881,On,Normal,2,Medium,172.3193052
92.67841188,1379.278405,123.9218671,106.8519392,Highway,126.6856813,38.58169641,On,Aggressive,4,Medium,452.6933075
109.9421221,1189.805325,65.37782316,118.6908649,Highway,15.16899723,32.11130212,On,Aggressive,5,Low,574.1286827
98.08339589,1988.058314,260.0500087,115.6316941,Highway,185.6626658,28.52225035,On,Normal,3,Low,506.312354
90.14496611,1339.167866,73.37285567,106.6821201,Highway,88.02303222,30.25422123,On,Eco,2,Medium,487.05601
82.97322838,1028.423733,109.3507396,114.2689429,Highway,281.0168961,36.59209176,On,Aggressive,4,Medium,384.2460785
63.74251877,1627.629676,190.6687717,83.40817724,Highway,238.3985775,38.58219992,On,Aggressive,5,Low,252.6411863
88.44001343,1465.649488,102.8107294,95.08507771,Highway,194.8781352,34.59397669,On,Eco,5,Low,454.6163184
87.93424281,1477.906647,260.1091995,80.52369983,Highway,85.35115425,35.19695666,On,Normal,5,Medium,446.698328
80.51986261,1667.905042,246.5183271,87.09888953,Highway,210.3805738,26.40756088,On,Normal,3,Low,429.4603377
93.70227026,2003.370891,241.3846814,105.2197028,Highway,86.75048003,29.34070391,On,Normal,2,Medium,487.5483555
65.90111107,1924.71868,255.8706278,115.4224649,Highway,11.28929525,37.70420387,On,Aggressive,4,Low,286.5762655
39.70021697,2405.892415,112.7284273,105.3112124,Highway,152.5303763,35.7186822,On,Eco,2,Medium,158.5843438
74.72541821,1776.574999,234.9341703,106.5655243,Highway,146.6053634,33.68541837,On,Normal,5,Medium,382.4220296
51.2034823,1708.854865,145.2675606,84.15286421,Highway,228.9017919,21.30493672,On,Eco,3,Medium,248.2784889
60.75464779,1320.121653,220.0427423,106.5944196,Highway,259.7021647,20.79014439,On,Normal,3,Low,272.9431058
31.39319232,2133.071933,89.28521487,98.17386869,Highway,106.3405466,22.60821886,On,Normal,5,Low,90.47526597
60.62324703,1211.163664,229.3407792,106.0576093,Highway,134.8419031,31.62782198,On,Eco,2,Low,292.9606612
94.70408849,1736.699335,293.3058547,93.04692438,Highway,141.1201259,30.72773695,On,Normal,2,Low,480.951863
73.41778936,1631.983298,70.46408768,103.2594377,Highway,97.26722531,38.85381653,On,Aggressive,3,Medium,341.8082938
30.78404215,1987.451318,82.51893628,96.96277187,Highway,223.0160771,33.8951928,On,Normal,1,Medium,131.6601639
67.58750562,2376.432205,89.67282416,102.3454822,Highway,156.6303556,25.87945235,On,Normal,3,Low,335.9021548
53.31613181,2419.893387,163.3353372,85.88358073,Highway,274.1867323,23.22992588,On,Eco,3,Low,240.5708111
68.20405243,1251.698901,129.7872444,95.83299414,Highway,195.0932316,36.99066479,On,Normal,4,Medium,296.6663845
62.37541772,1392.725827,253.6608368,94.97114629,Highway,63.56896767,29.19248207,On,Normal,3,Medium,313.4487485
104.5583376,2217.45298,173.7089374,109.4557808,Highway,49.44259462,33.06938995,On,Aggressive,1,Low,589.2130338
33.29418392,1777.419644,176.2889622,108.2563806,Highway,111.7153014,31.30287213,On,Eco,3,Low,150.010331
84.6870409,1679.551853,232.0891443,116.3543474,Highway,104.0779621,22.14912692,On,Normal,2,Low,440.449207
98.0821277,2065.938179,146.8725558,105.2822237,Highway,122.1395475,21.14116767,On,Eco,4,Medium,533.6278926
106.7390868,1902.887429,144.7697394,92.58188519,Highway,55.07732109,27.54036379,On,Eco,4,Medium,602.0122439
44.21089812,2456.071082,241.662333,111.3289865,Highway,293.466801,27.23100595,On,Normal,3,Medium,185.6070025
72.50438416,1875.961978,247.210019,99.87990574,Highway,43.71293186,33.47596226,On,Eco,4,Medium,356.3391628
33.48716619,1698.96074,63.45570541,87.73972843,Highway,195.7946323,32.64400818,On,Eco,4,Low,91.24126478
69.93468196,1814.226043,94.5097142,109.8964587,Highway,3.920770519,39.37881857,On,Normal,3,Medium,333.6818922
40.03664716,2212.809725,111.1435635,85.30125583,Highway,122.0883115,37.16199006,On,Normal,1,Low,157.3034168
97.03173398,1919.012585,144.3841125,87.12613325,Highway,92.75501973,29.93165052,On,Normal,3,Medium,502.0892632
39.10960021,1970.572137,129.94754,110.3502371,Highway,114.6073913,30.00050705,On,Normal,2,Low,142.9428977
71.06306883,2457.15832,220.4448116,110.8057878,Highway,149.4232034,33.48258458,On,Normal,5,Low,334.7336888
71.68768552,1927.593227,258.7524561,111.6312508,Highway,180.1125005,22.28181166,On,Normal,1,Medium,366.9998703
107.7320398,1570.427873,106.1008758,91.73300498,Highway,175.0534034,39.99781129,On,Eco,3,Low,595.5376068
82.39845552,2036.989041,195.1152145,114.6634983,Highway,189.214101,30.37616202,On,Normal,1,Low,455.7168791
53.02722345,1989.189095,148.2759003,108.9067254,Highway,253.3643048,38.19809748,On,Eco,5,Medium,207.597698
49.2639448,1020.771453,181.38669,113.3586964,Highway,266.0151467,39.34712669,On,Aggressive,4,Low,198.7273866
40.25985645,1700.993945,208.981882,108.3442194,Highway,221.1750902,31.6328548,On,Normal,4,Medium,182.192966
90.52117792,2114.355404,274.4639565,103.1838583,Highway,23.68267288,22.06697295,On,Eco,5,Medium,482.8570198
85.26053249,1748.562187,106.1502403,84.37579086,Highway,288.3877175,31.46691617,On,Normal,4,Medium,431.1342944
78.79017018,2169.431704,80.88158089,108.4374485,Highway,284.2194259,31.95284874,On,Aggressive,1,Low,404.2020552
33.26723544,1676.325545,210.5308606,107.618431,Highway,213.5111384,35.78386274,On,Eco,4,Low,71.81513291
91.02630931,2474.982396,154.5914037,92.49964533,Highway,155.2317214,20.96458534,On,Eco,5,Medium,473.9553585
81.35100617,1439.337384,99.09664639,109.4327908,Highway,75.1855075,29.32630734,On,Aggressive,5,Medium,402.4588143
107.1111094,1138.183912,88.10092017,102.0181821,Highway,226.9053418,38.45540517,On,Eco,5,Low,560.2409289
76.97617039,1645.017702,194.1383488,102.3762495,Highway,263.3580536,39.82598157,On,Eco,2,Medium,385.1200025
54.31615253,1812.563537,132.1129427,94.70418715,Highway,199.5562803,23.82765358,On,Normal,1,Medium,272.6065341
60.52164418,1523.640598,299.3823311,84.67140165,Highway,188.7217899,37.41197985,On,Normal,5,Medium,249.3810074
44.06725643,1363.42174,157.4161966,88.67713831,Highway,57.90141137,22.92501123,On,Normal,1,Low,228.4992774
87.83313458,2008.088037,110.9487861,110.7532661,Highway,107.3389569,36.82348869,On,Normal,2,Low,463.1987321
86.6177328,1565.68765,210.9237708,90.85766202,Highway,216.9408666,25.54555455,On,Aggressive,1,Low,468.1511071
46.05200124,1947.052794,118.6211735,80.09012217,Highway,5.069621655,39.19250532,On,Normal,3,Medium,187.3792503
42.67914585,2168.607173,178.5806504,119.8806968,Highway,192.3792832,33.90993502,On,Aggressive,2,Medium,162.2909885
36.16039466,2141.503942,175.8182841,88.42728935,Highway,230.0010903,27.98221203,On,Normal,2,Medium,164.5430957
102.9580595,1562.963966,168.8538311,106.215326,Highway,100.4113459,25.6194666,On,Eco,4,Medium,564.5516729
48.6455867,1851.847343,251.0605671,117.0768802,Highway,22.85033076,24.70475055,On,Aggressive,5,Low,175.7478698
57.53308214,1674.487337,111.9871204,103.9885094,Highway,245.7358137,33.61584654,On,Eco,2,Low,303.3715875
52.44036067,2306.207879,277.0337532,111.9612246,Highway,42.55104885,37.91582005,On,Normal,1,Medium,228.2653546
63.08996821,2318.13772,249.9217208,119.0548685,Highway,111.2403318,35.09883939,On,Eco,3,Low,278.4251969
87.12390395,1515.612374,139.9493674,114.414537,Highway,212.1762315,36.69583076,On,Normal,1,Medium,461.1714575
99.6476507,1137.606172,103.3446015,102.3161635,Highway,245.0957963,35.62767535,On,Aggressive,1,Medium,507.1749557
44.60789996,1251.373725,127.0884059,94.54811722,Highway,258.7145755,39.58295333,On,Normal,3,Low,173.4720693
84.9129875,1550.502613,139.8326993,99.29857797,Highway,159.1251575,35.15609854,On,Eco,4,Low,443.1327421
58.20497138,1846.374932,193.6639605,113.6730467,Highway,142.7615089,24.20457037,On,Eco,5,Medium,290.7674495
108.4421735,1985.180516,71.12836052,114.1341844,Highway,254.4951831,35.83196931,On,Normal,2,Medium,576.378986
53.91353274,1497.056569,279.4461912,113.8341969,Highway,168.9231285,26.44138722,On,Eco,5,Low,227.4454744
30.57543648,2001.248679,83.6819656,103.8889761,Highway,173.5952185,39.91599725,On,Normal,4,Low,67.90871278
71.25119792,2406.609976,127.0256146,99.07823671,Highway,130.1920104,27.5334524,On,Normal,3,Low,391.0754588
42.05848674,1978.021191,86.22898511,92.45352224,Highway,111.8441916,25.85587512,On,Normal,5,Medium,182.510132
33.55955415,1237.847844,121.6014784,80.13443421,Highway,144.1622572,24.78431971,On,Normal,1,Low,141.7580438
85.86153856,1869.503369,261.0417165,110.5794108,Highway,109.4542481,33.17029304,On,Normal,2,Low,435.3659539
88.5807426,1812.843275,207.6421947,91.0799312,Highway,103.063935,22.18442177,On,Eco,2,Low,459.9267761
66.85592105,2306.050166,114.557574,93.18711582,Highway,298.0993026,39.07119763,On,Normal,4,Medium,321.3429957
84.15084134,1525.454583,269.2220472,113.739249,Highway,100.8640482,25.88625357,On,Aggressive,4,Low,434.6151207
73.05915586,1634.418415,252.1708942,82.09004628,Highway,76.91512426,25.90801222,On,Eco,3,Low,386.0246896
80.38408862,1897.988583,240.8758278,117.1048133,Highway,106.177227,20.92132191,On,Eco,4,Low,408.4494445
77.73631786,1786.637968,263.4318476,80.0544769,Highway,177.2344022,24.92035036,On,Normal,5,Low,405.197584
83.26582112,2078.524889,208.7159236,117.5667646,Highway,273.297146,28.37958711,On,Eco,2,Medium,426.3693644
45.97045189,1060.583486,180.3449665,98.19033964,Highway,236.3592751,27.3921278,On,Eco,3,Low,240.8324754
51.4965296,1845.274029,149.7444063,84.08490501,Highway,252.6723417,25.46039843,On,Normal,4,Medium,245.5834201
65.19705196,1182.50784,113.7033649,106.9664547,Highway,257.7025832,20.81487676,On,Eco,1,Low,325.4990798
65.69024075,1472.813489,193.7787978,115.834257,Highway,276.1585189,26.01162747,On,Eco,2,Low,346.7615598
91.95293693,1992.440292,273.478163,97.52291267,Highway,70.52136987,35.56661877,On,Aggressive,3,Low,445.1910374
59.39149274,1236.121301,202.5556294,107.6543162,Highway,137.5098093,28.77584571,On,Eco,2,Low,282.8482329
43.00041248,1463.262753,280.7056468,119.1745088,Highway,115.5593,25.81550695,On,Aggressive,5,Low,164.5293721
50.11727764,2054.509724,145.6601687,89.62803295,Highway,114.5630984,26.09584268,On,Eco,4,Low,218.3395122
47.17868019,1976.207864,226.8331134,112.8179783,Highway,195.6850955,31.08875153,On,Aggressive,4,Medium,171.3219349
88.53280154,1136.559504,215.6797134,91.80948437,Highway,120.5409181,26.04585355,On,Normal,4,Medium,472.9012619
67.62716917,1865.90274,220.9041226,97.053504,Highway,184.8990918,32.6159464,On,Eco,1,Medium,363.1578754
86.69045584,1220.881693,214.8100829,91.27063474,Highway,114.6838091,39.78909027,On,Normal,5,Medium,439.924299
63.29757446,1378.407068,113.197122,97.84046994,Highway,93.33845482,20.82352796,On,Aggressive,1,Medium,313.6898221
101.1788482,1688.816918,94.46181559,80.2035613,Highway,105.9231535,23.37473511,On,Eco,5,Low,541.424487
108.6816246,1164.020235,294.8707815,92.13755389,Highway,241.1271168,23.58215091,On,Normal,5,Low,549.5689706
83.5874007,2490.470452,70.87083092,97.81176256,Highway,180.3153109,28.94140636,On,Normal,5,Low,426.2014295
99.10500458,1248.054342,172.2567569,105.2896073,Highway,292.1993199,20.82837424,On,Normal,4,Low,520.8414795
70.63466137,2171.968943,162.0192761,105.4944556,Highway,249.7968679,29.55043155,On,Normal,4,Medium,363.941383
104.7696672,2244.758268,146.40455,103.3514247,Highway,145.7341825,38.57849516,On,Eco,4,Medium,560.5968368
96.52691885,2491.695955,247.6761249,91.72127318,Highway,72.71290053,20.23128177,On,Eco,1,Low,546.360165
109.3422857,1642.979827,238.8840692,117.8961726,Highway,202.1727334,27.29877734,On,Normal,3,Low,578.3623315
79.84749883,2311.14178,277.2539816,95.67879295,Highway,217.9938082,35.21787544,On,Aggressive,5,Medium,361.5574613
92.33653922,2436.309159,154.9170063,88.67575765,Highway,139.2527939,23.08989001,On,Normal,1,Medium,516.3856124
73.4294512,1259.341217,195.4030867,102.1805176,Highway,68.97663972,21.55118005,On,Normal,4,Low,365.3760587
50.72960834,1719.154134,274.1536914,109.9571468,Highway,167.1714954,32.61557075,On,Eco,4,Medium,255.6442864
58.38041369,1090.016228,298.5235351,80.48934291,Highway,76.14877571,20.19901818,On,Normal,3,Low,304.5038439
101.5204332,1931.086018,292.630647,91.0537603,Highway,281.9994953,36.03540982,On,Normal,4,Low,513.333996
34.47583573,1872.109235,232.2825291,112.9991141,Highway,188.6652744,21.33705507,On,Normal,5,Medium,116.8424955
77.31839089,1306.189427,94.37461387,100.2808437,Highway,87.5792885,30.48708519,On,Aggressive,2,Medium,386.2477021
59.7987226,2196.854138,65.56464283,96.33953218,Highway,64.7192065,34.8025542,On,Eco,4,Low,290.9815914
60.93540304,1055.903084,258.0524055,117.2360512,Highway,215.016985,24.84021977,On,Eco,3,Medium,317.9347271
100.7656965,2209.340986,261.8260859,83.58140388,Highway,212.3379841,22.07080324,On,Aggressive,2,Medium,536.1263851
98.30578996,1039.967937,239.126618,104.622808,Highway,179.1396695,23.51245533,On,Eco,5,Low,517.2973555
77.90739005,1985.243218,127.1816366,93.68754865,Highway,184.2903076,37.09367144,On,Normal,5,Low,347.6985508
51.83350779,1118.154271,213.5562863,82.83293593,Highway,181.1607008,34.11560583,On,Normal,5,Low,221.3332201
68.03650769,1376.838279,135.899626,88.54978034,Highway,108.031034,23.96196098,On,Normal,3,Medium,355.2486366
62.6634715,2082.870024,168.1555791,105.1173285,Highway,281.224323,34.32241594,On,Eco,2,Low,315.3265354
58.28944234,1420.607199,151.7844204,81.13107735,Highway,143.7835393,34.1723634,On,Eco,5,Low,264.5587331
38.22284628,1766.760773,279.2736208,103.6899526,Highway,6.098370044,39.95450196,On,Normal,4,Low,128.2928776
73.44911094,2372.872404,116.1977594,118.2740168,Highway,104.5084027,27.83112047,On,Eco,2,Medium,387.2354002
54.14650383,1074.451531,198.6266171,111.8038425,Highway,39.08477359,37.29706988,On,Normal,5,Medium,235.3574308
82.86463543,2216.619691,146.635567,93.82388317,Highway,109.0151373,28.92885372,On,Normal,2,Low,436.5199587
55.53631487,1097.907998,219.1370669,85.52830585,Highway,182.4787455,37.95520447,On,Normal,4,Medium,226.5137181
64.49307945,1190.192267,195.4951539,98.60257736,Highway,6.799342357,21.83200998,On,Normal,1,Medium,351.2525171
34.18882994,1178.978656,281.7546435,95.71801745,Highway,261.0601594,23.5062526,On,Aggressive,5,Low,90.32239641
109.4030456,2491.153425,84.38691641,118.8693184,Highway,183.0927355,36.99908726,On,Normal,4,Medium,544.067027
70.60883066,1270.279479,112.9538015,119.5947222,Highway,88.61156288,36.38600648,On,Normal,3,Medium,317.8586893
31.93900753,2345.142769,243.9235113,96.42338625,Highway,93.36155218,26.10867584,On,Aggressive,5,Low,81.38188443
73.2984527,2486.398244,148.5088416,85.95135934,Highway,139.700453,31.93596636,On,Normal,1,Medium,364.8506199
99.62831994,1575.677156,99.78810869,116.424382,Highway,74.4275418,27.65399444,On,Aggressive,4,Medium,492.6560298
91.80417074,1946.572815,180.7971022,111.741691,Highway,1.302578328,20.20634699,On,Eco,4,Medium,502.9170331
86.07253473,2168.636881,216.5140948,100.4509683,Highway,7.967234454,20.52208253,On,Aggressive,2,Medium,448.6705775
41.15717237,1588.967623,70.7584114,94.61418572,Highway,107.3222016,21.08512731,On,Normal,5,Medium,161.5829269
82.61896632,1242.721211,129.9892534,97.9266331,Highway,37.26650298,31.88144309,On,Aggressive,1,Low,433.98484
91.30387024,1650.644116,254.261409,116.075247,Highway,6.709102394,25.58455471,On,Aggressive,3,Low,477.0791627
75.79352512,2157.831468,184.858696,87.38573791,Highway,257.780781,22.87896597,On,Eco,2,Medium,397.8031545
101.4199204,2171.144144,68.49101164,112.2713408,Highway,82.24119409,38.82262217,On,Normal,5,Low,513.6370267
52.15918254,1345.808188,127.6682413,80.72762531,Highway,150.9367732,22.42637334,On,Normal,1,Low,261.405495
49.37157598,1262.44846,213.3937574,116.8228797,Highway,53.82272526,33.47963433,On,Eco,2,Low,224.6534756
99.5655796,2380.841053,107.8462727,100.0118912,Highway,14.01749167,37.88320366,On,Normal,1,Low,534.8573935
80.03185944,1065.998546,258.5739375,89.06991305,Highway,223.4598898,23.27659334,On,Eco,1,Medium,445.5758561
30.11577764,2102.107714,222.3782177,80.11426011,Highway,37.48705639,24.29459364,On,Aggressive,2,Medium,94.86756013
58.25051268,1069.632078,173.1309746,102.3818587,Highway,7.715070721,31.47627067,On,Eco,2,Medium,288.6418319
98.62847887,2256.850076,279.7497075,89.77951482,Highway,176.1690985,30.16897373,On,Normal,5,Low,521.9187971
32.18556093,2358.12222,154.032185,105.2505734,Highway,4.040271726,30.42054834,On,Eco,2,Medium,151.5061146
30.25983426,1446.128686,116.4176185,91.24677126,Highway,130.8857834,31.09356188,On,Eco,5,Low,108.1630346
52.50074324,1110.903465,218.7367182,83.52096117,Highway,86.65081454,38.99805832,On,Normal,1,Medium,257.0483791
103.120003,1721.026805,197.590845,100.2020652,Highway,95.82539548,21.07676084,On,Normal,2,Medium,584.6653884
102.1182065,1447.694555,140.4594962,102.5794295,Highway,1.169712934,35.20897041,On,Eco,5,Low,523.3451011
71.50095566,1625.704214,142.4794947,98.10360102,Highway,289.3038241,24.65012845,On,Aggressive,5,Medium,339.5498321
74.25894969,1997.47818,155.5704741,98.32142217,Highway,155.0889307,27.4735534,On,Eco,3,Low,396.9244178
56.56064091,1314.739054,129.8732562,103.5860051,Highway,171.7536399,21.78582246,On,Normal,5,Medium,240.4043737
49.49893296,1535.427354,230.4579375,101.0541404,Highway,199.8367455,28.91253538,On,Normal,5,Low,223.0092253
95.21774834,2173.843735,216.3260172,85.30270155,Highway,239.2565373,36.08438505,On,Normal,3,Low,505.615424
38.50358884,1965.642925,165.7866366,87.88342586,Highway,182.3727349,21.97480677,On,Eco,4,Low,151.1138324
68.98834967,1489.413237,155.4851222,85.67164166,Highway,228.6594316,25.51207196,On,Normal,2,Medium,398.5071911
80.75178076,1996.4524,147.6123046,107.7318233,Highway,134.6205883,27.46123417,On,Normal,3,Medium,429.6075646
38.29442323,2147.969384,128.0323971,101.1439365,Highway,111.3825421,22.07798406,On,Eco,5,Low,148.0017811
71.56856764,1888.728371,80.56719916,97.19420494,Highway,246.9401722,35.2463362,On,Eco,5,Low,304.9477816
76.20170303,1359.245249,124.3691245,111.9335598,Highway,259.5931573,35.73894056,On,Eco,2,Low,379.2120489
89.39968484,1000.367936,137.0883237,93.03178639,Highway,41.34200094,36.71789996,On,Eco,1,Medium,488.5158197
48.78688393,2204.27366,191.4441615,102.7242665,Highway,162.7980561,31.6779241,On,Eco,3,Low,232.1720313
53.46620026,2233.950333,245.7092422,82.97630406,Highway,205.0927291,30.14477642,On,Eco,4,Medium,240.3637219
75.56169173,2046.406752,154.9685148,109.7761634,Highway,25.07962099,25.25104891,On,Normal,2,Medium,385.0166802
108.6501128,1114.871397,286.7416574,107.8076978,Highway,278.879045,33.10315935,On,Normal,2,Medium,607.5541505
47.39945463,1877.833431,258.5639912,112.0951852,Highway,156.0329318,28.89126971,On,Normal,3,Low,214.6907727
108.8723062,2231.531007,296.3524435,115.3790383,Highway,193.6372252,39.41552812,On,Eco,5,Medium,577.5254298
87.14740264,1584.50248,270.2887298,110.3211307,Highway,53.47282443,39.36358994,On,Normal,5,Low,421.1152607
96.08656557,1297.001101,208.0142278,113.7795956,Highway,79.33040699,38.10410264,On,Normal,4,Low,480.6503868
37.17130146,1881.440946,203.6350291,93.82618396,Highway,36.300365,27.20178276,On,Normal,3,Medium,161.0445696
54.03361499,2239.459941,91.08627042,93.73349448,Highway,79.19961656,27.35944911,On,Normal,2,Medium,265.4178998
34.61890237,1073.304938,233.3758197,117.7720328,Highway,147.7190296,37.05346328,On,Normal,3,Low,83.87800231
59.7237596,1895.426826,204.0496458,116.5829815,Highway,250.0888798,34.58269863,On,Eco,1,Medium,330.3880358
108.5031728,1964.760693,181.6637048,101.9398936,Highway,160.1170245,34.0872194,On,Normal,2,Medium,611.7495924
38.42184498,1903.550559,226.3888494,94.66235141,Highway,73.33907947,25.59222022,On,Eco,4,Medium,170.7256636
74.98982259,1975.050526,166.5714823,114.6400612,Highway,13.38632247,36.66697223,On,Aggressive,4,Medium,323.5325987
30.48564983,1947.062961,185.726319,92.9364453,Highway,186.5909508,31.58841145,On,Normal,2,Low,125.0235372
87.01462528,1195.605827,155.6045532,86.14540332,Highway,126.0479692,28.93731148,On,Normal,5,Medium,444.9464523
45.77541539,1352.405165,232.1690144,105.579707,Highway,295.30616,37.30844248,On,Aggressive,2,Medium,186.7327691
40.36676297,1928.491008,270.3866329,81.70487239,Highway,233.9279656,27.88419528,On,Normal,2,Medium,188.6803871
56.96142497,1026.539742,261.8027854,95.16407625,Highway,242.5088458,33.07851624,On,Normal,1,Medium,284.0661093
91.68354384,1952.116778,248.6460653,112.3065526,Highway,3.670506864,29.31810364,On,Eco,2,Medium,519.7603366
38.5290469,1998.079936,63.30904909,91.80864783,Highway,233.3385999,31.85475612,On,Normal,3,Medium,142.9912219
48.38711966,1358.76214,278.8513113,117.2526192,Highway,58.3839932,20.81092943,On,Aggressive,3,Medium,207.363086
30.67715373,1897.199245,125.970173,118.2329867,Highway,175.7387617,29.22230326,On,Aggressive,4,Medium,109.8842368
107.473189,1801.135091,273.1137463,112.632652,Highway,134.2264717,31.12982615,On,Normal,5,Medium,575.9942086
77.371648,1391.037322,107.2723447,119.5057328,Highway,171.4811552,29.85438669,On,Normal,4,Low,396.6768971
87.59197091,1694.461018,165.5149803,101.2305645,Highway,40.03305883,36.94820745,On,Normal,1,Low,453.8468316
82.11065369,2364.436794,239.8557106,102.7679821,Highway,137.0675044,26.2224795,On,Normal,2,Medium,434.2261499
41.54916471,1639.904171,213.6669469,113.4466726,Highway,11.08340579,37.68153062,On,Normal,4,Medium,130.3057249
77.59519512,1944.766265,159.8212651,99.71221023,Highway,12.29980445,28.0692394,On,Normal,2,Low,403.9144613
40.51324761,1053.026232,222.8697256,96.26880027,Highway,197.3214392,33.89053465,On,Normal,4,Low,171.5933662
62.09891632,1116.70017,191.7478824,104.5901436,Highway,285.509512,21.73445456,On,Aggressive,2,Medium,283.8960291
75.51705087,1121.96211,126.1767136,106.3063804,Highway,233.2178756,24.00308167,On,Normal,4,Low,362.2162204
74.71048913,2167.361145,215.1190669,110.0358329,Highway,140.7467342,35.22332022,On,Eco,3,Low,370.8189922
39.52587408,1525.385342,109.0193007,106.7280279,Highway,16.76122203,20.24657371,On,Eco,1,Low,198.4483084
32.75487757,1341.417533,226.5571882,109.8288718,Highway,13.50604484,39.37055478,On,Aggressive,4,Low,107.6538982
93.85874511,2120.986853,60.74661063,106.9823868,Highway,47.36767833,23.81257802,On,Aggressive,3,Low,482.1780678
88.07379496,1254.940094,191.7054033,99.21780954,Highway,292.7431512,38.02607972,On,Normal,5,Low,421.9164613
36.54551237,1369.738788,156.2562306,85.39738337,Highway,119.5983199,30.31890056,On,Normal,4,Low,152.7796756
40.1932415,1646.397165,132.7449057,111.4177292,Highway,253.0221876,31.29150734,On,Aggressive,2,Low,164.9012323
101.4067021,1497.157104,183.7699121,81.23116606,Highway,211.5427317,21.68263576,On,Aggressive,1,Medium,553.1938683
91.53031213,1878.088317,214.8747918,119.7000037,Highway,181.6285978,27.30437508,On,Normal,3,Low,477.0946796
109.6928237,1506.760929,291.6749439,113.1383396,Highway,284.3478335,23.12437722,On,Eco,3,Medium,597.3424045
50.31899594,1589.427454,259.9354776,106.8364243,Highway,69.12347119,30.51862989,On,Normal,1,Low,225.6630098
69.02423911,2294.329912,232.1159719,118.6642709,Highway,136.4668987,31.01464291,On,Eco,4,Medium,344.1967306
48.91676608,2326.797159,174.9520588,104.4988113,Highway,259.4168897,34.19333899,On,Aggressive,2,Medium,236.7964581
79.82401108,2241.566786,154.1145887,82.25731523,Highway,165.5283923,37.56556316,On,Eco,5,Medium,383.850772
39.23313913,2297.246399,67.8071171,102.375287,Highway,73.93354189,29.36359633,On,Normal,4,Medium,135.7867188
40.17945382,1854.593004,146.1832567,91.08816743,Highway,62.67492505,24.6672074,On,Normal,1,Low,168.9066993
35.75103131,1969.349822,263.6105133,94.77910112,Highway,225.8643003,26.67143323,On,Normal,4,Medium,142.2341965
85.48688658,1835.75975,152.1658997,98.38340623,Highway,3.836668276,36.94179626,On,Normal,4,Low,425.7453121
69.52580619,2178.382126,170.7803998,110.9840299,Highway,274.2576232,22.9172697,On,Eco,1,Medium,388.3041164
79.41849731,1826.500729,125.2402618,100.1171686,Highway,5.525396435,32.54512157,On,Normal,1,Low,439.4879133
100.3440837,1166.615447,125.7918621,98.98721163,Highway,189.2967141,20.26171768,On,Normal,5,Medium,533.4103427
89.22627878,2214.370181,74.84922261,92.07888551,Highway,181.4243884,24.91338657,On,Normal,1,Low,493.3784745
66.93783345,2140.877756,207.3129421,101.5948897,Highway,173.5233453,31.82816995,On,Aggressive,1,Low,322.1919906
108.7484791,2230.450893,167.5366567,89.93563418,Highway,142.3029153,29.1282408,On,Normal,1,Medium,620.1128102
66.50048809,1285.644195,205.4305938,90.43975262,Highway,255.7290998,29.8709898,On,Normal,3,Low,329.0491084
38.99605386,1407.425579,191.252856,110.290351,Highway,197.7998611,33.21124101,On,Normal,1,Low,181.0225203
109.4123798,1443.627546,251.722701,93.70189058,Highway,234.5586844,24.69172049,On,Normal,1,Medium,619.5761932
31.8256584,1762.120804,240.242859,82.05598692,Highway,34.65654179,25.61609881,On,Normal,1,Low,127.6723189
73.99068476,1200.815626,245.1489248,93.74709144,Highway,14.96959124,33.68916415,On,Normal,5,Medium,354.4608985
54.7276391,1578.07263,179.8173617,105.5428883,Highway,8.558552679,30.76582815,On,Aggressive,4,Medium,235.4709008
70.28417208,1273.237242,144.9315243,112.5594235,Highway,44.16179564,20.29173649,On,Normal,1,Low,367.621267
74.69703621,1397.14407,284.0247817,118.4774673,Highway,200.1023671,33.40655591,On,Normal,1,Medium,380.7273532
49.2076717,2059.581452,73.02474569,109.8488169,Highway,148.2065267,32.40184082,On,Normal,5,Medium,205.8475188
74.54870046,2282.216734,96.62911388,97.15406438,Highway,225.6756768,21.57215148,On,Normal,4,Low,385.2766505
90.48488896,1034.3588,160.7037821,91.96477117,Highway,57.51910102,34.9503899,On,Normal,5,Low,484.7733153
51.32078698,1848.845445,207.3498366,85.18519961,Highway,110.0889126,30.44202918,On,Aggressive,2,Low,241.6824253
60.67409067,1054.089643,61.96808995,105.1074574,Highway,266.5492646,24.09494568,On,Eco,2,Medium,331.7287796
51.45941545,1127.873868,232.6374766,100.3953326,Highway,280.7143638,31.18712736,On,Normal,2,Medium,227.7560646
95.64477848,2057.626052,194.0943703,107.1080607,Highway,276.5187465,31.90917028,On,Normal,1,Low,536.9098102
87.99858074,2103.41216,176.3286621,89.48532626,Highway,245.4915133,38.40237458,On,Eco,5,Low,418.6084559
99.69571498,2220.97101,161.6388093,92.94576672,Highway,206.4707636,34.84288851,On,Aggressive,1,Low,537.6901249
43.60399143,1711.362268,184.6768876,91.68381398,Highway,274.1033682,26.03848709,On,Eco,2,Low,193.7587141
35.88637105,2289.711223,98.82857628,111.9060737,Highway,214.2544775,22.36265935,On,Eco,4,Low,147.712992
39.55068031,1250.257437,86.09081743,86.84919259,Highway,286.1808746,37.06368144,On,Aggressive,4,Low,102.1804707
42.88146663,1374.57462,129.5129949,104.3388847,Highway,7.436499611,36.92135376,On,Eco,5,Low,134.081384
72.64661285,1201.753221,230.2811501,82.05420063,Highway,276.4926258,23.50620029,On,Normal,4,Low,354.7205647
107.6729656,2196.305891,201.1890921,101.981103,Highway,166.7221608,21.2426237,On,Aggressive,2,Low,567.9714041
58.57883333,1343.012678,175.2295242,82.55655903,Highway,33.53932555,34.237293,On,Normal,5,Low,264.8906992
106.6806615,1233.266864,197.1650318,87.03506363,Highway,64.47338092,34.45163662,On,Normal,5,Medium,564.167147
33.0560636,1934.666031,194.2219231,84.52101208,Highway,255.6477852,23.54287507,On,Eco,2,Medium,155.1999377
104.1497762,1115.62304,133.6900621,93.86901416,Highway,151.8350865,33.36423719,On,Eco,2,Medium,585.75026
44.49220858,1067.350416,83.38942734,93.74925671,Highway,294.845317,25.57847489,On,Normal,2,Low,221.7318192
102.9979989,1160.076473,275.2277685,113.0567712,Highway,35.25933285,25.21234056,On,Eco,2,Low,575.3148707
34.49819441,1000.361326,203.978703,89.02749806,Highway,123.7510392,26.49035868,On,Normal,5,Medium,137.4558444
105.8575558,2045.485231,227.4595199,83.45546967,Highway,99.56233292,30.40792733,On,Normal,4,Medium,582.4824805
46.06386115,1843.352983,171.3593338,104.1404716,Highway,154.8406308,36.08907847,On,Normal,2,Medium,176.8517803
54.21712481,1314.812664,241.5553392,107.498028,Highway,190.0313457,29.97287502,On,Eco,3,Low,254.2753689
69.27538753,1349.507422,200.2793434,91.79294464,Highway,198.4888408,25.96085391,On,Normal,5,Low,348.0471278
60.4576705,2216.452898,72.9122693,104.1125647,Highway,0.388763974,37.67948597,On,Normal,1,Medium,262.3814928
83.40223754,1752.730174,273.6232885,111.0422627,Highway,26.68813013,21.10179915,On,Eco,4,Low,442.9095493
107.9846214,2047.792536,133.3286752,93.90211756,Highway,10.5191501,35.94182968,On,Normal,5,Medium,554.4631699
78.51411926,1679.133177,93.09378658,101.0141536,Highway,259.3797439,35.68763516,On,Normal,2,Medium,379.8261763
87.71883275,1356.577039,81.12984185,85.86533095,Highway,93.98767595,25.0709362,On,Aggressive,3,Medium,454.9635182
37.04042002,2455.604201,232.9056753,80.94587204,Highway,110.1190326,23.96590365,On,Aggressive,1,Low,176.1076794
80.22499433,1848.471345,228.952408,119.254719,Highway,135.1113747,37.49401123,On,Normal,4,Medium,359.1471945
66.30798216,1196.472856,228.03891,91.98923402,Highway,254.7913192,31.17742587,On,Normal,2,Low,319.0761204
100.8625886,1609.135063,279.7806654,91.15608203,Highway,4.249878289,20.92022715,On,Eco,5,Medium,520.4100075
61.05688797,1494.006118,143.7463253,118.9298053,Highway,35.58548231,37.81665033,On,Eco,5,Medium,264.598225
84.35633152,1321.131203,194.6719335,109.129341,Highway,205.5489366,26.98011969,On,Aggressive,4,Low,409.9829615
48.25229826,2400.159984,208.6789399,103.4119155,Highway,289.1677568,26.84313108,On,Eco,3,Low,224.3188479
50.74980268,2321.379993,295.0756389,107.9729358,Highway,192.8359264,32.86575874,On,Normal,2,Medium,231.1683647
60.08979447,1298.720675,134.9630745,108.3970627,Highway,78.33704054,33.22621886,On,Eco,4,Low,298.7463718
54.325083,1528.221834,289.519488,110.5334352,Highway,155.9593286,27.06632242,On,Eco,4,Medium,247.4420889
50.31030715,2143.473088,95.69623994,82.68756926,Highway,292.4941427,22.86557856,On,Normal,5,Medium,249.4612182
33.97349647,1312.759072,243.3603494,96.51325679,Highway,158.422964,31.04539527,On,Eco,4,Low,141.2194153
96.93970654,1887.347294,211.892616,91.80521271,Highway,112.0522889,32.50358329,On,Normal,1,Medium,545.0848143
35.14412247,2049.690913,256.0550489,82.82278554,Highway,115.0276665,37.2044473,On,Eco,1,Medium,154.6494927
100.9892412,1980.958489,66.88453767,96.50395987,Highway,290.1100526,29.68879975,On,Normal,2,Medium,537.1552983
40.03723113,2059.61296,78.75145031,104.6469394,Highway,215.674958,32.91392159,On,Normal,4,Medium,155.1208731
35.22093897,2060.049384,76.7269871,87.1399072,Highway,206.1518567,21.08817656,On,Normal,5,Medium,123.9093369
75.04038112,2447.20888,202.3102693,92.20106976,Highway,69.61629651,37.890458,On,Normal,2,Medium,365.8875447
70.19534341,1519.748334,204.7046562,105.5668329,Highway,167.8453913,26.54431626,On,Eco,3,Medium,360.2356716
69.29876551,2317.885637,277.4651734,103.1729863,Highway,107.0235596,32.64442249,On,Normal,5,Low,342.1327254
75.9603462,1032.710594,172.2248435,114.7514185,Highway,72.06045776,38.32103263,On,Normal,3,Low,362.8554399
52.96452849,1432.304445,76.3317732,111.6492388,Highway,268.6656858,36.21051569,On,Aggressive,2,Medium,222.4177803
83.03594187,1072.983673,110.2870564,118.6244421,Highway,114.9467426,32.75407715,On,Eco,1,Medium,433.0933869
70.19217758,1976.80594,61.93754276,103.8877324,Highway,84.83614874,34.07215656,On,Eco,5,Low,323.4005722
56.77947736,1151.185556,246.411486,107.9386947,Highway,279.516119,38.41810232,On,Eco,5,Medium,231.0996971
96.12005336,2268.560295,255.7438649,114.4202504,Highway,59.20391894,36.2418636,On,Eco,2,Low,527.4337961
88.21768771,1969.887526,299.5056999,113.5996978,Highway,223.6514354,32.19718121,On,Eco,5,Low,482.967251
61.48882736,1043.223102,158.9266678,108.7488657,Highway,195.8241433,33.17405412,On,Normal,5,Low,295.5193833
97.80942282,2072.166048,64.6316101,100.0102484,Highway,276.1453285,22.94536848,On,Normal,2,Medium,525.608162
103.62066,2293.052421,116.3351716,90.92827553,Highway,249.6141413,29.4033536,On,Aggressive,4,Medium,550.6289423
72.94930137,1991.681511,201.0645282,115.0886302,Highway,211.5885654,26.01995295,On,Eco,2,Low,398.5742166
47.19619601,1045.786324,290.8663121,111.0662177,Highway,94.37149821,28.63941269,On,Aggressive,5,Low,208.9724936
103.2633725,2286.879323,84.85885235,113.5162781,Highway,148.6707034,33.24493747,On,Aggressive,2,Medium,535.5444398
45.15836961,2098.695869,89.17752484,85.63157273,Highway,283.3487284,22.98302187,On,Aggressive,5,Medium,179.4148737
33.87385811,1567.676969,228.4221565,92.59251513,Highway,6.960789174,20.34751927,On,Aggressive,3,Low,115.3359349
56.19896071,1492.945387,220.1296932,96.99540152,Highway,238.2995471,27.93848806,On,Normal,3,Low,272.9192338
88.15730756,1719.730272,120.1215253,113.5340789,Highway,75.54310514,26.44368629,On,Normal,1,Low,474.9450695
103.8619269,2300.652626,255.1547498,115.7154669,Highway,55.50508299,28.40864119,On,Normal,2,Medium,553.105208
80.98285175,1378.089028,90.90690131,91.39570857,Highway,69.66738433,38.62441841,On,Normal,2,Medium,417.229212
106.1470838,1151.445717,282.1780427,107.4571667,Highway,17.92529745,34.14168202,On,Aggressive,3,Low,554.7004093
37.38966714,2296.954559,108.2476633,83.11256825,Highway,297.5939473,26.54917549,On,Normal,3,Medium,152.9914919
34.86029837,1039.434773,79.52456945,96.38293088,Highway,260.960743,23.58557644,On,Eco,3,Medium,148.329603
78.33535606,2366.495533,141.4853008,99.46676431,Highway,156.3167906,32.36956589,On,Normal,1,Low,438.369408
107.2893058,1458.617791,105.0819092,110.6253126,Highway,214.5309536,33.15152503,On,Normal,1,Medium,600.5726849
70.21770472,1762.334053,186.465894,115.6788895,Highway,166.9786089,29.67245368,On,Aggressive,4,Medium,331.6814528
34.12121808,1198.443287,224.843169,93.49132943,Highway,243.4736833,24.25521549,On,Eco,2,Low,157.4646803
47.69749249,2353.382454,177.8211788,101.1095556,Highway,253.4295575,20.57110522,On,Normal,1,Low,210.5273883
49.58343251,2124.754335,218.5457596,105.8979289,Highway,69.83712845,25.31321395,On,Eco,5,Medium,224.8821234
57.02857033,2386.23338,147.5809235,93.14748916,Highway,137.9243312,29.14340999,On,Aggressive,2,Medium,279.5365241
33.48827069,2024.843577,66.70142334,119.4215285,Highway,190.4543203,35.75868573,On,Eco,4,Low,107.5259941
102.391416,1277.040665,293.7753898,115.0309752,Highway,293.5322492,37.07507658,On,Aggressive,3,Medium,509.2470887
71.24511558,1462.400504,256.6592411,91.85611315,Highway,204.8068137,28.25869119,On,Eco,4,Low,369.0981459
83.67446344,1730.272863,77.62051778,100.3178492,Highway,269.2905032,35.92248109,On,Eco,2,Low,438.7171977
35.37382695,1910.887308,167.8023351,89.23362453,Highway,253.8336153,39.86705647,On,Eco,3,Low,113.0313671
34.32923742,2389.689156,212.4045768,100.5801568,Highway,174.6189191,34.3322075,On,Normal,4,Medium,115.822431
76.91742176,1575.927199,105.7426249,107.3332938,Highway,268.096608,34.57198063,On,Normal,4,Low,378.1475513
100.9836808,2054.608033,198.7172667,83.42084371,Highway,113.2265183,38.19073003,On,Eco,2,Medium,579.5467924
72.27856008,2441.513273,188.0756683,114.8046882,Highway,113.7850591,26.76288257,On,Normal,1,Low,362.9201276
100.2255338,1228.561095,109.9836452,103.7498347,Highway,234.289693,20.22410786,On,Eco,5,Low,537.9286844
94.87930184,2294.064383,93.89047423,119.5841159,Highway,40.36309969,39.73954543,On,Aggressive,4,Medium,458.631654
36.06830286,1631.059106,242.1509495,81.02366029,Highway,91.74756524,29.80936155,On,Eco,5,Low,130.1730502
46.15659795,2098.632664,137.4207471,113.259934,Highway,182.5717353,35.71355186,On,Normal,2,Low,192.2930254
82.61685353,1440.307508,118.5697281,111.6785219,Highway,126.0196797,36.24982275,On,Normal,2,Medium,395.4323153
65.4801106,1500.976327,237.0908047,85.31410048,Highway,282.217113,27.95033354,On,Aggressive,1,Medium,352.0629066
53.25598509,1040.699837,236.6564861,93.4122254,Highway,287.5518209,30.82546093,On,Aggressive,3,Low,222.0861997
63.49070848,2457.10623,126.3363975,115.3918481,Highway,150.7743926,30.79831052,On,Aggressive,5,Low,269.8393715
65.6159717,2220.178863,269.4164307,100.7381718,Highway,161.7185671,24.40432019,On,Eco,4,Medium,337.7521555
102.8441801,1140.876937,225.1800396,96.0512595,Highway,217.3881275,22.35277868,On,Aggressive,3,Low,554.7322484
38.2766627,2499.263193,142.9834123,116.2198573,Highway,137.1794776,30.8714461,On,Normal,5,Low,136.9837921
52.37845974,1907.536896,162.597516,83.73378098,Highway,57.02954038,22.40286454,On,Aggressive,5,Low,214.1712519
73.00518533,2280.592957,234.4103246,98.92491132,Highway,224.0907506,26.92177448,On,Normal,3,Medium,348.7024313
85.86295413,1099.991145,110.7801199,106.0949639,Highway,221.3357668,23.72166663,On,Aggressive,3,Medium,438.8647878
80.45098312,1584.176768,172.5025902,104.3416576,Highway,73.49433102,34.13832217,On,Normal,1,Medium,421.4091071
105.331419,2004.476683,216.8540021,90.57105818,Highway,249.8749559,37.44017707,On,Normal,4,Medium,578.7065607
93.64871399,1159.650578,189.4796515,102.5325162,Highway,184.0947589,31.5582922,On,Normal,4,Low,491.6944404
74.56614736,1733.354258,205.998803,108.3424706,Highway,70.89048309,28.20311614,On,Normal,4,Medium,356.3954935
47.17461533,1664.016812,191.0909999,103.3954163,Highway,195.6117433,39.93285282,On,Normal,3,Medium,184.618578
66.06993851,1324.060337,107.8145865,107.378489,Highway,70.08285789,20.4241827,On,Normal,1,Medium,354.4797505
85.47057954,1450.404754,158.4492828,90.24314958,Highway,79.56988622,26.08682168,On,Normal,2,Medium,477.8298114
97.03697399,2450.677532,187.6765189,113.313958,Highway,254.402792,25.57346305,On,Normal,1,Low,520.8531069
106.778898,1432.972729,247.2150582,97.98758148,Highway,278.8474708,27.12407196,On,Normal,3,Medium,579.883297
78.43622129,1320.139201,216.9370169,119.4889538,Highway,77.06479751,24.61191482,On,Eco,1,Medium,435.9583458
72.15354938,1804.313757,162.3818268,80.93141283,Highway,278.4153111,25.28525671,On,Aggressive,3,Low,342.8068906
31.41535385,2006.437051,293.8559597,95.21261485,Highway,71.63965395,25.1535422,On,Normal,5,Low,103.8897196
35.76792553,2087.639667,85.8709252,87.21900209,Highway,35.18020966,30.11488102,On,Eco,5,Medium,147.636228
42.48839981,2131.370777,109.6331685,102.2243811,Highway,17.46716342,27.82110554,On,Normal,2,Medium,198.7508606
34.3807945,1055.248737,141.9150264,89.72820377,Highway,72.63397225,32.78560204,On,Eco,5,Medium,135.2931723
62.0690591,1590.640601,114.8572985,109.4991179,Highway,115.5739622,30.2880232,On,Eco,2,Low,295.3496006
56.95028361,2160.93712,210.1060792,115.2746345,Highway,278.264514,23.66843705,On,Normal,4,Medium,262.507628
80.98833263,2357.278153,69.49217504,88.43537414,Highway,72.64739991,36.20089958,On,Normal,3,Low,387.2970973
72.85320863,1903.300185,102.5848282,86.42710473,Highway,109.6396035,29.44390397,On,Eco,4,Low,400.2016288
77.67766075,1078.46028,130.403337,115.0142874,Highway,220.2467624,23.06463036,On,Normal,4,Low,411.499699
67.75817624,1594.968709,224.002986,94.4508766,Highway,90.6222264,23.33759686,On,Aggressive,2,Low,319.0777091
52.21897188,1111.340674,270.2075718,97.3833454,Highway,205.3104455,35.93936821,On,Eco,3,Medium,222.217511
106.2260252,2122.806794,251.6380249,88.8387801,Highway,129.6233458,34.05986368,On,Eco,2,Low,563.2265864
36.91273278,1095.258204,103.699424,97.01259472,Highway,58.9334858,30.13055905,On,Aggressive,1,Medium,165.9171377
105.11128,1278.5966,195.697382,89.25200292,Highway,220.2176703,26.1216302,On,Normal,4,Low,555.815544
54.89904375,1625.437636,67.20543488,106.6370976,Highway,8.111650007,29.21044074,On,Normal,3,Medium,264.9318877
71.01291563,1693.972551,134.5288261,99.9550565,Highway,87.70044752,32.72967074,On,Eco,4,Medium,358.0408489
38.70738583,1609.72255,253.4361108,111.5224178,Highway,106.8544618,37.58564635,On,Normal,1,Medium,127.5074267
35.67448547,1695.09497,169.5997713,92.50912464,Highway,137.4654765,31.11735735,On,Normal,1,Low,156.7759415
64.3636359,2069.858728,95.98591735,100.2238006,Highway,203.9607696,25.5347059,On,Aggressive,3,Low,320.8356513
89.33579011,1553.903234,165.2528116,90.38093292,Highway,137.8214983,20.85479829,On,Normal,3,Medium,477.0080509
51.5491822,1821.625689,107.5279021,117.3789572,Highway,178.2972337,23.50910112,On,Normal,1,Low,230.0439829
74.98783111,1455.053886,154.3659499,100.8774267,Highway,178.7337235,33.00355241,On,Aggressive,4,Medium,365.0132069
52.29202724,1530.441243,177.0800335,86.93849985,Highway,111.981495,23.20873934,On,Aggressive,5,Low,227.3133093
61.08904487,1920.698439,143.893947,90.91062637,Highway,280.1913797,29.63079106,On,Eco,4,Low,296.4272268
102.5157055,1735.741977,284.8725481,83.31607856,Highway,286.7561493,33.97910031,On,Aggressive,5,Low,514.1161706
98.46717004,2084.554442,195.0072714,81.11263982,Highway,174.5552652,26.16449803,On,Normal,2,Medium,570.2746124
71.28140347,1840.807882,262.2942417,101.036873,Highway,21.50726409,33.3821178,On,Normal,3,Medium,342.4744838
49.0484502,2205.361128,242.5748513,93.4849169,Highway,147.3382693,31.62144123,On,Normal,1,Low,267.1482784
45.45471302,1665.112319,218.6799142,118.5509382,Highway,55.32579804,28.77878214,On,Normal,2,Medium,204.1655148
106.3269882,1736.55043,179.2532996,86.85325585,Highway,144.9643566,37.94490958,On,Eco,4,Low,573.8217506
46.21732772,2004.957023,60.52170811,111.7565061,Highway,56.54494635,33.84117781,On,Normal,5,Medium,193.4105767
94.65346487,1331.865917,207.2322241,92.63885769,Highway,211.1565737,27.21194066,On,Normal,3,Medium,496.7939593
59.51761676,1578.894305,145.4297887,88.94149544,Highway,24.12873602,36.08529067,On,Eco,5,Medium,288.190276
108.8527878,1937.261866,88.26292003,118.7854728,Highway,285.9912229,34.76204428,On,Normal,4,Low,585.086134
59.45245923,1043.314404,166.7103033,112.1030639,Highway,58.61276683,35.83367931,On,Aggressive,4,Medium,246.9123084
58.12132999,1655.45715,236.5327973,105.2248357,Highway,198.1969008,32.81911966,On,Normal,1,Low,298.7927786
80.99709031,1898.274904,290.8026707,107.8848415,Highway,275.0887052,27.58741232,On,Normal,2,Low,419.1287056
106.9213445,2451.063298,149.7851739,119.655259,Highway,74.3658942,26.97157031,On,Aggressive,3,Low,531.5752647
108.0967685,2315.524842,190.2535917,103.7282964,Highway,280.2890697,33.08302722,On,Normal,1,Medium,576.3716544
86.57649172,1421.112929,264.298652,84.07601803,Highway,116.6023997,22.61800016,On,Eco,5,Medium,459.3325751
90.36850925,1760.815156,140.1598608,82.59464507,Highway,288.1592452,36.39828701,On,Normal,2,Low,459.8670001
75.07217408,1084.621559,94.14173879,106.6642711,Highway,291.4091574,27.40670768,On,Eco,3,Medium,392.7874364
90.46205913,1361.131622,127.6516395,106.3040458,Highway,56.42397152,32.60743979,On,Normal,5,Low,458.769022
98.7823724,2162.283802,275.7894792,109.9269517,Highway,249.3262011,29.9812783,On,Aggressive,3,Low,496.9037292
68.88762426,1184.971018,98.25434603,84.35114921,Highway,58.02630385,30.38652984,On,Normal,3,Low,330.8880114
79.58898103,1386.535787,139.0130546,117.796091,Highway,67.9321861,34.76012292,On,Normal,2,Medium,405.8356563
72.98533562,2416.063753,171.5136745,102.0463366,Highway,25.23795121,32.53340107,On,Normal,5,Medium,369.2855527
74.99764908,2235.783701,263.3071736,105.9822208,Highway,46.96108395,25.00617977,On,Eco,1,Medium,397.6947561
101.2038328,2172.741569,285.0511881,81.39409534,Highway,189.6656905,21.48451863,On,Normal,1,Low,576.0730236
58.44934642,2296.836235,162.1944743,118.4389686,Highway,134.775819,36.80468135,On,Normal,1,Medium,254.0948834
46.65472205,2124.40853,283.6689716,102.5036739,Highway,237.2832712,37.6978815,On,Eco,3,Low,208.3418328
66.50240882,1180.879324,98.75018277,102.5345245,Highway,99.59904445,23.28993066,On,Aggressive,4,Low,304.5313905
46.64681524,1774.84199,97.64455006,117.7422126,Highway,290.5873702,26.18954134,On,Eco,2,Medium,216.0215012
69.87203405,1666.365881,287.8201967,117.1740071,Highway,14.96176225,25.64684764,On,Aggressive,1,Medium,349.6495738
102.2806484,1466.727367,182.323232,88.81194367,Highway,18.88078632,38.74897121,On,Normal,2,Low,549.2056638
79.39468164,2251.060615,104.6178805,117.2439529,Highway,210.4124696,24.09554764,On,Normal,3,Low,405.2894858
98.43462826,1696.208804,177.1176889,109.4648516,Highway,266.2616655,23.33078464,On,Eco,2,Medium,546.2065917
43.29527357,1090.446402,247.9706773,80.75602909,Highway,238.6500575,23.63677099,On,Normal,1,Medium,206.9259055
102.0698874,1412.448376,258.4608878,89.59372595,Highway,146.9451264,34.59738352,On,Aggressive,1,Low,547.7464708
78.14297315,1342.931587,267.3526216,96.51920582,Highway,80.89240839,37.76039688,On,Normal,3,Medium,400.9184634
32.5407831,2331.218327,196.6970167,103.3128982,Highway,4.035458791,27.86734821,On,Aggressive,3,Medium,112.3057283
80.64951642,1971.157151,268.0670434,108.0531892,Highway,152.8354362,22.72159809,On,Normal,5,Low,407.575687
106.1117565,1840.564399,182.4072501,88.40841576,Highway,142.6908592,31.71443995,On,Aggressive,3,Medium,573.1189055
36.33336004,1759.973863,205.6943766,113.4680206,Highway,103.2737698,24.19869917,On,Aggressive,4,Low,114.5247263
76.59649044,1975.169541,242.0927525,113.828613,Highway,173.4218364,21.28302895,On,Normal,4,Medium,417.0098976
103.2382882,2132.31332,162.1044703,105.3999528,Highway,218.6444092,37.72462757,On,Normal,1,Low,562.24307
30.77561347,1831.577059,77.65955691,116.8437564,Highway,210.2664709,37.41682553,On,Aggressive,3,Low,60.71388854
80.47303412,2407.428123,144.0399256,112.5192971,Highway,78.97585254,39.51820321,On,Eco,4,Medium,426.1638718
67.99218335,2465.251256,209.746612,88.86494637,Highway,175.5911066,29.4800951,On,Aggressive,4,Medium,338.0881883
57.75914549,2493.013475,106.1597687,111.9470747,Highway,44.63234358,25.88002396,On,Normal,5,Medium,245.8043394
80.2029192,2004.086665,95.61248724,118.1280832,Highway,36.48055317,35.39567491,On,Normal,3,Medium,403.9748203
34.21616757,2398.9307,130.3393307,85.50425788,Highway,235.7567509,23.60989864,On,Eco,5,Low,132.6912423
90.2450437,1606.719543,67.70675095,119.1479154,Highway,208.1237706,24.86584154,On,Normal,2,Medium,483.140592
30.35835815,2289.388587,238.4214955,80.99971187,Highway,230.3786702,25.11365252,On,Normal,5,Medium,111.7138362
54.5548595,2363.761448,122.0917445,100.8866898,Highway,45.73868226,39.0323882,On,Aggressive,2,Low,233.3500576
70.31669101,2356.210708,89.81721519,110.9557256,Highway,274.3855768,34.59645838,On,Normal,2,Low,324.9297105
60.16178005,2246.269424,227.7910598,111.6175241,Highway,39.93348397,22.67389585,On,Eco,3,Low,278.7107112
54.59807482,1609.898742,262.302723,109.3869028,Highway,261.0110905,21.85691756,On,Aggressive,2,Medium,238.7668222
96.46681164,1238.361223,64.77014301,101.1740549,Highway,105.7137874,36.85629707,On,Normal,2,Low,528.6412773
104.7866059,1500.934535,116.063945,106.0385729,Highway,31.63022791,36.04548646,On,Aggressive,5,Medium,532.6334054
99.89701479,2150.932854,286.855758,107.9972874,Highway,86.03068817,33.41989156,On,Normal,3,Low,541.1055201
71.79450504,1349.328267,152.4609926,99.78156897,Highway,54.43440426,23.92201305,On,Normal,3,Medium,369.1818267
100.733134,1717.408097,285.2620952,103.827399,Highway,147.2009156,29.60567078,On,Normal,2,Low,533.9291677
103.6689252,1848.099277,125.8110092,113.8547221,Highway,284.9236044,32.05451891,On,Normal,5,Low,518.5471619
62.73907176,1905.787844,112.3362325,92.51516085,Highway,98.36134847,38.64275054,On,Eco,5,Medium,300.7320552
52.67566876,2403.588323,111.3860188,100.9282531,Highway,183.6296957,23.3884748,On,Eco,5,Medium,265.0552692
37.86121647,1992.239531,80.4548785,80.33918884,Highway,267.5162627,30.30893614,On,Aggressive,5,Medium,142.7329051
68.32735368,2179.448224,275.1437492,107.497456,Highway,189.0221789,23.15503278,On,Normal,1,Low,343.464631
105.7037536,1872.817522,295.1604054,87.81541858,Highway,108.6597423,28.87698681,On,Aggressive,2,Medium,569.673658
74.87260225,2250.370478,289.0821137,99.24005015,Highway,297.2517382,24.00269949,On,Eco,2,Low,405.1671883
83.40496814,1395.49542,264.4867536,88.40820865,Highway,56.22408043,36.72372417,On,Aggressive,2,Medium,415.0903555
39.03070548,1314.816508,263.2530978,80.94134858,Highway,156.9768045,25.09472555,On,Normal,3,Medium,166.1398546
41.48157313,2389.480073,218.6605121,99.32882207,Highway,239.0116496,28.34209432,On,Normal,3,Low,163.4704573
67.15786096,2040.221315,258.2912909,96.99334426,Highway,0.194660873,28.15575305,On,Normal,5,Low,311.8504581
106.1011839,2007.288366,110.0021674,97.00598054,Highway,210.6129756,37.3258992,On,Aggressive,3,Medium,542.8072885
58.86277133,1700.942858,153.0990313,88.3522464,Highway,79.94966901,35.15594929,On,Normal,4,Low,234.437359
100.1987233,1565.045889,213.8007104,117.8881836,Highway,50.91801681,21.15150978,On,Normal,2,Medium,553.9998699
39.62308747,1833.536792,269.9451198,80.14028607,Highway,82.25833901,21.34174914,On,Eco,2,Medium,164.182416
79.36137655,1180.849524,218.512671,115.661818,Highway,290.0449278,31.0239449,On,Normal,1,Medium,435.8577694
78.04903815,1682.068842,261.36527,109.4760769,Highway,267.5805778,28.55438055,On,Aggressive,1,Medium,395.4852511
98.78998001,1683.051557,173.7478838,86.88288134,Highway,64.12633694,25.51168441,On,Eco,4,Medium,540.1775205
30.26533635,1807.504769,232.152897,98.88767945,Highway,35.10803194,35.85241876,On,Normal,1,Medium,109.6274081
45.19453338,1952.028422,295.1953935,119.5540033,Highway,109.2457814,22.57270344,On,Eco,5,Medium,188.1574783
47.57501003,2435.977549,96.83725371,105.7479295,Highway,177.700944,39.48113826,On,Aggressive,5,Medium,154.4802685
105.997287,1978.253691,282.4609662,85.09506895,Highway,260.1433886,20.48205014,On,Aggressive,2,Medium,579.5079859
42.2954925,2325.587728,185.3673475,98.30568955,Highway,289.8270375,22.36461449,On,Normal,5,Medium,196.4844305
32.95698802,1834.455792,214.3723274,98.72812386,Highway,225.3460105,26.22633309,On,Eco,1,Medium,159.6695826
72.75691958,1940.391824,270.6885617,112.0905333,Highway,179.7021638,30.18298191,On,Normal,4,Low,345.5202422
72.28467699,1104.75543,158.3170014,116.6465173,Highway,42.69960784,24.32272317,On,Eco,5,Low,354.7256379
97.52375723,1199.895584,160.486218,83.28966173,Highway,22.20851291,34.72430298,On,Normal,2,Medium,532.9113077
105.908772,1869.505653,186.5236407,92.56149148,Highway,178.8080636,27.15083807,On,Eco,2,Medium,581.853172
73.08363537,1593.569305,64.58450028,91.93752508,Highway,161.7192317,20.77076667,On,Normal,1,Medium,398.1611037
104.3995346,2198.21578,179.1998834,119.841925,Highway,253.8264323,37.55443935,On,Eco,5,Medium,529.9529405
88.0127321,1814.766812,129.8609436,102.3690847,Highway,96.78175526,38.87731346,On,Eco,1,Low,469.3829953
51.16473024,2323.436558,282.7090038,115.1932598,Highway,11.9072572,32.37127245,On,Eco,2,Low,211.5340735
104.2736569,2458.497518,81.0564717,97.04131398,Highway,127.1124807,36.13072777,On,Normal,4,Low,543.1617512
83.39545409,1221.452778,170.2369109,108.908926,Highway,290.7546912,22.42223077,On,Normal,5,Medium,411.4650219
63.12767462,1592.241627,287.3923609,91.46342569,Highway,238.6724715,25.37640564,On,Eco,4,Low,298.9436398
84.41936676,1997.471538,276.2484601,116.4714409,Highway,10.13165209,26.50463375,On,Normal,5,Low,403.9136987
62.10502622,1458.233133,228.3236262,98.20584964,Highway,262.4036712,39.21506334,On,Aggressive,2,Low,261.8230521
39.13470144,1400.548507,201.4466525,112.1490199,Highway,141.5068469,30.2444528,On,Eco,5,Low,147.3196455
87.51829977,2220.607841,127.3754249,90.23267533,Highway,109.4304095,20.14827118,On,Aggressive,2,Low,469.7075019
95.92700897,2470.567704,148.0697071,107.7441737,Highway,104.0218622,27.60371646,On,Normal,3,Medium,505.8656709
88.30449592,2160.704997,81.63236754,96.20633618,Highway,178.5432759,20.15501202,On,Eco,2,Low,495.3087297
48.32917342,1785.514934,248.6659915,81.25757692,Highway,159.1798255,24.75611481,On,Normal,2,Low,232.0201534
106.5308011,1663.766848,137.7287443,96.52033015,Highway,196.9881733,29.09400134,On,Normal,5,Low,588.6534758
32.02036494,1809.471581,220.2676558,102.0008657,Highway,172.0924395,26.46786111,On,Normal,4,Medium,103.7527631
56.61482379,1694.259553,145.8227465,86.07046456,Highway,43.18337245,20.65468425,On,Eco,2,Low,296.6681053
50.80739476,1754.332085,171.4393059,87.35652421,Highway,77.17080263,22.32671445,On,Aggressive,5,Low,228.3631923
33.85009821,1305.179576,193.2005934,98.59451193,Highway,252.3088716,31.01773122,On,Normal,2,Medium,145.6939807
62.45837544,2355.612924,252.444578,93.7091885,Highway,198.9775544,33.91209809,On,Normal,1,Medium,318.923433
79.84918721,2131.802502,110.6775306,97.62962152,Highway,134.5201876,28.09098024,On,Eco,1,Low,429.6209236
100.6042291,2021.466134,155.7036928,98.43307957,Highway,54.78042955,34.62963493,On,Eco,1,Low,539.109049
109.1751773,2424.887456,91.21957725,85.60304175,Highway,2.307310793,23.26665777,On,Normal,1,Low,608.6791064
94.64716691,1426.591498,78.18252118,87.24778301,Highway,93.56622096,22.44115896,On,Normal,4,Medium,492.2123269
67.4944415,1121.739116,205.1218455,113.9266157,Highway,16.45408708,36.78907432,On,Normal,2,Medium,315.4913398
87.89635408,2239.207991,105.3818506,86.50874757,Highway,144.6852399,26.78426697,On,Normal,1,Low,478.8096069
97.48990309,2497.625445,74.35184206,106.6365733,Highway,246.5404358,28.64495844,On,Eco,5,Low,491.0304059
67.22457571,1867.648657,275.3035035,96.74112187,Highway,85.61959841,38.95163205,On,Normal,1,Low,312.7857939
92.80435472,1088.214082,188.2354607,118.7294674,Highway,254.3262485,28.48224656,On,Eco,3,Low,502.5743529
68.61219347,2170.70206,92.31076978,82.64417448,Highway,211.3693188,20.06980212,On,Normal,3,Low,327.0331006
60.91967927,1110.623573,72.82227059,113.2155546,Highway,37.57869881,38.75943879,On,Normal,4,Low,263.5837914
72.08726702,1810.020979,88.76641282,99.65796924,Highway,193.3685674,20.28237267,On,Normal,3,Low,342.8927371
84.06837901,1416.298711,173.1209377,80.21409483,Highway,45.50394219,33.24572567,On,Aggressive,5,Low,427.6174102
88.15056451,2372.540171,220.4316612,90.54640876,Highway,196.4372761,26.45781819,On,Aggressive,1,Medium,479.6882576
58.53890151,1676.99682,213.907218,96.3078741,Highway,42.81434542,29.40781513,On,Normal,3,Low,299.267633
75.70562012,2347.695023,94.6615407,92.56779014,Highway,117.7534098,30.94570335,On,Eco,3,Low,415.4268784
102.7896699,1448.621628,212.0373484,94.49797856,Highway,169.9782811,28.16920115,On,Normal,4,Medium,556.2277251
108.105032,1581.043876,157.1677498,116.6668764,Highway,15.11225143,35.48737574,On,Eco,3,Medium,552.5321261
48.17984729,2420.678782,171.5385082,94.4373613,Highway,45.99250346,38.61412819,On,Normal,1,Medium,212.770606
45.42649326,1301.971676,252.3432975,96.75317518,Highway,96.12264752,21.72824104,On,Aggressive,2,Low,202.9184365
84.13485067,1867.751727,139.7998494,110.4452621,Highway,138.6960257,36.00505762,On,Normal,1,Low,428.588496
63.17471087,1582.765493,95.27977132,111.7533426,Highway,257.5461882,22.57342282,On,Normal,3,Low,326.6421157
31.93778707,2161.250328,269.6287521,83.36358607,Highway,56.18192651,21.60554366,On,Normal,3,Medium,141.6746211
57.74894965,1193.944557,110.9113382,108.1628014,Highway,104.2412852,39.11662905,On,Aggressive,3,Low,241.1732399
94.53957948,1655.822454,130.5671689,99.30287815,Highway,142.7328709,29.78595563,On,Eco,4,Low,517.3288655
93.79415443,2048.39894,229.5816141,85.35415573,Highway,88.7335668,23.05206582,On,Aggressive,5,Low,456.6672579
69.57481191,1610.524353,224.0520761,90.58842256,Highway,187.7243336,31.39914226,On,Normal,1,Low,366.6107615
67.80623479,1087.797609,252.0960051,81.80141989,Highway,76.98073043,25.26474278,On,Eco,3,Medium,341.4706291
76.36059539,2057.668392,104.1279939,94.40948755,Highway,231.7051263,29.28618034,On,Aggressive,2,Low,382.9033021
47.55173685,1754.797492,144.5471744,90.21625761,Highway,151.5462285,32.49319188,On,Aggressive,4,Low,186.2751391
72.08348999,1016.96303,90.21197735,95.2841359,Highway,25.89146504,37.38539658,On,Normal,5,Low,322.6988656
30.8837088,1918.983843,189.8493953,103.2136219,Highway,188.0996686,20.06162797,On,Aggressive,3,Low,83.54594549
68.04476438,2379.821534,130.2169422,109.2935821,Highway,170.7730511,24.28281322,On,Eco,1,Medium,357.3521522
56.8840837,1166.538922,225.3445538,104.2140795,Highway,101.5792063,21.92541086,On,Normal,2,Low,268.6386748
83.98956847,1886.006853,60.08264832,107.1350921,Highway,3.347123517,21.94195403,On,Eco,4,Medium,453.7815771
81.06828673,2093.003323,74.32391963,114.6255648,Highway,60.21046265,38.91554826,On,Normal,1,Low,403.7373611
60.46687041,1106.160505,163.8144721,114.9529777,Highway,121.7128587,38.72165869,On,Normal,1,Low,280.0315824
30.58183852,1033.923187,289.9641974,114.4287739,Highway,59.97421014,34.98616159,On,Eco,4,Medium,116.6749173
50.18189035,1696.2938,273.804333,86.12675662,Highway,173.2473363,32.86126085,On,Normal,1,Medium,253.0509954
80.66782802,2186.780031,298.5621667,90.04276534,Highway,213.6974682,36.95940893,On,Eco,2,Low,398.3853642
35.78986744,1241.079115,160.039254,100.0930122,Highway,256.805297,21.16817476,On,Eco,2,Medium,155.836376
38.61139375,2254.955908,71.17643671,94.34957176,Highway,194.0947856,22.38971586,On,Normal,1,Low,172.8728498
81.76280197,1984.865883,133.4294741,85.26675873,Highway,206.7027664,26.34225847,On,Normal,3,Low,413.6518851
90.46139208,1498.259932,222.1850045,91.51000938,Highway,182.5325596,36.6498476,On,Normal,1,Medium,461.5896906
55.72397664,1773.738698,92.43931434,119.0171505,Highway,295.6458173,29.44465086,On,Eco,3,Low,248.7574096
69.17384524,2448.36247,131.9933229,93.87707022,Highway,78.30017072,30.07149527,On,Normal,1,Low,363.3493804
105.6569092,1324.655456,73.47987949,96.75656273,Highway,79.87760415,24.58530859,On,Eco,5,Medium,571.0197524
105.643485,1749.303097,173.9920892,80.25605687,Highway,37.90009243,32.96774962,On,Normal,2,Medium,587.3319322
54.60022196,1936.729834,110.1409626,108.7765952,Highway,145.7052978,37.75684308,On,Aggressive,1,Low,208.0824894
94.79903,1207.021908,81.89952646,96.54200262,Highway,28.84851109,26.5902844,On,Eco,2,Low,526.8682292
77.51552422,1065.283133,158.6917943,84.12560252,Highway,81.04397907,32.3837188,On,Normal,4,Low,398.3830877
108.0387595,1020.189929,144.294097,118.7422695,Highway,144.8042786,26.63897928,On,Eco,5,Medium,587.0680991
68.20908558,1487.039285,189.0042569,111.0973285,Highway,287.2786848,35.85438224,On,Normal,3,Low,332.6958341
91.97654944,1110.920942,239.7692773,109.0460036,Highway,289.1438982,29.49919474,On,Normal,4,Low,465.5268247
91.45097037,2205.654929,87.01649674,118.3148934,Highway,223.1220702,26.78938044,On,Aggressive,5,Medium,461.9382585
69.79462941,2495.979291,249.8701417,96.29920338,Highway,116.7750485,28.40097708,On,Normal,4,Low,346.7019589
93.65040914,1091.955733,66.30959517,108.7413416,Highway,259.548382,21.82455043,On,Normal,2,Medium,511.4817671
50.88322666,1649.089414,166.3444566,88.2483159,Highway,262.6367406,37.32234307,On,Normal,5,Medium,197.1829
39.7802429,1038.598184,200.9832689,107.8848219,Highway,273.0592142,39.16138111,On,Eco,4,Low,152.9456846
64.01309957,1200.986336,289.6796816,80.56316369,Highway,192.0075145,29.54828359,On,Aggressive,3,Medium,301.8304839
105.4904525,1484.383841,197.7415264,85.05221522,Highway,60.53783868,24.42674416,On,Normal,5,Low,555.7732017
70.05956866,1590.54732,98.09980639,97.01035674,Highway,27.32423183,33.29312398,On,Eco,5,Low,348.0225744
80.82073109,2409.67442,184.2100333,80.48370779,Highway,274.4326512,29.04762959,On,Normal,4,Medium,413.4054115
79.93299647,1593.755213,154.9881473,98.47863422,Highway,16.66383244,25.04600162,On,Normal,1,Medium,437.8036432
40.60582938,1744.416489,175.0453362,100.91167,Highway,88.76701783,20.76866287,On,Eco,3,Medium,187.3246167
61.22375059,1368.375052,107.3032835,104.8642639,Highway,146.0885301,37.79408904,On,Normal,3,Low,277.0609256
86.55511783,1000.187708,180.1984902,84.01546708,Highway,6.593007862,35.93468704,On,Normal,4,Low,450.5226421
107.7592079,2349.001685,96.00954343,87.24047653,Highway,272.0736776,36.58012115,On,Normal,2,Medium,570.989611
43.44141906,1122.572136,238.5703394,104.5313348,Highway,86.13629846,28.79679462,On,Eco,2,Low,219.3180163
62.83535123,2446.373262,202.5375025,106.3275085,Highway,8.551439676,35.06510784,On,Aggressive,1,Medium,274.8831203
37.60750398,1196.266156,78.84664598,81.03600913,Highway,298.0769992,31.62450528,On,Eco,1,Low,176.8167893
49.39011677,1907.317721,273.5074723,101.6146945,Highway,93.41795425,27.49550593,On,Normal,4,Low,214.6121571
60.14074747,2499.115882,207.9311051,111.3992693,Highway,263.0294722,36.85484176,On,Normal,2,Low,249.4212775
73.25145984,1207.696894,135.8656932,82.76403511,Highway,136.0423362,39.97515096,On,Eco,3,Low,366.1594639
48.44535058,1635.914627,70.95417589,96.52691461,Highway,198.9377703,37.98564615,On,Eco,2,Medium,218.6989314
48.20501289,2170.635503,211.734407,93.06045092,Highway,72.32704486,35.52383943,On,Eco,4,Low,207.7507977
92.22639833,1048.285225,149.6256627,116.546625,Highway,150.8625981,34.95015944,On,Eco,2,Medium,513.5608531
107.011333,2034.674127,277.8283452,87.43209573,Highway,77.29535773,33.00497686,On,Eco,5,Low,562.8758045
55.88903742,1120.560007,68.37067985,92.73441653,Highway,285.3251644,37.07234994,On,Normal,4,Low,251.7685914
85.03936149,1354.780213,69.38458448,115.9377898,Highway,18.28362372,29.86162496,On,Normal,5,Medium,425.3232752
50.64643691,1240.114244,287.8318289,93.22613224,Highway,82.40217825,23.6345902,On,Normal,4,Low,218.7206804
104.2361804,2361.004647,291.569747,101.2538976,Highway,267.932663,35.36099449,On,Eco,3,Medium,559.0358467
83.83218881,1270.685075,66.65813443,81.32141349,Highway,144.0107873,38.39012748,On,Aggressive,4,Low,414.2029088
94.21414837,1060.651143,231.8479764,119.3960974,Highway,180.0252336,26.82704584,On,Eco,4,Low,493.2653291
33.94832346,1881.438518,113.1587646,112.9978683,Highway,195.5080114,35.65966596,On,Normal,4,Low,92.52382868
77.88047746,1519.271388,228.3342639,105.3760378,Highway,21.27825353,25.47445406,On,Eco,4,Medium,420.7518551
72.20898651,1608.559331,268.4958712,82.43021092,Highway,5.321622273,38.85200547,On,Eco,1,Low,361.289451
53.43975255,1178.594117,84.19955493,82.99479845,Highway,281.3523155,33.66921984,On,Normal,5,Medium,202.3301752
50.9943988,2122.351737,117.30394,101.7989452,Highway,81.45085359,31.38551974,On,Normal,4,Low,232.7234721
76.40198419,1902.330474,65.7786404,91.40257745,Highway,114.0939331,35.59740316,On,Normal,4,Medium,380.3936284
86.5188508,1546.325567,70.51916291,104.9115779,Highway,204.6279512,36.26462341,On,Normal,1,Medium,424.5589042
32.65382056,1257.362416,67.10828597,103.9276993,Highway,70.89116312,37.84739796,On,Aggressive,2,Medium,97.49298469
75.39212655,1890.177609,252.1637655,113.5460559,Highway,219.9214111,38.02239066,On,Normal,1,Medium,367.5865389
43.63676232,2167.895919,131.5902428,91.25508243,Highway,137.4726546,21.05381651,On,Normal,1,Low,204.3994336
41.22901851,1468.595926,178.3707455,103.114541,Highway,256.9829416,22.45815216,On,Eco,1,Medium,169.9975372
79.84955905,1038.790575,249.0826233,111.0945328,Highway,83.56219073,36.52121756,On,Eco,4,Medium,378.8873506
54.86960938,1321.515977,178.786479,99.63091945,Highway,61.14674414,38.92103307,On,Normal,1,Low,257.016906
65.27041865,2023.596728,163.007055,113.2257466,Highway,249.5065062,26.15343696,On,Normal,1,Medium,331.3185147
58.79990476,2483.644566,62.77756956,85.25104806,Highway,97.8978195,20.17203637,On,Normal,1,Low,319.3165817
81.86690561,1020.064359,196.3294806,109.3559106,Highway,123.5605938,26.45410378,On,Eco,4,Low,435.3013147
67.60958129,1459.230343,89.93833875,117.7192837,Highway,238.1123498,27.65728272,On,Aggressive,3,Low,305.2457025
107.076693,1093.031306,243.5155778,93.27533284,Highway,190.6729612,35.22066729,On,Aggressive,3,Low,559.7838829
58.19062073,1474.523932,121.8570537,94.6534577,Highway,132.5177671,20.95169331,On,Normal,2,Medium,314.2600851
89.22274722,1608.871515,221.8049786,83.34198709,Highway,74.96715267,24.25280472,On,Aggressive,4,Low,456.4911507
50.58340541,2381.293138,215.0936467,105.6597112,Highway,229.2602907,37.87937172,On,Aggressive,1,Medium,216.4702116
70.70024741,1120.841199,208.0021447,102.098029,Highway,54.12931035,23.09640819,On,Aggressive,1,Low,371.2557978
74.20558015,2165.70108,124.0684818,81.61383035,Highway,278.4838802,35.18495304,On,Normal,1,Medium,372.3785646
56.32874249,1593.301594,124.1015465,110.0884811,Highway,45.09482074,27.22620831,On,Normal,3,Low,234.9379589
67.74244231,2216.894275,267.1315304,113.1713798,Highway,241.4801076,33.2532043,On,Eco,1,Medium,367.0416019
52.34229103,1770.103278,63.07375983,116.2847842,Highway,127.27466,21.47693007,On,Normal,1,Low,261.7097379
30.48006253,1058.923058,103.565432,101.8293634,Highway,55.80186988,25.7311589,On,Normal,3,Medium,131.9935259
47.25186413,2419.308827,206.4410202,98.1032014,Highway,120.7136815,28.49579475,On,Normal,1,Medium,211.4399706
86.0051338,1124.101095,256.0911011,115.0454862,Highway,66.46554486,37.14425252,On,Eco,2,Medium,433.0170444
91.67704196,1896.525254,146.0029221,95.94787276,Highway,40.79809525,31.26991715,On,Aggressive,5,Low,452.48014
52.41622937,2316.501644,216.8264301,106.217725,Highway,71.74661968,20.90450586,On,Normal,2,Medium,248.1796621
62.64343991,1119.654697,193.7175407,104.6144903,Highway,260.2195418,36.03733147,On,Eco,4,Medium,296.4922586
32.98925281,1830.840083,75.48962508,94.88644399,Highway,31.78271624,21.09042978,On,Normal,2,Medium,119.1313381
48.96503209,2236.434813,209.2200473,83.4755975,Highway,291.7618763,38.68733128,On,Aggressive,2,Low,208.6503141
92.33754267,2479.487063,255.3368333,80.85662155,Highway,1.499536106,24.23434892,On,Aggressive,3,Low,496.4546483
78.47890162,2086.491101,298.1875969,97.12950962,Highway,197.4714463,29.75852289,On,Normal,4,Medium,412.2210936
46.46164176,1417.501563,67.11361744,99.24806299,Highway,256.9535955,21.44561938,On,Eco,2,Medium,221.238912
50.59535961,2049.355495,218.4139614,112.9071307,Highway,280.1872944,31.23424773,On,Eco,5,Medium,193.4855009
95.34416184,2058.650154,159.4918928,96.576466,Highway,43.19567804,29.94457401,On,Eco,2,Medium,553.7450874
46.72673624,2049.949018,62.34909329,91.24639499,Highway,209.4625489,28.2049707,On,Eco,1,Medium,227.6145076
56.73261807,2281.390656,207.4466265,98.48385872,Highway,32.20476485,20.71145834,On,Normal,3,Low,279.1675128
83.14869533,1131.070094,89.38255165,89.51961922,Highway,105.7834482,37.57872757,On,Normal,1,Low,430.3110727
74.88899086,1162.629768,150.856044,83.65442444,Highway,219.5779073,36.05273198,On,Eco,4,Low,383.0718526
66.86961642,1960.925686,122.7281022,84.52172135,Highway,103.7919678,32.66060041,On,Aggressive,4,Low,316.7286914
101.9792873,2430.821644,146.6792165,92.7661784,Highway,94.01241848,31.44459965,On,Normal,3,Low,550.9880261
47.57683702,1698.757958,178.2469396,80.5070567,Highway,34.81638564,33.89892863,On,Normal,2,Low,228.0334078
89.31359127,2440.844052,146.2102878,88.80813147,Highway,19.9314283,22.87980032,On,Normal,4,Medium,476.5433774
42.72510725,2407.127889,192.6556489,111.5009256,Highway,34.58339738,38.65288493,On,Normal,5,Low,125.0480837
79.25870668,2354.364607,117.2759257,89.3846877,Highway,262.6424325,25.69346583,On,Normal,3,Medium,437.9866703
99.64988507,2364.776462,212.4868242,84.42918044,Highway,3.359557614,33.12980545,On,Normal,1,Low,552.4196943
66.63214284,2347.47819,264.903121,117.9632224,Highway,207.8597609,32.13511362,On,Normal,5,Medium,320.3279061
87.94356058,2229.834075,113.7760913,104.8988047,Highway,230.587269,32.73227959,On,Normal,3,Medium,483.1818936
95.63146824,2042.468438,181.8905318,82.40103798,Highway,170.3664912,37.57904246,On,Aggressive,5,Medium,470.0925323
40.88211399,1036.612268,215.6855483,82.48975866,Highway,219.2326084,25.91822413,On,Aggressive,3,Medium,154.0657853
86.46615162,1198.380388,195.5102715,104.484885,Highway,195.6809007,34.97896377,On,Normal,1,Low,451.1129879
103.5872819,1201.348082,147.7558671,101.6051521,Highway,136.6675467,31.96782128,On,Eco,2,Low,571.0426648
76.10964879,1035.310426,214.1279299,82.7349909,Highway,114.8131284,21.52120662,On,Aggressive,3,Medium,392.5880653
44.88977956,1175.052653,66.77908949,88.972619,Highway,282.3995965,28.28309362,On,Normal,4,Medium,199.9489903
40.15540253,2379.61965,148.7774957,117.1617166,Highway,291.5813978,36.75903147,On,Normal,1,Medium,168.8433285
50.77882644,1995.70643,187.8269315,102.8804324,Highway,195.3814211,26.30694778,On,Normal,1,Medium,225.5873264
38.28106152,1468.109527,64.94715812,97.61301593,Highway,59.18965197,29.64527767,On,Eco,5,Low,156.2907052
71.07152573,2190.040018,181.8357191,90.00621648,Highway,134.3697487,29.77277136,On,Eco,4,Low,371.6655246
35.57637462,1732.55423,217.0210706,85.34792169,Highway,148.961247,32.36019734,On,Eco,5,Medium,150.0707106
47.87236997,1213.190555,242.2098475,96.10526736,Highway,227.3910157,37.6803572,On,Eco,1,Medium,187.2259386
65.19283551,2326.753122,87.20977954,116.8946624,Highway,200.3331394,23.47078398,On,Normal,3,Medium,312.598828
67.91318003,1507.992919,297.73557,81.94845583,Highway,154.4443288,30.09233765,On,Eco,4,Medium,362.1756266
75.23187881,2048.288846,205.4802483,119.6391526,Highway,204.1093673,28.48534519,On,Aggressive,1,Medium,371.406077
86.44919702,1435.891241,147.1665102,88.31250881,Highway,7.21705402,25.9184018,On,Normal,4,Medium,438.6694065
33.77829117,1750.106876,119.7822851,96.35069442,Highway,232.9905966,38.39216354,On,Normal,3,Low,111.3467286
36.44967617,2224.379067,197.4952468,81.80205233,Highway,63.4896702,20.16342185,On,Eco,2,Medium,173.8706645
34.86873214,1235.16602,271.6107953,103.3912881,Highway,196.9227419,22.44209585,On,Normal,5,Medium,125.0392978
63.85202524,2465.877093,184.9356951,99.34221062,Highway,34.19197564,34.666889,On,Eco,5,Medium,304.5739251
33.34783559,1105.323884,218.7532933,106.6682814,Highway,34.33825078,25.26883209,On,Normal,1,Medium,123.758411
89.68650135,1801.013365,145.8471455,101.7071251,Highway,10.69729315,34.46358522,On,Aggressive,1,Medium,494.1080247
47.84001448,2374.038279,153.1565491,95.92711139,Highway,273.069843,36.64507221,On,Normal,3,Medium,239.6277212
105.1369995,2418.540827,128.6820254,109.5102679,Highway,181.3676273,25.09232034,On,Eco,1,Medium,569.9458485
68.91230041,1348.163444,229.3529506,81.00084511,Highway,108.5885809,23.83888576,On,Normal,1,Low,378.5341155
65.7060602,1215.977472,146.2050128,101.6411608,Highway,236.3333223,22.90601265,On,Normal,1,Medium,338.5439907
92.44309541,2086.6045,105.771937,84.55504815,Highway,187.8246602,24.00177222,On,Eco,4,Low,500.9213791
87.05231871,1062.960352,148.6561371,97.44033332,Highway,186.0241554,25.34370778,On,Normal,4,Medium,453.688603
78.58472328,1727.858454,264.9185299,111.6450127,Highway,146.1128383,37.37499633,On,Aggressive,2,Low,405.0502895
104.8117365,2194.53284,237.1804905,85.69842985,Highway,2.3780336,35.40008827,On,Eco,4,Low,542.1838708
63.78074088,1840.382087,140.3138027,117.432414,Highway,77.53875193,20.03688634,On,Aggressive,5,Low,274.2954176
94.68253406,1282.019899,277.6341516,115.5401877,Highway,32.72300838,37.48238284,On,Eco,2,Low,498.692074
60.40743566,1730.566449,77.95983243,96.59620283,Highway,198.7229557,21.57624599,On,Eco,1,Medium,327.9815829
97.06765394,2381.912075,71.94090994,80.23899363,Highway,74.58624654,33.10531235,On,Normal,5,Low,528.1587265
50.75797032,1925.819467,90.59288515,111.5897931,Highway,135.0499992,23.02949536,On,Eco,2,Medium,256.460007
53.14136583,2082.235941,87.94914141,115.2358321,Highway,106.0290895,21.24551621,On,Normal,2,Medium,255.6124689
84.22956272,1504.395819,81.0802356,86.98952369,Highway,42.95962138,35.19541395,On,Eco,5,Medium,417.028452
47.0170636,1282.725663,218.7222269,116.6476884,Highway,287.5110699,29.34406228,On,Normal,2,Medium,220.1405706
48.33233496,1383.463345,204.2021711,116.5638911,Highway,280.0257935,31.98125027,On,Eco,5,Low,197.0654354
54.42099432,1799.766391,215.4253225,98.85163404,Highway,25.38245581,28.50706038,On,Normal,2,Medium,269.5803877
84.31430157,1420.33023,225.207853,111.9213924,Highway,248.2096061,21.34343725,On,Normal,2,Low,438.7951986
101.1510474,1812.947181,241.6511406,97.79791913,Highway,146.5121048,34.79236333,On,Aggressive,2,Low,526.1736474
83.96541209,2061.687891,109.7224626,102.5618506,Highway,232.1207654,36.40702242,On,Normal,5,Medium,424.0844447
96.22513955,2101.593814,209.3528432,92.79356039,Highway,45.34713927,20.82841086,On,Normal,2,Medium,513.0150921
73.48484718,1247.027409,199.2116782,86.37877381,Highway,39.68224133,27.51434394,On,Normal,4,Low,365.8155528
35.51385771,2125.646273,286.4784062,109.8614634,Highway,267.2272503,31.14633074,On,Aggressive,4,Low,90.97621538
38.03729692,2009.032209,115.7682538,80.05571378,Highway,269.3458476,32.10366846,On,Eco,4,Low,157.0059187
74.35135827,1018.0077,74.09350425,103.1821076,Highway,139.7736488,31.56305882,On,Normal,4,Medium,381.0248535
56.22407749,1088.308263,216.8388167,114.5874411,Highway,261.0473393,33.85881308,On,Normal,4,Low,240.7185923
47.64544589,1969.374253,237.6414817,88.85109147,Highway,200.2376855,39.33632405,On,Eco,1,Medium,195.1146721
67.30055418,1575.555849,127.9670414,93.31597827,Highway,55.50292278,27.81173042,On,Aggressive,2,Low,327.9009569
83.31973927,1219.155999,197.0036234,103.4994341,Highway,98.6862794,31.13247134,On,Normal,3,Low,431.490184
60.79935582,1066.594839,74.28865573,89.87480986,Highway,40.81819515,33.98157259,On,Normal,1,Medium,313.752983
94.20338057,1239.097511,290.4107619,113.8994743,Highway,232.1846007,31.84847644,On,Normal,5,Low,504.4013245
89.08185973,2436.270946,86.38199359,94.66412668,Highway,295.5752174,27.7350206,On,Normal,1,Medium,489.1844621
88.79319057,2091.348462,76.21692868,103.2645488,Highway,163.913498,32.48158576,On,Aggressive,3,Low,457.5522012
108.8151752,1791.558131,70.58643828,89.0448459,Highway,196.7593242,33.00223061,On,Aggressive,1,Medium,604.8062767
53.61839819,2412.31075,162.5452576,81.65545348,Highway,223.8277704,31.69936951,On,Normal,2,Medium,266.9186728
81.57804691,1928.665657,83.31833843,86.94801064,Highway,67.27773073,24.10221322,On,Eco,4,Medium,428.3673624
98.43826721,2088.467782,238.7155778,81.8479575,Highway,100.8003743,30.11962716,On,Eco,2,Low,536.6128518
76.36195471,1423.977728,275.7297986,98.74415598,Highway,123.6963634,37.6871362,On,Normal,1,Medium,421.6917313
93.16017409,1883.472765,122.4525438,103.4654956,Highway,178.3764936,37.37203756,On,Aggressive,3,Medium,461.1333125
63.15617487,1215.215866,210.9055486,81.78700831,Highway,255.1477734,35.0157585,On,Eco,5,Low,287.7130356
77.23930765,1606.724718,70.16122728,83.61928886,Highway,76.26106338,33.94391029,On,Eco,2,Medium,423.7466882
34.45331142,1049.860487,152.7754732,99.42100107,Highway,141.2666402,23.06558276,On,Eco,3,Medium,135.9559684
108.8614085,1324.942131,130.3061072,111.9671973,Highway,225.4601734,29.18929329,On,Normal,5,Low,576.0565512
94.00147852,1112.302944,114.8685831,105.1203672,Highway,26.21549985,22.21902619,On,Aggressive,4,Low,464.8520607
99.50472573,1581.668229,214.7336375,84.1884088,Highway,153.8680375,36.34568899,On,Eco,2,Medium,547.9079625
85.54354225,2264.552747,91.25470713,115.501691,Highway,43.31391101,25.82086413,On,Eco,2,Low,457.2641712
44.88400262,1566.90116,266.5705256,116.6980094,Highway,161.744669,35.33731728,On,Normal,4,Low,176.8408152
32.48227539,2247.459439,219.5606175,92.99827311,Highway,230.3468284,36.29157783,On,Aggressive,4,Medium,88.64357375
99.17252862,1984.747469,230.5764429,104.6407117,Highway,71.08422331,37.84992195,On,Aggressive,1,Low,517.0471994
61.7064523,1764.29417,284.4826341,99.69308601,Highway,254.8435336,35.07660157,On,Normal,5,Low,250.2020655
51.10919008,1355.33754,286.1694892,117.6809507,Highway,100.441233,31.29458001,On,Eco,3,Medium,245.6917189
74.93383671,2383.234139,192.3965577,100.3499413,Highway,57.23545907,31.96369829,On,Normal,4,Low,384.4451786
63.6718818,1081.301213,178.8911561,118.3986325,Highway,139.5970185,26.41164554,On,Aggressive,1,Medium,315.9892993
82.13327966,2033.369527,140.491586,87.97370202,Highway,262.8225246,23.53992383,On,Aggressive,5,Medium,386.5784046
68.70345864,1931.859839,231.7371864,93.82147031,Highway,20.67991835,22.6127241,On,Normal,5,Low,345.3137725
85.77865124,1661.562283,189.1701329,111.2538096,Highway,98.27143986,23.64047042,On,Normal,2,Medium,467.4617813
98.27386156,1360.481433,283.8900191,111.3444294,Highway,195.9489507,38.67903775,On,Aggressive,1,Low,482.4519928
45.64456088,1646.043905,117.2702277,109.287331,Highway,107.2742606,23.28866508,On,Normal,1,Medium,217.2565005
56.35463045,2309.159088,134.4606447,114.3844586,Highway,21.24719842,34.4747489,On,Eco,2,Medium,295.8479973
64.94524693,2255.149165,135.8617074,108.1018469,Highway,99.59969063,23.69257087,On,Normal,3,Low,307.9937313
106.9646758,2412.071875,253.4396291,105.4434058,Highway,246.2878158,39.5057954,On,Aggressive,4,Low,516.5879372
59.22668908,1461.68981,83.76967964,98.35700052,Highway,290.4112568,27.33169071,On,Normal,2,Medium,278.3396621
60.48798797,1580.656238,169.355789,98.68350973,Highway,11.93375922,28.24272858,On,Aggressive,4,Medium,278.5294197
82.27780184,1028.089229,162.6193769,96.24645973,Highway,170.7851453,28.09023158,On,Normal,1,Medium,459.5840611
63.53597679,2414.424992,77.55350904,104.808472,Highway,31.59102991,36.32918368,On,Eco,2,Low,290.0517884
106.0978997,1494.085138,158.5912797,96.26655717,Highway,204.1189587,24.36581049,On,Eco,3,Low,570.6858095
101.5575008,1606.245732,183.210716,85.89977256,Highway,2.367667802,36.62049472,On,Aggressive,4,Low,508.1085666
71.07270222,2361.706917,75.6251262,84.26118465,Highway,4.422487712,33.14117709,On,Normal,4,Medium,368.8948107
81.58201872,1789.897645,182.3669108,116.978891,Highway,233.0639479,24.40560336,On,Eco,4,Low,444.5319006
34.64244495,1849.261813,290.2170971,80.9895563,Highway,22.33059681,21.30815092,On,Aggressive,1,Low,142.3034192
85.65844224,1264.349257,294.9394376,84.21869047,Highway,91.55450229,35.49985083,On,Normal,4,Low,415.152337
86.57606984,1747.990031,187.6031469,97.81219499,Highway,287.4121272,24.37926092,On,Aggressive,5,Medium,419.4280015
58.73594365,2377.312901,183.6232638,90.51705068,Highway,295.5741352,37.78133659,On,Normal,4,Low,269.8401963
47.57463069,1838.077132,128.5219599,96.23395602,Highway,48.42085857,22.59570555,On,Eco,1,Medium,224.9346559
103.2062721,1382.674547,299.3077132,84.69789526,Highway,168.2705764,32.3272913,On,Normal,2,Low,570.5878385
64.13639206,1046.771296,125.815001,85.23627747,Highway,167.7446485,33.84336787,On,Aggressive,4,Low,319.6170875
82.29648838,1504.45266,168.6963121,112.0263163,Highway,135.7142072,33.15404829,On,Eco,4,Low,425.6098551
32.6663036,1858.886371,60.70417387,110.3643498,Highway,277.4100475,26.32059629,On,Aggressive,2,Low,94.61518614
63.12537333,1063.919933,143.8157498,84.17011463,Highway,226.2101727,37.51047046,On,Eco,5,Medium,298.6977306
95.38070488,1914.688866,77.14567215,106.7116166,Highway,229.3580807,35.39610633,On,Normal,1,Medium,501.6667756
61.00608003,1785.120741,238.5179449,104.3724529,Highway,80.87082953,30.20412683,On,Normal,2,Medium,311.815796
78.25289281,2175.153204,194.6434687,108.5345089,Highway,130.2959317,32.06586056,On,Aggressive,1,Low,409.5742192
46.78846404,1043.332258,197.3212505,98.97795618,Highway,146.2271095,31.32742454,On,Normal,2,Medium,226.3433431
63.32205191,2171.271017,128.7627086,90.7994731,Highway,89.67361236,38.93397155,On,Normal,3,Medium,297.6296701
104.2110174,1781.315569,255.5751097,106.5471668,Highway,28.44533255,37.92826474,On,Aggressive,5,Medium,528.7635853
75.31613998,1555.793999,60.78502208,94.85429706,Highway,37.90776749,24.7099457,On,Eco,3,Medium,420.6075551
102.1545167,2448.074465,140.064283,88.75811604,Highway,54.20133845,25.25519555,On,Eco,2,Low,559.828565
102.161544,1240.179321,218.2793977,96.34516055,Highway,61.09600031,39.62876144,On,Eco,2,Low,545.3088813
105.531824,1811.987679,277.901409,110.5307934,Highway,72.67854276,24.73121404,On,Normal,1,Medium,597.7470927
101.6313328,1481.47221,116.3078297,99.03172786,Highway,76.63800869,39.06958649,On,Normal,2,Medium,536.2534792
30.26249032,1791.229568,189.8640124,91.99457054,Highway,136.7149036,32.9950741,On,Aggressive,1,Low,91.54414021
104.7211913,1828.413179,189.1179409,113.2747446,Highway,152.8719572,21.00218878,On,Normal,1,Medium,584.2644545
40.99675513,1134.172373,269.8018486,115.2657502,Highway,92.66376244,26.71454399,On,Eco,2,Medium,183.3673668
33.19410009,1991.70272,72.12405349,97.33001695,Highway,272.188926,29.52308144,On,Aggressive,1,Medium,157.1697052
34.43108277,1951.722244,161.8741347,94.98752083,Highway,165.941917,36.66185783,On,Eco,5,Low,119.3897101
57.91329561,2154.200912,103.791762,104.5079579,Highway,236.2430784,26.57170827,On,Aggressive,3,Low,277.1828013
79.66432682,1135.98774,65.16782407,82.31897784,Highway,277.2713497,26.21156624,On,Eco,2,Low,433.0220631
62.18489572,1445.88782,95.28742572,107.6529264,Highway,48.94053437,38.40526518,On,Eco,1,Medium,313.1249599
32.04434277,1975.1659,294.3529615,111.2915042,Highway,128.3623451,21.58068691,On,Normal,1,Medium,124.8441613
68.11861073,1205.096239,111.5636423,95.89767709,Highway,129.9631205,31.03042429,On,Eco,1,Medium,358.3912824
65.37045938,2016.397316,284.4073856,86.984634,Highway,106.3416751,30.0847854,On,Eco,1,Medium,341.5486786
90.54794124,1088.540066,109.2610422,81.15273501,Highway,2.671759965,21.1466952,On,Normal,5,Low,502.3697486
52.36903187,1502.397329,283.5108546,105.489824,Highway,244.7916323,21.75518441,On,Eco,2,Low,262.0302668
47.4024939,2270.066683,217.1090244,90.75973627,Highway,33.46779647,27.63934866,On,Eco,2,Low,212.9229077
50.47511661,2161.436936,87.1724586,98.55558348,Highway,298.6441794,22.68322439,On,Eco,5,Low,237.0084353
54.29918581,1967.141073,199.6596372,95.45422087,Highway,231.8875476,29.56143809,On,Normal,5,Low,275.2397602
77.93318987,2305.687625,136.443369,86.99539184,Highway,174.0030053,32.17777771,On,Normal,5,Medium,370.1064935
67.72203884,2063.904316,151.9567574,100.3347467,Highway,46.38192532,33.82793369,On,Eco,2,Low,363.363364
56.95156521,1779.062658,165.6410299,98.38374091,Highway,154.6178914,30.92940132,On,Normal,4,Medium,250.9574495
59.94513266,2469.576251,161.4496854,104.9659049,Highway,78.33262226,27.59320032,On,Normal,3,Medium,306.3323745
59.67389281,2042.28412,219.3861337,90.07539978,Highway,75.69675736,22.59517253,On,Normal,5,Medium,249.5848646
107.7925356,1902.050765,244.4083365,88.58556319,Highway,248.8587748,24.9497083,On,Normal,5,Low,573.0768427
48.63975904,1613.305841,139.0026454,112.5738024,Highway,114.1933272,28.38843354,On,Eco,2,Low,239.3187432
95.44492482,2353.618748,281.8473508,108.0876898,Highway,135.217141,38.48228967,On,Normal,2,Low,470.3738705
86.65686701,1443.563643,285.2319154,110.8882581,Highway,252.8894213,24.05201162,On,Aggressive,3,Low,444.7602887
30.44560045,1013.829391,69.76570492,84.93159247,Highway,26.33718772,28.26688462,On,Normal,1,Medium,124.0515757
109.4540975,1295.110784,63.57810933,88.96158573,Highway,178.3853559,34.64617715,On,Eco,2,Low,640.5641927
90.51514965,1164.276238,162.0159192,103.0212606,Highway,173.4647044,34.10406704,On,Eco,3,Medium,472.4845873
84.59596691,1478.490661,201.7548602,114.2880539,Highway,127.5643708,39.31185189,On,Aggressive,2,Medium,428.3428477
62.42597661,2238.818016,126.6971394,115.6845857,Highway,248.9323924,23.81802593,On,Normal,2,Medium,306.0381568
74.41624711,1977.294528,122.2593003,113.2763985,Highway,282.8670184,20.33039223,On,Normal,2,Low,396.5766809
50.26167165,1253.470884,222.8001191,81.73591784,Highway,139.6007586,26.44646522,On,Eco,4,Medium,260.5681469
32.83867241,2183.232582,204.4090283,112.8351674,Highway,136.8441153,22.99385225,On,Aggressive,4,Low,94.06414353
96.88173268,1756.329799,100.11525,115.9636471,Highway,150.6191189,30.96938105,On,Eco,5,Low,508.7993919
101.7187595,1769.071936,272.2802312,82.26996361,Highway,216.9372092,37.97558111,On,Normal,4,Medium,538.5509076
42.99765093,1543.168271,223.1942568,96.65123575,Highway,200.4180872,33.76453666,On,Normal,3,Medium,194.7379318
92.96448767,2296.924547,147.0182998,101.4644129,Highway,66.85048476,22.71597713,On,Normal,2,Low,497.7308832
89.29221386,1477.490956,224.0699256,89.31001492,Highway,19.16860458,22.32180049,On,Eco,4,Low,467.6949481
44.27000015,1141.209641,87.03674082,100.6674262,Highway,284.7762389,38.22899627,On,Eco,2,Medium,194.8475916
63.74630421,1454.093491,172.3814699,115.4382315,Highway,78.32092792,29.752191,On,Aggressive,1,Low,296.2660879
63.82063367,2073.030319,100.5562583,114.6777003,Highway,191.5790054,38.47345984,On,Normal,5,Low,279.6338207
90.79714066,1986.37283,69.94349907,117.5934913,Highway,248.5314008,34.72435431,On,Aggressive,4,Low,469.8635162
97.01287246,1282.02573,141.1983049,99.36439194,Highway,90.08302516,39.86696921,On,Normal,2,Low,493.1755698
37.58200971,1167.676449,96.17651604,96.42267781,Highway,190.6300241,37.42455485,On,Aggressive,1,Medium,129.9738574
75.03753879,1991.298638,212.0443097,106.6315128,Highway,32.37007234,28.28424385,On,Aggressive,5,Low,347.0790728
90.93987975,2014.565253,221.7762946,96.6704231,Highway,290.9794333,35.16455655,On,Normal,5,Medium,461.1201301
92.89524753,1549.224456,95.68615349,81.67778384,Highway,17.44748252,29.42456335,On,Normal,1,Low,514.4865029
41.83948195,2264.202075,65.90712134,108.7968581,Highway,131.4524022,24.66144586,On,Normal,4,Low,160.316987
72.04041145,2467.307806,250.2745348,91.23935765,Highway,161.0457726,24.82058518,On,Normal,4,Low,365.8186928
98.60469651,1308.467835,60.49368497,81.96341249,Highway,237.1445336,27.94644289,On,Normal,2,Low,532.4947569
55.48148613,1865.603074,142.5391414,80.82484306,Highway,36.33855512,22.22932452,On,Aggressive,3,Low,253.2251947
64.00935191,1008.019494,178.6999915,117.2544507,Highway,132.2423922,23.5553257,On,Eco,2,Medium,316.4177477
94.34868091,2069.581594,256.4741252,90.08304035,Highway,89.91347086,30.01217367,On,Normal,2,Low,522.9917662
37.14556169,1621.42317,261.2540743,97.9159677,Highway,93.60321471,39.07844955,On,Normal,2,Low,117.9517298
98.75946319,1289.90384,233.9854657,118.0230581,Highway,233.6363748,31.55372684,On,Eco,1,Low,568.2390485
54.89253734,2128.332883,119.3274294,98.70067915,Highway,1.63828351,28.16993498,On,Normal,5,Medium,251.7621044
30.11602533,2215.973196,232.8448642,83.14437294,Highway,224.7250924,24.8540064,On,Aggressive,5,Low,78.44208804
48.7327316,1166.749752,119.1694075,102.0774419,Highway,243.119529,23.91802609,On,Normal,3,Medium,221.3975865
37.16005127,1061.493643,111.505966,83.52794614,Highway,270.4086732,33.16814059,On,Aggressive,4,Low,156.7647022
37.39079256,1501.117663,191.310709,83.80351513,Highway,188.064541,36.96650635,On,Normal,2,Medium,122.6885068
85.42685873,1938.985699,222.9250665,114.059083,Highway,100.0365985,27.97711853,On,Normal,1,Medium,442.5227134
47.11810685,2190.129291,72.73242382,91.57686173,Highway,128.1704198,31.01318093,On,Normal,1,Medium,241.6193937
104.779389,1819.093745,74.40542427,107.146808,Highway,290.9208247,34.13453522,On,Eco,2,Medium,570.7301873
71.31556373,1871.123164,248.2009648,100.3569734,Highway,264.3560479,21.1659115,On,Normal,1,Low,360.0001519
66.80786064,2199.787333,266.2793402,88.89306765,Highway,139.0577727,27.01794095,On,Eco,1,Medium,355.6301633
64.74268146,1793.265061,205.0658199,100.7128119,Highway,282.9189021,34.5950578,On,Aggressive,2,Low,327.1313315
85.40701117,1916.731735,162.9187223,82.75974144,Highway,246.8864626,33.69238053,On,Eco,3,Medium,475.1476287
66.181021,1774.32601,262.8759551,93.88849398,Highway,270.3269585,21.06695449,On,Eco,1,Medium,353.4534736
40.2880285,2320.68735,234.9160879,100.913449,Highway,204.8931704,24.75636997,On,Normal,5,Medium,159.4224604
100.4137745,1353.274928,199.1026076,89.13577352,Highway,257.296213,33.59914429,On,Normal,5,Medium,536.3100198
64.27162791,1395.990377,136.7417093,106.4075252,Highway,267.5298424,25.42832085,On,Eco,5,Medium,298.8497041
35.92036606,1191.942192,107.5188148,82.07247687,Highway,27.60497536,36.28820588,On,Eco,2,Low,129.8450286
72.349279,2229.200127,160.4815294,99.39239591,Highway,289.565093,20.59009718,On,Aggressive,5,Medium,312.4200619
81.78774868,1617.665936,128.8374182,108.5998313,Highway,100.0839296,23.80694059,On,Normal,4,Low,435.8078771
52.04659713,1521.840911,141.4220611,97.19784236,Highway,131.9698529,25.6262596,On,Eco,1,Medium,260.0690361
94.02723261,2472.023076,183.7514533,114.9834566,Highway,237.5711278,38.5057967,On,Normal,3,Medium,474.4561059
83.58206768,2390.20505,100.5825497,105.2877112,Highway,199.4688917,35.92637913,On,Eco,5,Medium,417.5005329
82.02729354,2457.981523,253.4824032,118.3397166,Highway,267.9179737,37.68290173,On,Eco,2,Medium,402.9016143
63.66599623,1213.448495,94.92707081,91.36487251,Highway,120.1721252,28.80958294,On,Aggressive,3,Low,292.0511901
106.9532241,2336.87772,175.4384735,117.5515732,Highway,111.9864491,36.45124183,On,Normal,2,Medium,549.949093
51.93513344,1493.064399,239.0331211,104.2729036,Highway,9.506654862,37.06987144,On,Eco,3,Low,188.1172966
76.21644008,1018.985155,176.4049698,109.807156,Highway,138.817613,27.99913648,On,Aggressive,3,Low,375.763744
54.7244126,1586.947504,146.6452953,116.0864447,Highway,217.2212311,39.88923695,On,Normal,1,Low,275.0751795
89.58438024,1763.79453,173.9739134,102.0478875,Highway,90.35361529,37.02477258,On,Eco,3,Low,453.5546959
33.82331871,1162.330635,263.6809677,114.4872317,Highway,138.8179541,39.48193937,On,Normal,4,Low,87.2114744
33.67150943,1806.516425,297.7036076,101.6678776,Highway,65.81933055,37.32994217,On,Aggressive,4,Low,80.51865728
94.86887756,2229.195376,211.4743894,103.9679571,Highway,231.8363418,35.52407281,On,Normal,4,Medium,480.5026092
64.74145289,1566.476426,250.4265702,97.80394292,Highway,18.1534684,38.87687747,On,Normal,2,Low,317.946892
57.29440437,1528.96721,63.47728468,85.82554207,Highway,211.6149165,28.39638489,On,Normal,1,Low,277.2792192
78.60214897,1508.21563,271.2874583,102.1401293,Highway,113.6820035,35.66666867,On,Normal,2,Low,395.4884712
86.15194751,2384.641669,288.9719424,119.0979292,Highway,12.47882082,24.25782412,On,Normal,5,Low,430.6377293
46.09610775,1073.137148,198.040642,111.4874398,Highway,256.0408762,34.65587709,On,Normal,4,Low,195.7768035
44.83449931,1667.614213,240.9131669,109.8999394,Highway,146.316559,35.70706566,On,Eco,1,Low,200.9900175
106.6520598,1396.899181,183.0587383,105.7323521,Highway,179.7956909,34.3304882,On,Aggressive,4,Medium,548.4997396
77.17314451,2340.710538,128.6888977,93.91634694,Highway,219.6092075,36.99626131,On,Eco,1,Medium,393.8362866
61.20931818,1144.078395,264.5395133,86.78460778,Highway,196.5223299,28.26670894,On,Normal,2,Low,313.4351419
94.11533557,1617.16415,203.2408109,88.98206407,Highway,219.2570612,30.89536264,On,Normal,2,Low,507.1143338
72.0127167,1610.224228,199.0519401,80.25288358,Highway,228.6845054,20.21334821,On,Normal,4,Medium,375.4486592
49.33302483,2332.591626,218.1917289,106.9392168,Highway,176.7454592,22.92106326,On,Normal,3,Low,215.4918906
46.53882445,1323.240168,265.4407598,112.4751023,Highway,109.6913493,32.88387851,On,Normal,1,Medium,234.9025233
61.74874129,1967.343115,235.6574702,90.75645405,Highway,72.94264491,31.24634399,On,Eco,5,Medium,275.9252773
98.79166882,1201.60919,110.6698066,83.67401599,Highway,270.870971,23.94665027,On,Normal,3,Medium,541.1401641
34.91583328,2430.963571,172.0376507,93.42908271,Highway,290.9774534,24.86929588,On,Aggressive,2,Low,109.0362387
47.48208006,1889.522439,295.2715997,91.68204918,Highway,107.2988265,26.88164404,On,Aggressive,1,Medium,236.0286194
101.4521455,1939.385095,193.0945713,98.03505443,Highway,33.69321872,34.32829426,On,Normal,3,Medium,549.0782792
39.73876552,1650.660102,285.1788848,90.56408217,Highway,66.76119813,32.19433205,On,Normal,5,Low,147.952611
80.37005746,1513.424069,255.2086767,93.58930821,Highway,201.2002038,21.39142528,On,Eco,3,Low,415.4774504
47.08090945,1319.014644,219.845626,116.3021912,Highway,51.88001099,35.19878298,On,Normal,5,Medium,183.2125248
78.4693478,1905.981631,143.8476486,93.39341412,Highway,234.0366819,25.25319126,On,Normal,2,Low,417.9912894
60.64833335,2431.842618,133.0366434,111.4207219,Highway,276.909072,33.43519357,On,Eco,1,Low,306.8631366
38.13415171,1539.686431,214.4210557,105.033348,Highway,289.0954545,22.46725689,On,Aggressive,2,Medium,158.922677
76.5980054,2324.735333,163.8146978,93.50151783,Highway,2.797651792,39.95842553,On,Aggressive,1,Low,378.1244864
84.64341977,1223.164469,251.7008695,112.7115308,Highway,287.4462495,21.60670341,On,Eco,3,Medium,452.6754029
84.42180952,2404.189031,242.5096175,103.8030428,Highway,222.0583257,34.83468057,On,Normal,2,Low,454.1713993
80.96275273,1525.729426,134.9113168,80.3447491,Highway,25.21506968,30.82660719,On,Normal,1,Medium,469.4017241
70.01798247,1569.590817,228.6549079,82.74912806,Highway,124.5721406,21.71878383,On,Eco,5,Low,356.8804894
71.55780935,1694.263386,178.6920456,110.1055824,Highway,210.0136424,20.53620915,On,Normal,1,Medium,378.2582119
80.85120878,2077.366405,137.5901042,97.86111158,Highway,287.0056478,27.25331435,On,Normal,2,Low,435.2771234
85.22074894,2079.480151,159.1119823,96.22031167,Highway,49.24241808,36.04447864,On,Eco,2,Medium,433.1948219
82.39013911,1719.382877,274.8844481,85.83308737,Highway,38.31998458,20.82302481,On,Normal,3,Low,430.208953
76.95564519,1784.729349,146.2842461,86.29274376,Highway,141.704116,34.08797327,On,Aggressive,5,Low,366.8628209
42.46711878,1045.015732,128.9758256,111.910098,Highway,290.4296681,33.10752553,On,Normal,1,Medium,197.7203855
46.84932308,1456.445052,144.433733,113.1606854,Highway,291.4137646,25.31075354,On,Normal,2,Low,211.5338766
50.81792168,1519.025611,111.5084247,102.4001016,Highway,68.37442232,21.54984071,On,Normal,1,Medium,274.9553333
103.5729326,1838.090903,190.712397,91.80511239,Highway,95.80414439,38.30643921,On,Aggressive,4,Low,542.3221269
90.75160734,1837.449651,95.38474472,117.3080327,Highway,272.4095957,26.00699605,On,Aggressive,5,Low,425.8452824
74.22934556,2064.849697,256.1865087,104.9584956,Highway,220.4524473,22.22766464,On,Eco,5,Medium,379.3988264
50.16455428,2075.540944,114.1392593,111.8656848,Highway,291.6949286,33.63034157,On,Aggressive,4,Low,213.0859967
38.87132186,1352.816086,203.5332066,80.13131681,Highway,267.9445089,24.33362458,On,Eco,5,Medium,164.0173459
101.9007381,2155.280727,90.00611974,98.01278404,Highway,64.52881509,29.51261511,On,Eco,4,Low,545.8386948
101.4132813,1029.405352,294.8287556,114.8379635,Highway,227.9180578,21.00811088,On,Normal,1,Medium,578.4321489
38.85564766,2074.242827,169.0981101,93.52933133,Highway,14.56956947,39.85967898,On,Normal,4,Low,135.9720018
93.77733329,1153.091655,257.3211218,109.0620471,Highway,245.3498336,28.95242254,On,Normal,3,Low,480.2877985
65.73160554,2094.472313,244.4754806,106.306993,Highway,180.4670287,39.98219963,On,Normal,4,Medium,309.538358
55.91735463,1790.677136,231.2863313,86.08873465,Highway,286.8302888,27.71349754,On,Eco,1,Low,296.2473322
89.1283629,1655.881751,258.5675691,110.9961531,Highway,288.0097366,26.95705112,On,Eco,5,Low,451.8737524
79.14636328,2035.999585,84.11126608,84.50107161,Highway,15.24453271,38.29144657,On,Normal,3,Medium,384.0579558
92.40240861,1054.556251,222.8393274,109.1165639,Highway,48.15644567,26.58931708,On,Eco,4,Low,482.3650057
35.94630885,1335.205489,123.7985365,119.6387335,Highway,145.2621142,28.64011095,On,Eco,1,Medium,180.0914555
55.4869616,1924.660214,248.6091994,118.3192573,Highway,263.8480575,21.56220873,On,Eco,3,Low,272.3352828
55.54534803,2270.82311,289.6485024,112.0096697,Highway,244.3335427,39.10924776,On,Aggressive,3,Low,235.1990033
56.38024738,1571.661455,276.3574872,101.380697,Highway,289.3110079,21.70302482,On,Aggressive,3,Medium,259.5509236
70.19838981,1388.142209,87.58853339,106.992983,Highway,185.4252351,35.42369867,On,Eco,4,Medium,326.172599
52.64110425,1778.104654,148.692581,109.1243356,Highway,76.96905587,30.77230788,On,Eco,1,Low,254.9885768
65.55068881,1933.472879,147.4374617,80.33606097,Highway,7.531991852,21.22810288,On,Normal,1,Medium,362.9643295
59.42220745,1630.154547,89.35110393,84.09464884,Highway,66.87794722,20.03407656,On,Aggressive,1,Low,299.8549115
88.82368384,2315.066024,83.5502528,103.8823653,Highway,202.5819594,38.71107277,On,Eco,2,Low,456.2312074
78.28006365,1785.158063,152.3736324,80.26138161,Highway,277.882447,34.84346808,On,Aggressive,5,Medium,384.4236168
82.29035459,1053.735381,298.0971721,116.356226,Highway,96.27110019,33.72872487,On,Normal,1,Medium,456.0421449
46.84671153,1334.580932,196.5462363,99.58650853,Highway,262.7112991,28.77113061,On,Aggressive,2,Medium,213.8401401
56.04017323,1675.970546,209.2275909,90.31068302,Highway,118.4694745,24.77227573,On,Eco,2,Medium,287.7413346
31.69323581,2046.588279,173.0445384,95.75284678,Highway,92.48137481,33.59726149,On,Aggressive,3,Low,102.5593757
38.66997658,1329.628366,218.9593326,114.0310564,Highway,152.6532728,32.16602137,On,Normal,5,Low,130.6089523
51.20433856,2464.38616,289.5988994,117.087715,Highway,132.6820477,34.5268439,On,Aggressive,3,Medium,221.0874887
35.2370977,1477.837387,201.2875089,84.64939922,Highway,274.1399606,27.31585037,On,Normal,5,Low,119.6704347
78.21059203,1798.72031,75.60923033,111.1184254,Highway,140.4770842,39.73847521,On,Normal,3,Medium,379.3860023
109.8504093,1028.449577,178.2937366,103.1290847,Highway,83.20061617,21.34017311,On,Aggressive,4,Low,573.3096084
38.06521713,2327.336082,298.2603056,103.4201103,Highway,252.7696733,21.59403234,On,Normal,5,Medium,119.8442968
95.69841701,2183.25198,152.9766529,111.1780849,Highway,299.6248535,38.33751695,On,Normal,2,Low,501.6926385
39.50529978,1293.187006,202.5314969,88.91378747,Highway,194.4514258,32.9541287,On,Normal,2,Low,179.5575314
83.5931215,2399.855037,85.59282322,101.2417987,Highway,75.13841068,26.52668136,On,Normal,5,Medium,420.286253
81.45260824,1473.759646,93.8833197,92.77410462,Highway,71.6445231,35.23905515,On,Aggressive,3,Low,387.5018856
102.2173548,2038.279433,269.9235488,83.7804938,Highway,17.31200886,29.05546776,On,Eco,4,Medium,544.5103775
39.11564909,2228.464477,132.0827108,84.20317782,Highway,23.18791155,20.42243018,On,Normal,4,Medium,176.0576824
55.23555729,2111.371692,133.3083056,85.45885883,Highway,274.4949286,33.02207339,On,Aggressive,1,Low,280.7471063
37.26238083,2376.374176,152.931119,104.595994,Highway,28.94613211,24.86223874,On,Normal,5,Low,131.3211071
62.59066606,2296.412141,291.9548815,84.23320794,Highway,145.3031545,22.30670233,On,Aggressive,4,Low,294.2794098
102.9274539,2491.917271,80.25371905,102.8041537,Highway,209.4365339,24.50546365,On,Aggressive,3,Medium,530.3978465
92.52185208,1273.917119,256.5033846,103.5318823,Highway,255.1064348,29.52315762,On,Normal,3,Low,489.4705066
87.83200804,1457.142702,141.9738904,116.1558604,Highway,51.38128508,20.99712863,On,Normal,2,Low,455.7177824
72.64220039,1954.338801,263.8723262,105.0550639,Highway,131.3336037,37.66304774,On,Aggressive,4,Medium,319.5040369
100.6788594,2099.570779,298.0213559,119.4235136,Highway,75.4440585,31.19836033,On,Aggressive,4,Low,513.3991832
65.95534386,1801.907582,143.6801785,81.2397032,Highway,76.74692699,25.8599236,On,Aggressive,3,Low,314.4809694
41.97485337,1110.892547,91.04552789,108.1658455,Highway,91.15179225,33.74009696,On,Eco,2,Low,192.5728638
97.00681785,2262.39284,94.65011952,81.05920312,Highway,176.1348643,36.08472994,On,Eco,4,Low,518.3719338
52.37106624,2441.311534,242.0978138,109.1751031,Highway,4.973241506,32.27849256,On,Normal,3,Low,209.6068043
34.29068328,1608.275266,94.78117256,95.43400837,Highway,122.6298859,24.04989364,On,Normal,2,Low,130.3589404
40.08304245,1337.218723,122.5011764,104.4523106,Highway,56.04904057,22.2057684,On,Normal,2,Medium,185.5976914
78.7247133,1028.970632,109.0556025,92.38152288,Highway,290.1355526,37.19799394,On,Eco,3,Low,397.542478
78.56655711,1355.948554,145.3628554,86.36420157,Highway,174.8187478,24.69374827,On,Normal,2,Low,403.6799359
50.81465369,2049.878162,77.84797804,108.9405007,Highway,260.4286406,20.40164861,On,Normal,2,Low,263.014142
88.17441184,2367.384082,265.6181958,116.1848152,Highway,58.70699603,32.85804216,On,Aggressive,1,Medium,503.2830672
91.89121243,1140.2696,266.4351148,87.34329775,Highway,243.0047098,23.0577066,On,Aggressive,2,Medium,489.1266984
103.6402101,1829.888781,159.1038956,116.82812,Highway,124.4347384,39.8193964,On,Normal,4,Low,511.4509634
76.79499989,2043.296873,206.9010166,85.60728437,Highway,53.30840665,37.39461663,On,Normal,2,Medium,382.7570953
92.35386913,1414.571232,214.068377,109.4264753,Highway,228.3735607,32.16891452,On,Normal,4,Medium,466.9173489
90.24797438,1854.845559,239.8219477,118.3778063,Highway,228.6033293,36.67731285,On,Normal,3,Medium,456.8619632
50.62472388,2072.872639,184.965621,85.89483527,Highway,298.7663721,29.41071402,On,Normal,2,Low,246.2533434
54.81807424,2256.578865,182.4806509,97.40360187,Highway,234.2811785,35.76972489,On,Normal,3,Medium,250.3661971
68.27859166,1678.749776,211.5129066,93.49829929,Highway,43.58017438,32.93067105,On,Eco,5,Low,345.7284477
31.5231174,2121.785828,228.731615,95.53911001,Highway,96.76342254,20.57289296,On,Normal,2,Medium,127.1999872
53.79182185,1452.674458,143.2056905,110.1255896,Highway,135.5180752,38.97515335,On,Eco,3,Medium,226.6303336
67.91062987,1319.57012,139.2889136,106.4475573,Highway,37.99584171,37.21839156,On,Eco,5,Medium,299.9167253
38.64554362,1280.970619,124.732417,118.7474786,Highway,236.4116923,39.06814781,On,Normal,4,Low,92.95413599
40.10207102,1538.309098,191.7231733,87.41918013,Highway,158.0095614,34.62731869,On,Eco,4,Low,173.8410825
67.05893886,1053.819523,146.4373655,101.7304348,Highway,283.3348707,28.24121843,On,Normal,4,Medium,340.0089833
88.47720253,1424.487756,189.6751842,97.96504582,Highway,176.7924434,24.13970447,On,Eco,4,Medium,489.7510417
96.69991447,1978.334237,157.4363438,116.7542444,Highway,156.8697251,23.59992695,On,Normal,4,Low,515.2650635
73.7051118,1971.878571,260.8162038,80.4247693,Highway,21.42754588,22.89832497,On,Aggressive,1,Medium,382.046793
67.979919,1110.33071,77.55125754,119.566816,Highway,44.80377148,24.41219285,On,Normal,3,Low,361.1322024
60.74244548,1431.123426,197.3305425,99.18937257,Highway,254.857823,31.01272027,On,Normal,5,Low,264.8619001
45.4359194,1854.336497,198.1497001,105.0215859,Highway,297.2027933,33.67490127,On,Aggressive,5,Medium,159.1929704
41.72496023,1477.828206,152.0921545,94.40210223,Highway,124.5537408,26.28113122,On,Normal,2,Medium,199.1720668
93.35171613,1626.982036,161.0450147,114.1010668,Highway,243.0258251,30.97493939,On,Eco,3,Low,520.6203466
67.20053058,2069.216136,252.0315266,102.4795178,Highway,188.2757299,26.82505319,On,Eco,1,Medium,385.0835434
93.22561964,1013.900244,127.3616905,106.5124374,Highway,287.7177821,33.93019947,On,Normal,1,Medium,523.7912849
86.32664287,1414.590316,269.1369099,105.9561883,Highway,71.44117063,39.76972441,On,Normal,3,Medium,443.9410575
45.51167315,1213.558366,275.122393,94.5592856,Highway,163.4507229,33.78033937,On,Eco,4,Low,216.1964638
70.82458114,1191.413774,216.1486331,83.03963983,Highway,122.6387455,21.18061154,On,Aggressive,4,Low,339.7452116
65.52133043,2438.560325,245.4858513,112.308249,Highway,162.5147928,29.54469916,On,Eco,3,Low,317.2531788
63.90988049,1564.840497,207.1074068,91.58863677,Highway,80.65742503,35.40774985,On,Aggressive,5,Low,273.1027944
73.40568394,1790.632877,186.0621873,113.9572091,Highway,149.3238488,30.84483213,On,Aggressive,4,Low,325.64683
108.5665521,2100.732831,292.002661,104.3457204,Highway,187.441244,39.02126059,On,Aggressive,2,Low,556.5660507
95.03204781,1071.171212,127.8371914,94.14815832,Highway,24.3647652,21.09543358,On,Aggressive,1,Low,505.8993322
102.2969945,1361.533958,96.99622719,103.769886,Highway,222.8961764,25.82311087,On,Eco,4,Low,561.2850907
32.37116665,2248.221681,128.9964872,105.8197077,Highway,211.9568889,24.41436215,On,Normal,5,Low,102.4777497
41.22690934,2292.98592,207.510146,108.2673363,Highway,264.1372804,35.35244404,On,Eco,4,Low,169.5545512
36.78109282,1559.426381,104.4440251,112.8935254,Highway,127.7569655,30.47586137,On,Aggressive,4,Medium,138.9093829
51.05848041,1562.292399,278.1153704,86.39019769,Highway,18.50073978,22.76688423,On,Normal,1,Low,244.0236004
65.35139936,2135.345316,158.6458562,117.7657754,Highway,138.4383387,25.71186527,On,Normal,2,Low,332.2721518
81.36425981,1442.60534,263.9910908,96.43362458,Highway,41.28275162,30.45318646,On,Aggressive,2,Medium,399.7708375
70.0665013,1175.641122,119.8167707,114.4180119,Highway,194.2340441,39.92257963,On,Eco,5,Low,332.3640176
102.2547132,1386.303175,135.1604052,88.81918381,Highway,14.13945724,27.28584715,On,Eco,3,Low,556.678815
105.1884767,1581.017097,74.21361532,81.16115889,Highway,112.1989219,23.13652195,On,Normal,3,Medium,570.0895193
43.0816761,1078.307064,121.8642461,102.9337617,Highway,24.85286955,29.94133052,On,Normal,3,Low,204.5571903
98.23303362,1718.020381,177.6753166,92.98665116,Highway,1.009930221,26.20372754,On,Normal,5,Medium,525.0108816
68.53777632,2110.011269,287.0728603,119.3784802,Highway,288.1671672,31.31933648,On,Normal,4,Low,323.2622934
66.26635771,1770.617717,153.3367137,84.17813819,Highway,298.8382044,29.33420606,On,Aggressive,2,Low,339.4872021
92.79514788,1107.843011,213.5385311,81.89211464,Highway,166.6508855,33.78979843,On,Eco,2,Medium,540.3103813
37.45124072,1660.224447,162.6504282,81.80071274,Highway,71.68675498,38.28581418,On,Normal,4,Low,111.9017404
100.5994502,2063.356912,71.23004418,88.67494781,Highway,273.329711,24.01028702,On,Normal,2,Medium,541.6684752
83.66906836,1087.144981,180.8478302,103.1676447,Highway,276.9109791,36.42360141,On,Normal,2,Low,429.8900423
100.0209286,1089.770785,75.81927521,100.2225349,Highway,256.3526674,38.98531431,On,Normal,3,Medium,522.3349185
109.5582062,1555.902105,272.0879819,94.00303219,Highway,163.3109954,27.47219363,On,Eco,3,Medium,586.3227848
71.44035619,1292.445946,240.7288709,83.5517243,Highway,22.41064827,22.27325401,On,Eco,1,Low,416.5722572
37.46097583,2402.171187,150.8763531,89.34948379,Highway,26.53167826,36.43822342,On,Eco,1,Low,148.2930688
43.32190903,1872.015406,213.6524799,87.36588259,Highway,268.9859363,34.02191619,On,Normal,2,Low,179.2855866
55.8894594,1430.988099,86.88675728,109.8266735,Highway,262.7480542,24.2542441,On,Eco,3,Medium,274.1224418
38.28423537,2057.165094,228.6131969,111.1978553,Highway,130.3191748,28.90447186,On,Normal,1,Medium,180.7868852
95.22734609,1562.393577,257.4557782,111.0805605,Highway,98.44638584,31.55984413,On,Eco,1,Low,545.5908088
53.74942808,1198.173467,257.2189556,118.7616218,Highway,193.237176,23.39708173,On,Normal,3,Medium,249.498658
108.070895,1355.848345,128.2266114,115.3695179,Highway,242.0963845,34.29825653,On,Aggressive,1,Medium,623.8945446
86.20731455,1964.120927,123.2990869,99.91218989,Highway,219.5054826,33.79765483,On,Normal,4,Medium,485.8119814
43.87442962,1077.814159,185.1354451,96.59744084,Highway,184.6808814,37.74253225,On,Normal,4,Medium,171.3199082
68.08341176,1409.03356,292.2653189,116.6307407,Highway,69.45331333,31.34545929,On,Aggressive,3,Medium,327.7315644
67.35073773,1312.467216,280.9255146,104.4490101,Highway,78.75146077,31.48626061,On,Normal,3,Low,329.8070484
69.40093267,1301.702666,146.3132356,91.77594668,Highway,217.2202444,32.38774712,On,Aggressive,1,Low,349.5877065
72.85529365,2024.143618,247.1590815,102.5785611,Highway,240.7859557,25.47566523,On,Eco,2,Medium,408.252115
32.49384659,2238.725375,281.1162634,119.6859769,Highway,34.84055643,35.17211703,On,Aggressive,5,Low,70.65093835
84.90409006,2073.799912,122.6223518,113.9788024,Highway,56.18911431,33.24998523,On,Normal,4,Medium,448.6851139
68.97534202,1968.591724,259.2709559,91.25118864,Highway,204.1410787,36.78291251,On,Eco,4,Medium,340.8118653
93.27723191,2374.677658,124.2949505,118.118177,Highway,116.6959762,35.3717201,On,Aggressive,3,Low,464.2353531
95.22796586,1087.588571,142.3877102,119.2584845,Highway,168.9878602,32.77144461,On,Aggressive,2,Medium,517.5579414
48.44280976,1251.224629,107.7169658,89.24667838,Highway,184.4444858,23.21784302,On,Normal,3,Low,231.6731192
33.87383571,1621.610284,181.6991518,115.8236847,Highway,232.8610402,38.38294646,On,Aggressive,1,Low,108.5244743
86.25870849,1558.677465,262.3946146,115.3281087,Highway,241.7150852,27.34424363,On,Eco,2,Low,489.5974279
108.2210231,1627.077404,186.732513,81.59014293,Highway,84.02887358,39.28597137,On,Normal,1,Low,567.1403772
65.73263893,1309.682358,89.62560233,106.7875677,Highway,162.3890187,28.03741604,On,Eco,4,Medium,334.5492762
50.76902477,1224.254973,120.4262237,92.21122852,Highway,37.05718159,22.91876585,On,Eco,3,Medium,243.5577022
42.53375157,1763.789871,195.0868481,106.9845051,Highway,252.6045506,37.69679495,On,Normal,3,Medium,171.3118241
52.99564779,2392.078786,199.9649893,116.5423478,Highway,253.6343815,35.9011748,On,Normal,5,Medium,182.473558
56.23356411,1587.954194,198.4574169,99.95116992,Highway,89.8517157,35.72592112,On,Eco,2,Medium,269.4026378
63.90997947,1065.029821,78.4808382,96.57651323,Highway,48.18606223,21.78821501,On,Normal,4,Low,316.1008675
82.43256986,2059.251014,240.8870142,116.8612508,Highway,21.02753346,37.58559666,On,Eco,5,Medium,420.0482868
51.85304449,1436.657358,278.2627678,118.9645967,Highway,172.4929326,31.92801274,On,Normal,5,Low,212.7991296
34.07814108,1367.642511,182.5245475,82.48945311,Highway,27.42843012,29.40711473,On,Eco,3,Medium,189.1039559
59.86228893,1486.387001,232.5190288,116.9139228,Highway,204.1784534,38.26343243,On,Aggressive,2,Medium,252.1656039
98.45036929,2085.723286,279.3637181,83.31074134,Highway,203.4379203,33.32082705,On,Eco,3,Low,524.9072667
69.86812087,2228.22908,214.2294612,93.49144854,Highway,184.1962221,22.66061648,On,Normal,2,Medium,369.2664317
107.1827006,1882.084101,221.8381739,110.5029649,Highway,262.9681506,30.39074352,On,Eco,5,Medium,575.0974935
70.28972249,1483.718131,233.1370592,111.0814793,Highway,113.4842078,32.73233178,On,Normal,1,Low,389.8027208
52.07190535,1465.71735,122.5205883,109.0328756,Highway,270.6808748,37.97101395,On,Eco,4,Low,195.0672927
45.46511978,1186.462525,199.8426899,81.56449952,Highway,11.07761065,25.59788203,On,Normal,5,Medium,197.0062073
85.56195974,2399.951572,262.1220275,85.31864192,Highway,33.82709638,35.88467771,On,Normal,3,Medium,444.7412438
72.91050286,1957.209098,131.0790553,117.4486599,Highway,123.6616688,35.99625808,On,Aggressive,4,Low,314.0576143
78.31991432,1040.46193,275.3209199,83.25845554,Highway,178.1979056,22.5609897,On,Eco,5,Medium,389.0237401
90.41014315,1993.550643,208.8916679,83.14183668,Highway,9.712690992,20.34466366,On,Aggressive,2,Low,499.4045792
88.07227714,1670.730136,161.5619643,113.4258375,Highway,170.2303414,31.62819392,On,Eco,3,Low,457.6420521
33.46906401,2458.836945,209.5639107,105.6506301,Highway,92.21949494,35.78957773,On,Eco,5,Medium,115.2387818
94.20575242,2228.603237,156.4463774,94.06624223,Highway,266.1440423,31.08861649,On,Eco,2,Low,504.3499129
72.61626456,1256.973631,261.1285444,86.62841948,Highway,159.9853775,36.2669497,On,Eco,2,Medium,366.5866147
61.33668247,2080.166678,175.7564592,115.3668168,Highway,176.3681725,32.44606281,On,Normal,2,Medium,312.7798651
73.0015541,1728.349006,276.2912063,119.5415103,Highway,283.6865433,33.06584723,On,Aggressive,4,Low,348.380829
78.99611588,1280.567746,182.3539394,81.99886914,Highway,229.251308,20.56308852,On,Eco,3,Medium,412.7758408
41.96050479,2048.109861,218.4884135,102.1645353,Highway,131.4819798,21.77196406,On,Normal,2,Medium,193.9088024
63.39323163,1821.081368,299.458661,90.4521434,Highway,143.0638845,34.50059235,On,Normal,5,Medium,271.5109496
56.84689682,1045.560818,95.27180184,113.2954733,Highway,194.3771606,35.25686565,On,Normal,2,Low,233.9168807
58.03271559,1969.881926,236.8149957,93.84292367,Highway,60.059765,30.84355956,On,Normal,3,Low,303.1240571
37.30679507,1952.480635,93.3293347,108.5851716,Highway,26.59525215,31.80330255,On,Aggressive,4,Medium,130.2186255
42.78747904,1216.127742,261.3279278,101.5809369,Highway,93.37095478,32.2873168,On,Eco,2,Medium,215.0579027
42.94656541,1523.48159,203.1488115,101.6609353,Highway,233.5148394,22.09982638,On,Normal,5,Low,176.8991548
59.85797946,1878.848456,285.1582945,114.3199772,Highway,77.19713963,33.35817209,On,Eco,3,Low,290.3769268
101.5593236,1208.174521,267.8295845,98.81617704,Highway,39.2277601,29.56939954,On,Normal,2,Medium,561.6368419
46.48218975,2279.085067,77.96928899,113.8239814,Highway,65.70677954,32.05045953,On,Normal,4,Medium,181.3574076
63.29540061,1041.229069,92.95261,94.53707312,Highway,203.6918736,31.26283658,On,Normal,1,Medium,330.6416658
54.92875322,1154.256122,204.2810229,86.9913177,Highway,184.184417,35.26000497,On,Eco,5,Low,229.2626202
92.990665,1174.16038,184.3955136,98.21909511,Highway,206.4944992,26.37136527,On,Eco,2,Low,540.8795863
34.01011459,1792.160689,100.4556313,99.93423126,Highway,96.5874368,27.4705249,On,Eco,2,Low,136.0311633
45.72347164,1930.171018,91.04621479,99.13532791,Highway,270.2568381,27.83212613,On,Aggressive,1,Medium,212.000198
46.85132339,1605.611195,195.357788,112.3332165,Highway,135.5311072,35.24912198,On,Eco,3,Low,188.9511221
109.437024,1433.000242,71.74117151,102.5871577,Highway,154.1139096,28.62225244,On,Normal,1,Medium,623.9953819
75.66200144,2213.976063,269.6964727,115.5377629,Highway,284.6423928,23.54149543,On,Eco,3,Low,370.064349
41.11666115,1102.428976,253.6999008,100.5674198,Highway,293.7831804,39.66081941,On,Aggressive,2,Low,142.3045438
51.77593114,1420.437792,248.4887932,88.98860332,Highway,198.4628178,29.86763728,On,Normal,1,Medium,266.5697745
43.42576753,1058.673368,63.83931529,85.17983361,Highway,283.4439578,22.18496166,On,Eco,2,Low,210.3143622
39.96836557,1020.835202,71.43382642,114.7345128,Highway,162.4522159,33.40549912,On,Aggressive,1,Medium,175.1403086
93.77456227,1530.06983,191.9613891,82.24691196,Highway,92.18488367,34.78324715,On,Eco,2,Low,510.3214435
69.66021029,1292.235494,298.6621653,84.70438448,Highway,94.52785679,30.00445678,On,Normal,2,Low,356.3220603
80.49681095,1402.548782,142.1558882,82.54634076,Highway,167.682177,32.92914437,On,Normal,2,Low,427.3829077
56.50009976,2231.420736,142.6499559,96.94936789,Highway,181.5108362,23.45349729,On,Normal,4,Medium,273.8876749
74.29560689,1244.470144,92.22671205,101.3046247,Highway,131.885121,27.35844771,On,Aggressive,1,Low,400.3565215
50.6055226,2170.350051,221.8405929,80.79498924,Highway,265.1314451,23.23657207,On,Aggressive,4,Low,188.7972023
54.64290199,2012.575935,215.2024054,100.6234467,Highway,128.0088356,27.74470513,On,Aggressive,2,Medium,250.1925442
82.17903555,1489.668288,84.31737993,95.75037885,Highway,82.0270941,31.25601044,On,Aggressive,5,Low,394.2651664
42.02801007,1819.834218,172.1789489,110.9458073,Highway,2.394563503,28.85078814,On,Normal,3,Low,165.0066079
79.37774873,1666.653415,220.0979781,113.1982649,Highway,291.1707834,31.86429681,On,Eco,1,Medium,435.4786448
98.17878531,1192.592973,178.4438727,107.3986975,Highway,247.2939849,30.03518347,On,Normal,1,Low,536.9981738
39.63385809,2360.777983,221.8472596,98.93982141,Highway,184.6678754,26.35628747,On,Normal,3,Low,144.8279748
101.7969024,1854.426951,255.9048954,88.6459438,Highway,249.1626762,22.86831996,On,Eco,4,Medium,540.4803405
36.35565442,2320.360069,224.5957039,113.8845947,Highway,243.0867691,25.05345723,On,Normal,3,Low,141.6964204
57.91273816,2235.739768,207.8674166,93.6667656,Highway,279.5552341,24.01426504,On,Aggressive,5,Low,233.8857221
78.84074522,1119.663888,264.8616617,94.25167549,Highway,115.820305,34.14844587,On,Eco,2,Medium,420.7186356
74.75318081,1310.905999,276.1412563,116.6404619,Highway,166.4556726,36.39933689,On,Aggressive,3,Low,355.6195377
37.7112858,1217.891672,153.3327449,119.0238902,Highway,29.58840712,34.40777211,On,Normal,3,Low,150.0168844
93.91305342,2246.169299,101.5799731,115.9252383,Highway,289.5946277,32.87468294,On,Eco,2,Low,530.6324102
107.8522635,2293.66994,256.286497,119.9293889,Highway,295.5381208,26.15702708,On,Aggressive,1,Medium,581.5856448
44.49826313,1791.957265,111.3007458,114.7563538,Highway,236.7252744,34.21971118,On,Aggressive,5,Medium,196.8834617
101.6104776,1156.267109,282.9481607,108.1743007,Highway,136.2362949,32.1016692,On,Eco,3,Medium,557.7680286
74.54475537,1203.424928,65.49070685,91.75277598,Highway,148.9700253,20.93786733,On,Normal,3,Medium,402.6145373
104.8747017,2220.323219,281.1050838,118.118282,Highway,130.6100799,38.15224237,On,Normal,1,Low,540.9914682
44.08687667,2393.785205,201.4039182,115.0650733,Highway,87.99319096,21.59907682,On,Aggressive,5,Low,150.9106262
93.36171145,1299.213528,245.938108,89.6298717,Highway,158.3374217,30.05415808,On,Eco,2,Medium,544.4572617
34.78252604,1016.706365,155.6382209,99.56649893,Highway,16.03352085,30.26138305,On,Eco,2,Medium,147.7649635
100.6557157,1496.429358,298.0119101,82.80222643,Highway,297.5661186,36.74014378,On,Normal,4,Medium,515.3814443
83.93275378,1045.749084,114.6123426,118.1323545,Highway,127.2150405,38.26135002,On,Normal,5,Low,388.04597
59.62038271,2241.962374,123.442479,102.9107331,Highway,278.2099752,38.79351583,On,Normal,5,Low,261.9156235
45.23734588,1737.268386,72.34378657,89.80802184,Highway,217.2814382,31.39344267,On,Aggressive,3,Low,170.6616261
95.32264789,1962.791168,285.7136071,91.69597254,Highway,86.98287506,33.5808446,On,Aggressive,4,Low,510.4001988
78.25930571,1617.227314,169.4470329,119.2262549,Highway,66.61578545,21.77039725,On,Aggressive,2,Medium,401.0167419
58.83326824,1518.261321,221.9645795,104.6245717,Highway,298.7026301,29.75832022,On,Eco,5,Low,277.5647195
65.50686598,1333.30062,224.9857746,96.82732496,Highway,231.6379065,37.95713408,On,Aggressive,5,Low,275.0842018
96.12341249,2155.798821,269.8805021,99.99381847,Highway,74.89844224,29.11394302,On,Normal,1,Medium,548.0428087
57.11417547,2043.321377,219.5820602,83.9420029,Highway,20.23351445,21.39187871,On,Eco,2,Medium,295.1446993
37.17061425,1541.093477,194.8850838,83.0009104,Highway,209.0749636,24.01282285,On,Normal,1,Low,155.0453798
102.9025738,1481.674201,230.4764458,103.7083097,Highway,90.90493704,28.59013845,On,Eco,4,Low,565.9168098
60.98749917,1001.864318,240.2329918,100.4801615,Highway,66.39924379,24.7505661,On,Normal,5,Low,281.7924247
57.87100089,1095.328195,104.6227071,94.36612765,Highway,220.4812245,27.84585171,On,Normal,4,Medium,301.3311647
46.35196951,1934.883287,86.32008935,102.6445581,Highway,203.7783968,26.65923751,On,Normal,1,Medium,232.4809118
101.7938057,1771.910965,77.96372412,82.90703798,Highway,144.4238024,26.37858106,On,Eco,2,Medium,579.0532982
47.4004267,1652.204807,149.7728387,117.7596469,Highway,282.7967798,21.8232922,On,Normal,5,Medium,213.4415632
80.93382944,2241.253361,179.5200576,91.74846751,Highway,203.8915098,37.65429382,On,Eco,2,Medium,398.2472416
100.4612009,1755.847307,207.7559756,82.87115163,Highway,268.0258682,33.85412507,On,Aggressive,4,Low,531.9783394
32.79308917,1576.740372,289.9282847,86.7801709,Highway,57.1658827,32.46763817,On,Normal,3,Low,126.436688
96.30333642,1241.884521,139.3890768,83.81895658,Highway,88.99377302,32.12938816,On,Eco,2,Low,534.9453733
62.84795374,2231.032012,242.6097725,87.14418017,Highway,31.35604011,27.93004449,On,Eco,2,Low,324.3911218
82.63796602,1864.372375,187.5258287,96.67016219,Highway,91.37399936,36.46630618,On,Normal,2,Low,430.7738998
59.79236506,1138.689949,112.8215837,109.5220358,Highway,291.5334988,38.60079988,On,Normal,5,Low,221.3340536
85.64130051,1973.347597,207.673303,90.8939339,Highway,288.8568738,20.11234498,On,Normal,4,Low,446.8612293
50.34359316,1637.606118,292.1222828,97.43706488,Highway,228.1159064,21.58396954,On,Eco,4,Medium,216.124825
31.75444339,2217.079335,89.83399182,117.1502915,Highway,156.3144788,33.49951235,On,Normal,5,Low,89.87215541
105.8230012,2378.371895,181.7471435,91.83286957,Highway,234.2339396,24.72133445,On,Eco,2,Medium,593.41484
31.30942112,1900.69872,72.386005,111.7887901,Highway,166.0460854,38.23409998,On,Normal,2,Low,114.1560639
95.92794317,2097.419229,137.0919117,86.3126749,Highway,1.052551401,33.3482613,On,Aggressive,3,Low,497.9052732
43.53100747,1084.886271,208.9446426,87.13286985,Highway,150.4641222,27.3658251,On,Normal,2,Medium,202.8292522
61.37761829,1840.383183,261.8536646,98.24611494,Highway,179.6770338,28.30564806,On,Eco,1,Medium,308.4531755
95.79939012,2133.009968,235.2788212,89.36409002,Highway,79.72450725,33.8176501,On,Aggressive,2,Low,516.5538997
46.47457202,1745.143224,171.0856268,116.121123,Highway,60.98806927,22.81928205,On,Eco,3,Low,193.5889303
99.25660844,1890.325134,278.2134617,82.03009164,Highway,82.14272844,37.6682376,On,Normal,1,Low,504.5155857
69.82071513,2348.422278,132.6515196,103.8909026,Highway,187.0883249,20.09543397,On,Normal,3,Low,325.1708559
59.29227702,1297.149358,240.9560185,104.1691758,Highway,43.81923448,39.57893907,On,Eco,3,Low,270.2196974
82.99501974,1147.369761,173.7621652,82.6410371,Highway,216.0984904,23.35290961,On,Eco,4,Medium,440.6196661
57.31117776,2035.96542,275.6725811,109.3025686,Highway,126.8024463,34.84222717,On,Eco,5,Medium,285.6366223
57.78306872,2234.273358,251.3838772,98.75590178,Highway,106.0043578,20.79849414,On,Aggressive,3,Medium,288.8549925
88.68211128,2275.735283,276.3527187,108.9229349,Highway,242.1693875,28.62857798,On,Aggressive,2,Low,478.1196485
54.78657796,1962.466746,111.4194837,113.0769994,Highway,151.8189748,32.60627365,On,Normal,4,Low,260.9232035
46.06181187,2249.820127,220.3561037,92.91597408,Highway,113.5201684,21.40454915,On,Eco,1,Medium,261.420322
94.61169024,2050.996309,237.2312179,99.37943532,Highway,263.4464147,28.86587058,On,Aggressive,5,Medium,486.0876066
94.4296827,1131.065374,238.1794237,90.43043119,Highway,110.4754897,26.06272806,On,Normal,4,Low,505.8033935
69.8068563,2143.065262,180.9601081,88.06053854,Highway,257.7000849,29.96487224,On,Normal,3,Low,375.5723324
72.13244929,1269.039534,62.70012536,80.02379032,Highway,151.2596095,30.09153072,On,Normal,4,Low,347.406731
85.68613006,1354.914014,122.7433881,118.5452605,Highway,62.40212924,35.70463212,On,Normal,2,Low,442.5730877
70.74194334,1591.97594,137.59221,97.63713877,Highway,183.8454564,22.47009057,On,Normal,2,Low,361.6597224
63.36319672,1471.850599,264.4887881,80.52279092,Highway,85.59705788,21.65439202,On,Normal,2,Medium,345.7424339
109.5915355,1482.477607,261.8125961,80.3575431,Highway,44.14653965,28.03780466,On,Normal,5,Medium,609.8852938
41.81123423,1253.889286,85.12322497,91.53410274,Highway,25.95881142,37.75039839,On,Aggressive,4,Low,138.4021893
77.41823834,1440.806571,287.9606116,80.55750715,Highway,72.50920074,37.10539039,On,Normal,4,Low,357.6008244
100.8690421,1029.493885,103.7897968,94.98058471,Highway,220.9663926,31.19985819,On,Normal,3,Low,562.3135069
84.97720329,1709.36642,159.4462683,82.51754006,Highway,251.3997667,37.77547638,On,Eco,1,Low,442.9401716
100.4738639,2152.886438,111.6376719,81.57006365,Highway,258.5162538,36.10687195,On,Normal,2,Low,528.6099083
56.90677763,2293.371054,266.4797925,106.7752558,Highway,81.04448211,25.5587892,On,Eco,1,Low,276.4577362
51.7594381,2230.642838,239.8564876,116.2736516,Highway,198.2918799,23.40212561,On,Eco,1,Low,250.8677858
98.10179095,1624.686578,144.8469137,96.37546333,Highway,69.10621797,26.02313002,On,Aggressive,2,Low,537.1883696
61.52916609,2095.639722,223.6508702,113.4708172,Highway,186.8286342,24.54235757,On,Eco,2,Medium,320.1076001
86.77458584,1431.836161,104.2480522,81.17061845,Highway,266.1632979,32.45437585,On,Normal,3,Low,447.9005377
41.81988627,1083.343709,151.7513022,111.1076022,Highway,12.26810478,31.69798226,On,Aggressive,5,Medium,128.5198941
90.46705003,2013.957288,150.5058212,82.51199969,Highway,295.5677003,31.96874767,On,Normal,2,Medium,499.9655926
73.91861192,1973.194247,117.1048036,113.5375769,Highway,248.1263632,23.78607073,On,Eco,1,Low,388.0230047
51.48893119,2202.444093,270.3148919,115.2946538,Highway,228.4986349,35.83725451,On,Normal,3,Low,209.5646876
69.56031712,1924.15931,222.9229765,111.4389537,Highway,207.4088681,28.67252167,On,Aggressive,4,Medium,327.1954483
85.75549007,1235.337437,127.1854345,112.829961,Highway,231.0821667,29.44903841,On,Normal,3,Low,438.1994644
30.95091271,2279.743588,118.1089826,102.4593827,Highway,298.3786068,39.93923692,On,Normal,2,Low,97.85066214
80.99736471,1940.879182,64.30883304,90.5953977,Highway,231.0573891,25.64543572,On,Normal,2,Low,414.3120697
73.32726226,2211.414549,143.1797409,105.7292401,Highway,105.4802354,27.88276008,On,Normal,5,Medium,361.1143603
47.62289342,2161.160681,186.425108,97.58166596,Highway,184.1765559,33.52926416,On,Normal,3,Low,216.6600859
90.23848592,1446.796731,126.6506261,80.21346244,Highway,101.0769048,37.6082604,On,Normal,2,Medium,490.4744769
54.27687877,1111.829462,228.1099863,99.07302826,Highway,291.019633,22.53562013,On,Normal,1,Low,266.9176437
52.14887452,1264.756614,158.819887,106.047517,Highway,270.0419198,34.70091613,On,Normal,1,Low,234.3632461
67.69746792,1139.293501,135.9162809,80.55534639,Highway,170.2860682,38.36561052,On,Eco,3,Medium,344.7831588
84.09197427,1365.118648,285.3738381,104.8544134,Highway,234.3821263,28.45849227,On,Eco,5,Medium,424.3317017
104.3076781,1689.29841,123.0722105,106.1012762,Highway,272.9060829,25.73453846,On,Normal,3,Medium,554.1456908
41.30857945,2360.215907,155.5818288,86.32430313,Highway,73.0800791,33.55474294,On,Normal,5,Low,155.1275794
61.71744966,2308.028134,151.7497892,97.24296741,Highway,173.8445571,24.92147302,On,Normal,1,Low,309.6096441
35.3591674,2077.899723,117.887603,118.573304,Highway,144.5148958,27.68579493,On,Normal,2,Medium,158.80204
90.6840598,1036.168539,112.1944176,115.3675691,Highway,231.4774065,37.93826748,On,Normal,4,Medium,458.5211361
65.81863117,1512.083802,132.5712045,96.43285691,Highway,113.7247564,31.80665105,On,Aggressive,2,Low,306.9440849
86.55433082,2023.52264,267.4166808,93.99385072,Highway,212.6938919,21.89954533,On,Normal,1,Low,488.2579798
55.77555392,1193.543345,244.0998929,84.96322724,Highway,120.8979267,26.59395063,On,Normal,1,Low,296.6734438
97.54537931,2201.631775,223.4398834,81.40756338,Highway,33.32245939,32.5453033,On,Normal,2,Low,539.9164473
72.78624626,2371.86052,169.7047182,91.8985111,Highway,32.13642948,29.62995274,On,Normal,2,Low,344.8736086
105.4886257,1531.15667,181.8609563,117.6113339,Highway,35.71689737,33.20678634,On,Aggressive,1,Medium,562.683108
36.30517113,2058.764593,124.1133229,118.3445381,Highway,9.75596278,35.22882835,On,Eco,2,Low,133.8182599
71.14214596,1222.306199,77.83581932,112.5007736,Highway,159.8919515,29.6123024,On,Normal,4,Low,370.9140635
91.31641968,2036.224674,139.4497336,94.03299254,Highway,201.5708046,39.73903373,On,Eco,4,Low,483.2931127
78.01221185,1032.183118,178.9401014,85.74505732,Highway,38.01852055,38.29347751,On,Eco,3,Medium,386.5164193
31.85553123,1226.15726,73.75513116,103.821339,Highway,183.5574001,21.19814812,On,Normal,4,Medium,86.70491838
107.7870943,2064.82217,81.17599249,105.8602003,Highway,179.3220235,25.32862276,On,Eco,1,Low,604.2658617
53.86109545,2067.775334,123.1260559,96.98294277,Highway,44.12821542,26.01087025,On,Normal,1,Low,267.9514466
49.94222931,1961.744059,148.0992897,107.6658718,Highway,121.22478,23.68580713,On,Aggressive,3,Medium,199.3765087
68.85279005,1716.046037,154.3960347,109.8672754,Highway,226.5407129,26.24033006,On,Aggressive,5,Low,302.1015627
73.3726486,2012.362137,88.29265591,111.3224665,Highway,5.026807666,28.49641266,On,Eco,3,Medium,414.2660143
91.30305101,2160.701197,114.1971251,100.0919245,Highway,44.08436517,21.03101958,On,Normal,5,Medium,467.834196
61.46189261,2449.722489,122.7953405,111.6656311,Highway,298.7485123,22.54600472,On,Aggressive,5,Medium,265.2051194
65.19683012,2332.961547,76.23237029,81.01905705,Highway,220.0634691,21.92491758,On,Eco,2,Low,381.1364193
72.79679327,2191.801304,138.2639281,107.2161747,Highway,139.2390838,20.92633878,On,Normal,4,Medium,357.1052125
61.55096798,2042.136275,77.33317746,89.42535828,Highway,188.9404236,29.62994041,On,Aggressive,5,Low,260.5001357
103.1638463,1861.233318,228.8298823,90.82081167,Highway,253.8662912,26.67606166,On,Eco,2,Medium,568.7271352
98.10015733,1180.913235,152.651464,83.65206826,Highway,252.6913757,38.70894459,On,Aggressive,3,Medium,503.7283546
66.39789561,1248.335263,138.4205735,87.69569054,Highway,97.41043064,22.05521071,On,Normal,3,Medium,330.5059143
30.01558899,2230.419341,90.36532116,119.6803293,Highway,147.3874268,38.52070671,On,Eco,5,Medium,73.09245587
102.0747596,2204.969368,114.3608773,96.61560522,Highway,191.4165289,21.73091235,On,Normal,2,Medium,558.9285619
39.94692588,1921.688389,115.8492501,117.1106159,Highway,21.56907495,32.38434693,On,Normal,1,Low,218.7831806
49.56099322,1658.260199,296.4490116,86.51598113,Highway,283.7389798,24.95460675,On,Eco,4,Medium,243.4581179
42.18890275,1039.048975,260.4838511,88.16235368,Highway,129.8225477,36.53611293,On,Normal,5,Medium,137.5455281
44.3852456,1490.765414,63.66294999,102.3125342,Highway,111.2586982,21.22949654,On,Normal,1,Low,203.4517351
94.23020303,1630.959486,208.0407818,93.98130164,Highway,272.1301084,39.05016312,On,Normal,4,Low,482.8111034
76.36011533,1728.724429,121.4184231,105.7566083,Highway,35.48599463,20.94514401,On,Eco,1,Medium,433.9910673
106.4876131,2393.986898,85.05046292,96.88186303,Highway,11.77823922,24.82226537,On,Aggressive,2,Low,551.6698501
48.51628099,1163.0641,229.3439431,112.4638895,Highway,205.5007237,29.28369452,On,Normal,5,Medium,184.062852
68.85079265,1778.30038,91.58533187,97.26236285,Highway,115.5008904,35.12115773,On,Aggressive,1,Medium,335.9318659
108.1942695,1551.883445,166.4977871,102.8939673,Highway,229.3427426,39.02225435,On,Aggressive,1,Medium,561.5218747
96.11548114,2485.147179,211.7196396,92.842928,Highway,20.56338346,28.56084863,On,Normal,1,Low,517.7462856
88.28925433,2292.796024,193.0787415,108.1616395,Highway,115.1271431,35.14620188,On,Eco,5,Medium,442.4147248
45.11801611,1658.178781,294.6309836,106.1893684,Highway,70.59756361,34.54325109,On,Aggressive,2,Low,202.6940173
91.55243207,2499.543414,248.5782271,95.88004131,Highway,221.8819599,31.42337791,On,Normal,2,Medium,490.1063341
57.80520981,1771.09487,245.8064103,91.04128411,Highway,68.15103313,33.81838352,On,Eco,1,Medium,280.1335313
72.44295176,1250.676695,145.3428946,104.564175,Highway,137.3836004,20.76133366,On,Normal,2,Low,364.906193
78.73289704,1833.812038,62.0149181,117.726066,Highway,245.6632653,28.83154802,On,Eco,4,Medium,389.5824164
78.74909692,1339.308649,236.2586231,85.30572096,Highway,274.6171606,35.71721388,On,Eco,2,Medium,415.4250723
88.12187775,1954.46926,299.9357002,111.9646647,Highway,216.7817381,29.4844229,On,Normal,1,Low,500.5518292
82.93616741,2406.160262,157.4109859,101.7196709,Highway,128.7685235,37.47009168,On,Eco,4,Low,415.0097456
35.46967034,2179.297865,296.5244397,101.0223878,Highway,171.5957624,36.67275753,On,Aggressive,5,Medium,97.86734372
66.58776208,1409.745536,94.00994629,118.4673659,Highway,206.9069841,37.2689206,On,Aggressive,3,Medium,306.132178
83.12172854,1445.287937,131.1629644,104.2349919,Highway,262.479788,22.59993371,On,Normal,2,Low,455.2137939
53.67943857,1103.932305,100.9744636,113.2207131,Highway,266.5721954,24.88282249,On,Eco,4,Medium,244.7582983
55.04453498,1428.801753,174.0422335,100.57909,Highway,279.2908474,20.59194546,On,Normal,3,Medium,259.3258768
39.96540382,1138.9372,251.2755364,89.99413469,Highway,243.2133297,39.65601454,On,Normal,5,Low,143.9395667
63.48919888,1749.173079,141.758806,107.7796109,Highway,44.03938078,24.72276279,On,Normal,3,Low,296.1120384
108.9464347,2062.520619,277.4949449,116.9270762,Highway,224.29186,27.34186669,On,Eco,5,Medium,565.1124155
52.8255489,2126.771742,190.7592992,113.6492038,Highway,244.3777121,25.49852894,On,Normal,1,Low,245.266529
72.51495141,1089.293848,171.7018593,87.93454425,Highway,263.3614283,20.79587246,On,Normal,1,Low,400.431511
89.45898022,1509.933847,248.8886021,92.67556476,Highway,277.4450684,25.22516019,On,Aggressive,5,Low,448.4820437
31.07978167,1432.25765,84.34643929,100.675227,Highway,152.7479441,21.96391332,On,Aggressive,3,Medium,95.82227719
102.0351648,1156.450484,245.7005931,102.8641318,Highway,196.5278085,27.88566173,On,Normal,2,Medium,573.7755342
60.92401478,1543.706966,118.30848,87.75256458,Highway,2.865832985,39.33648237,On,Normal,3,Low,285.7764994
99.52927894,1448.980164,127.3950113,89.2004936,Highway,171.8350703,33.96524744,On,Eco,3,Low,536.7525595
33.11581271,1951.748844,203.8689056,110.3532428,Highway,141.9595143,34.1380158,On,Eco,2,Medium,137.7286137
41.65308415,2324.953996,276.464262,109.2126967,Highway,288.6918134,29.06351867,On,Aggressive,3,Medium,147.3512245
55.80235636,1682.262581,198.8176679,113.5683526,Highway,270.5127896,36.22608021,On,Normal,3,Medium,240.760654
57.63694185,2119.997759,215.7478437,117.3171923,Highway,239.2811788,38.16568334,On,Eco,4,Medium,261.5797252
97.82353784,1219.015551,246.3827015,92.33044476,Highway,17.09825536,39.23100012,On,Normal,5,Low,457.5465358
30.89608923,2342.449568,122.2379422,114.3837983,Highway,120.6086527,21.97980445,On,Aggressive,1,Low,91.75182353
81.28894212,1228.892107,258.5360815,106.6404717,Highway,208.8126667,37.59288017,On,Normal,5,Medium,410.0424752
40.50499489,1288.151771,160.3104358,118.310817,Highway,8.898223069,24.50165767,On,Eco,3,Medium,175.5965489
95.85725206,1159.695705,102.1573664,90.88296624,Highway,70.74413753,27.94533804,On,Aggressive,2,Low,534.7091415
92.28586128,1464.519252,144.0283391,90.78686007,Highway,266.252157,26.90954389,On,Normal,2,Medium,482.9783633
69.99368219,1828.61567,119.0714668,108.1717379,Highway,38.93423019,33.5026008,On,Normal,1,Medium,359.9863844
47.01497804,2481.991167,114.8912652,117.136431,Highway,15.4120513,31.9584908,On,Eco,1,Low,231.5466779
80.75963128,2190.052052,127.8151677,112.982233,Highway,174.1757269,22.1820975,On,Aggressive,1,Low,410.6216967
42.50066541,1570.653704,103.4233955,109.0815823,Highway,283.9393846,35.65645259,On,Aggressive,2,Medium,171.277197
45.20190341,1863.769087,220.2484217,95.49236792,Highway,250.387422,28.79290804,On,Normal,3,Medium,198.3736928
80.13519218,1934.962046,199.1980217,108.7106934,Highway,292.4317514,20.04443687,On,Eco,1,Medium,447.1120107
109.2982757,2234.090832,215.6260543,112.0438231,Highway,226.0569461,28.29006534,On,Normal,1,Low,587.1297246
101.284867,2104.677678,142.4939337,110.1314272,Highway,131.2109322,30.32663151,On,Eco,2,Medium,566.653426
77.44858861,1853.93669,244.7360166,107.0724319,Highway,283.9849319,21.3774937,On,Eco,3,Low,398.8403451
73.0829415,2003.774541,91.10609783,81.88525007,Highway,127.9899835,23.02270519,On,Normal,1,Medium,378.2385705
109.8707904,2118.876416,197.0728103,106.3885973,Highway,105.0283849,39.87144343,On,Eco,3,Medium,595.1286954
73.79177181,1199.716089,126.1087133,99.13178622,Highway,134.4587753,37.42390804,On,Aggressive,4,Low,354.4063471
63.60932176,1300.683192,186.6263762,118.4627709,Highway,244.1921863,22.66654839,On,Eco,1,Low,321.610345
102.7644429,2032.876433,137.6729221,104.2875953,Highway,275.308065,31.60618799,On,Normal,1,Medium,573.6625268
48.73474367,2275.638343,249.7228236,104.3290902,Highway,107.304633,27.58486594,On,Eco,2,Low,231.7710801
37.80207922,1613.893424,273.9052413,119.7622075,Highway,138.674237,30.87480817,On,Normal,4,Medium,144.0318302
80.72720275,2469.835484,238.2194936,83.74351159,Highway,269.498197,29.41070387,On,Eco,4,Low,433.836387
37.6679707,1324.107599,102.1400911,91.0526514,Highway,14.11309936,20.9629785,On,Normal,4,Low,168.3717411
59.85188296,1625.048923,125.9680556,106.2431776,Highway,235.1606082,26.30840622,On,Normal,5,Medium,291.9423601
63.88619085,1567.784565,280.6459357,92.60945024,Highway,136.2653275,22.51041164,On,Aggressive,2,Low,300.4901015
73.80304536,2395.443911,164.9328306,93.84600592,Highway,112.9555053,29.77936185,On,Normal,2,Medium,366.9967684
109.3327637,1428.067776,285.8832982,115.7057976,Highway,134.0763876,38.1463344,On,Eco,1,Low,565.4386517
47.67853787,1706.186167,154.1884053,103.1741562,Highway,125.6072027,39.91065545,On,Eco,2,Low,216.2840042
60.06051028,1280.850759,288.4259185,84.11462331,Highway,226.9855855,38.88506137,On,Normal,1,Medium,281.4884631
40.57920995,1781.899358,282.1773571,92.43450343,Highway,278.3842567,39.7139425,On,Eco,1,Medium,189.8423524
78.60908208,2286.106254,218.5264536,83.04233506,Highway,147.4367476,20.30492632,On,Normal,5,Low,378.8554
88.21385458,1456.059193,62.11849163,102.2451973,Highway,249.8201357,34.58893957,On,Aggressive,2,Medium,467.8846325
68.56614586,2216.188108,156.0803237,86.93072786,Highway,219.5833607,25.4589762,On,Aggressive,2,Medium,318.2598178
49.66650146,2366.967373,278.6964311,114.284606,Highway,99.20423567,37.31235957,On,Aggressive,5,Medium,183.7754885
79.67106153,1109.436835,272.4264694,103.0925611,Highway,176.1941444,36.27466981,On,Aggressive,5,Medium,372.7110718
73.13261787,2134.636804,104.973072,82.37502568,Highway,200.0447025,28.47349152,On,Normal,2,Low,364.6938609
43.69485787,1383.015154,155.803799,92.03502654,Highway,7.049811567,29.4652135,On,Normal,2,Medium,205.9579202
62.45455204,1262.991494,260.5223827,104.6535067,Highway,118.7866654,25.30183338,On,Normal,1,Low,346.578273
64.81576733,1901.683588,198.6906848,93.41993273,Highway,297.7914528,25.77608072,On,Aggressive,3,Medium,320.0621978
108.6094203,2058.403924,263.351816,100.5270667,Highway,191.1769281,39.62348847,On,Eco,1,Medium,636.6186129
97.94286657,1592.141479,258.3761723,116.3744918,Highway,100.2732208,37.77705777,On,Normal,4,Medium,497.1175342
88.74966306,1058.760561,277.7956817,94.00143882,Highway,75.00721182,23.83737944,On,Eco,4,Medium,486.7788601
101.102162,2363.056786,88.13294117,93.4349145,Highway,62.84448063,25.51049356,On,Eco,3,Low,549.3362845
88.83875247,2096.120375,94.85163395,112.7902737,Highway,120.4924227,22.17295986,On,Normal,5,Medium,456.6674625
102.2721484,1407.50021,79.87416695,92.75026092,Highway,57.97970718,39.77741566,On,Normal,4,Medium,515.7668288
34.36424919,1745.295784,284.4645219,83.11833377,Highway,40.55585462,38.14419701,On,Normal,5,Low,112.3640288
66.48529674,1041.689185,174.0389723,87.23779817,Highway,109.2189853,31.04195974,On,Normal,5,Medium,312.7825955
89.75186682,1508.924173,75.43806804,117.95201,Highway,182.0999078,33.85786208,On,Normal,1,Medium,509.0127222
76.66366373,1783.802853,137.1671766,117.3317117,Highway,43.91975463,34.95893879,On,Eco,5,Medium,370.3892383
44.01329313,1775.835423,144.3390339,88.99248363,Highway,13.30298216,24.07622455,On,Normal,3,Medium,193.9458603
57.23936692,1312.277317,254.2943576,102.1400749,Highway,10.38984542,38.69332675,On,Aggressive,1,Low,251.0198671
55.42195,2165.121049,236.5144541,85.49472402,Highway,80.21527573,30.53485427,On,Normal,3,Low,248.4921256
50.90775305,1448.293238,225.4528919,106.9871051,Highway,57.03968715,21.84903075,On,Normal,5,Low,221.2043091
57.45084428,1870.615035,65.24725262,87.41223184,Highway,161.7766081,27.94165216,On,Normal,4,Low,261.0838356
71.18826308,1407.283338,278.5669911,81.99161692,Highway,136.7160561,32.03293112,On,Aggressive,5,Medium,362.2040073
98.38952198,1637.751809,111.7332641,112.9958723,Highway,97.4299843,27.05646383,On,Normal,3,Medium,516.2685765
89.36261299,1311.271938,210.9747371,93.01601531,Highway,250.0628502,33.98408856,On,Eco,2,Low,495.5242947
96.81997632,1949.511689,74.83657032,84.34089614,Highway,151.4840979,37.64099961,On,Aggressive,2,Medium,497.2932483
100.6882996,1638.37654,79.56626205,113.356158,Highway,27.45899763,35.43784249,On,Aggressive,4,Medium,499.8524589
63.29203649,1024.175957,62.29855107,110.4958991,Highway,88.72930622,32.8531604,On,Normal,3,Low,309.3731885
57.68210272,1042.247491,195.8226347,107.350338,Highway,292.0017799,30.24314963,On,Normal,4,Low,274.0217481
34.60987053,1706.701478,211.0511207,116.4499484,Highway,293.0931962,25.08926972,On,Normal,1,Low,111.7429744
104.4393298,1274.8388,72.11095278,99.56904347,Highway,76.40149066,29.0989233,On,Normal,5,Medium,556.6155938
35.26584144,1877.563072,129.7163723,85.1222599,Highway,50.17083864,25.85905814,On,Normal,1,Medium,146.7453162
89.29084123,1612.287673,264.3490594,82.4538564,Highway,148.7064439,38.68046762,On,Aggressive,2,Medium,442.5635917
60.24866436,1981.629753,84.31400804,92.73764072,Highway,144.4394755,38.14622314,On,Aggressive,5,Medium,251.8556508
105.902462,2428.592761,111.9713195,83.47323321,Highway,123.0413062,23.11652767,On,Normal,1,Medium,609.9201647
63.56816167,1793.104202,161.85389,101.4203776,Highway,158.8071682,36.45240442,On,Aggressive,2,Medium,309.4723854
95.32866811,2181.067905,262.1457846,80.57996071,Highway,69.65861356,34.05829394,On,Eco,1,Low,529.9228526
52.61238657,2129.561494,121.1637731,97.75053206,Highway,34.47880246,39.50423441,On,Eco,5,Low,179.1685899
53.92709738,2382.686656,299.3128837,87.13841159,Highway,171.1384375,29.26613137,On,Normal,1,Low,267.5996694
77.64155279,1321.026801,145.2628352,94.73072175,Highway,279.779399,34.44348743,On,Normal,5,Low,358.560397
109.8386107,2240.990456,152.747678,107.001363,Highway,41.32478299,30.3576784,On,Eco,1,Medium,631.1154427
71.40579344,2358.280568,89.30548902,94.03855084,Highway,211.4444173,21.38800993,On,Normal,4,Low,338.9088208
104.9046909,1589.144471,223.2474962,93.65359549,Highway,131.3690062,20.93529499,On,Eco,1,Low,598.8301092
92.89998626,1470.724292,118.4316439,119.6300293,Highway,88.19297692,22.44222886,On,Normal,1,Low,490.2721087
93.66914513,2428.053865,210.9282229,108.7525889,Highway,255.9327655,25.92382128,On,Aggressive,4,Low,457.302404
64.87679913,1941.449233,113.5578548,100.5544685,Highway,136.9475084,25.18226212,On,Normal,2,Medium,313.1873713
60.92338001,1571.014728,153.0893441,103.175026,Highway,174.9936042,34.56653337,On,Normal,5,Low,284.627094
45.35374465,2187.741581,265.6013021,104.8073053,Highway,132.9168861,34.3184547,On,Aggressive,3,Medium,169.9723189
107.1153014,1456.710852,237.3374188,80.98301596,Highway,24.3748745,39.4278916,On,Normal,2,Low,580.8037453
106.751489,1264.611379,97.10181599,83.21058362,Highway,178.4714061,26.20781651,On,Aggressive,5,Medium,587.2353776
89.76541874,1815.954454,205.8499602,105.9675741,Highway,125.6522925,38.76904168,On,Normal,1,Low,486.7525887
53.70019599,1849.318067,210.8737564,94.57875435,Highway,26.02698182,32.25701207,On,Aggressive,2,Medium,230.0195298
49.61436323,2238.619723,81.73643364,82.21776161,Highway,178.7435203,29.90617422,On,Aggressive,1,Medium,215.5688356
109.0888194,1685.541033,171.793357,91.90052984,Highway,2.961279612,33.35682756,On,Normal,2,Medium,614.9402296
35.32342521,2221.879809,122.560415,85.21133682,Highway,62.55611648,34.05510903,On,Normal,2,Low,131.8081772
97.48514337,1466.984019,172.1112343,116.6525537,Highway,234.3208611,23.43858058,On,Normal,3,Low,523.9593302
58.43664004,1863.052303,246.4970379,88.1170157,Highway,11.37822746,35.03431007,On,Normal,4,Low,230.7935858
63.50957758,1312.709168,97.98229435,85.7476479,Highway,194.0046294,34.50345529,On,Normal,2,Medium,324.2129209
96.5582119,1578.168926,89.59300934,105.0467527,Highway,284.9120839,39.95064568,On,Normal,1,Medium,521.0353743
37.24824128,2286.309547,124.6359588,100.8764772,Highway,51.35773745,38.23895561,On,Normal,3,Medium,107.6227345
58.33357428,1323.98229,288.5461081,103.0372982,Highway,125.1335581,33.69320463,On,Normal,2,Low,283.6559699
106.1619422,2215.359194,239.4778107,97.43792592,Highway,172.6493092,34.24727426,On,Aggressive,4,Low,554.0760133
85.92527302,1424.307487,64.66940708,98.68677244,Highway,135.1247516,38.91971268,On,Normal,1,Medium,454.7188715
90.39513318,1051.73458,156.2411622,111.1519022,Highway,186.1133059,39.34356546,On,Eco,3,Low,454.068284
90.60042408,1164.901855,121.775515,88.79688739,Highway,121.2292576,36.53930394,On,Eco,5,Medium,441.7186392
34.84560665,2118.819318,213.1546964,95.86117211,Highway,44.55123871,35.34787091,On,Eco,4,Low,80.95601217
46.25660746,1393.10639,170.2301888,118.3130154,Highway,26.71330795,22.22731647,On,Eco,5,Medium,220.0293511
69.30106049,1981.218388,291.479646,87.59942805,Highway,223.3329469,36.60644383,On,Eco,5,Medium,338.5143042
59.4520186,2048.798354,112.5548282,91.7509438,Highway,71.58718486,25.06391357,On,Normal,3,Medium,291.3994548
62.87298345,1517.677697,201.0855398,87.66267697,Highway,254.2350938,31.27568592,On,Aggressive,3,Low,296.7019806
92.51579029,1712.378481,228.0504036,80.81981985,Highway,222.9081731,28.10744941,On,Normal,3,Low,500.1529594
31.17433881,1605.650636,258.1354774,90.793197,Highway,14.8359553,26.91214601,On,Normal,5,Medium,117.9471118
82.83935411,2421.023495,157.6730473,81.85869784,Highway,60.36333512,26.20500003,On,Normal,1,Low,420.6955816
30.00881854,1479.923294,224.8612578,86.18740506,Highway,87.59779697,37.10854161,On,Aggressive,3,Low,50
35.04468205,1274.984563,132.7683531,94.5072828,Highway,178.3446746,35.38272241,On,Aggressive,4,Medium,72.62783485
62.66288959,1548.389264,164.5142622,80.82884868,Highway,242.9481001,30.46897505,On,Eco,3,Low,315.2933224
97.27588158,2004.273561,274.9505115,110.1182626,Highway,18.09997655,33.28960988,On,Eco,3,Low,531.5444071
41.59966125,2046.044036,287.9778262,111.8235606,Highway,74.88268556,39.69055901,On,Eco,3,Low,174.5674506
74.36971273,2386.085973,232.5161633,96.4565521,Highway,112.8629287,27.95070272,On,Normal,5,Low,322.8675634
84.28041815,2322.631727,149.8444538,119.3866392,Highway,55.01314638,31.02201212,On,Normal,1,Medium,432.9112722
48.36263073,1432.480781,256.8138696,107.1597566,Highway,163.5876293,30.67047425,On,Normal,3,Low,216.3540913
70.98642042,1682.744873,66.20809961,109.7488699,Highway,143.4007438,38.7194475,On,Aggressive,5,Low,310.4341644
102.9125827,2120.903482,84.65901853,87.69201695,Highway,94.94869262,27.03124835,On,Normal,4,Low,548.0428678
70.97828203,2374.805921,218.7296967,113.4975049,Highway,155.0660661,39.725095,On,Aggressive,1,Medium,320.4581411
42.58584494,1505.747519,129.8996581,117.8018559,Highway,106.7464693,26.09395227,On,Eco,5,Medium,167.6397013
80.22514374,1666.662151,288.3326924,89.45240666,Highway,102.9582202,22.17814071,On,Eco,2,Medium,437.5537477
77.3760144,2349.217406,164.6545469,107.4585718,Highway,79.61865761,23.8274709,On,Normal,4,Low,362.7155809
32.15638078,1537.72581,163.0475569,109.8776419,Highway,162.1313803,28.52442684,On,Eco,4,Medium,109.1513285
37.24755246,1720.769479,222.7390824,92.20676687,Highway,133.2346183,32.995119,On,Normal,2,Low,137.3447543
42.54250841,2356.756212,244.216455,99.0003601,Highway,58.89743524,30.3365044,On,Eco,5,Medium,188.4745537
40.9031262,2203.364827,174.1340972,83.90156374,Highway,3.889878269,27.52556353,On,Normal,5,Medium,152.8406426
50.75726164,1365.146388,111.3602164,86.92379216,Highway,45.27886218,31.24066531,On,Eco,4,Low,222.6450354
66.32842586,1487.192598,245.5940743,82.46282095,Highway,12.85038045,36.77612553,On,Eco,5,Medium,306.7347736
59.73730383,1529.438091,136.884306,102.4066196,Highway,129.4796501,36.77862055,On,Aggressive,2,Medium,275.2343602
101.2519913,2369.10771,102.0265846,105.0105159,Highway,67.52905617,34.52455776,On,Aggressive,5,Medium,521.2864553
78.96875275,2498.400606,211.5936456,116.6447833,Highway,126.1365998,39.04896916,On,Normal,4,Medium,390.487021
100.091548,2161.006453,81.70888008,101.6873924,Highway,98.83496201,31.80409335,On,Aggressive,5,Medium,528.5746627
72.16314599,1726.489454,293.124642,90.42445483,Highway,161.4044432,20.15315275,On,Normal,1,Low,369.7201795
37.18963766,1015.260727,211.7753435,82.37894186,Highway,217.1600486,25.81859266,On,Normal,2,Low,161.1066862
67.06299593,2046.232085,296.614925,115.3981221,Highway,143.7941814,26.56445409,On,Aggressive,2,Medium,342.5980643
95.76260375,1584.041747,141.3344216,99.15432314,Highway,18.59041828,30.94652155,On,Eco,3,Low,516.7588685
45.52830137,1949.479705,293.0892387,109.4928796,Highway,5.253144424,38.09778943,On,Eco,5,Low,176.0018932
37.2971423,1910.040945,94.93493945,80.58597394,Highway,63.96934988,36.76229927,On,Normal,2,Medium,130.2726647
56.35477907,1721.248085,69.76674536,99.52555691,Highway,127.4902534,24.64345971,On,Normal,5,Medium,253.0205785
61.11182645,2416.581097,67.91617451,93.02890493,Highway,13.47150859,30.38780472,On,Eco,1,Low,319.1970877
54.50061411,1034.719518,171.5688889,81.2132509,Highway,98.32014145,33.18297271,On,Eco,4,Medium,278.4006654
40.81926285,2068.198727,79.92100739,111.0269123,Highway,266.1077124,39.75023081,On,Normal,4,Low,129.495183
50.06718878,1614.759802,182.9202922,100.5160661,Highway,27.00570656,20.62605639,On,Normal,3,Low,231.6543197
84.58259237,2070.685676,138.6001208,93.32720972,Highway,284.5549529,29.27754634,On,Normal,3,Medium,449.2067881
60.8742813,2012.829471,140.5509582,112.2319394,Highway,257.0015327,39.76217308,On,Aggressive,2,Medium,255.0679746
80.60395557,1015.357004,212.5461592,97.87693807,Highway,249.5343468,39.54411594,On,Normal,2,Low,395.9304594
72.90430239,1428.007743,99.14352148,80.13991825,Highway,259.0975533,26.61453035,On,Normal,2,Low,386.3078132
73.92423519,1283.637281,243.9728089,117.7779053,Highway,24.01507958,20.00033473,On,Aggressive,1,Medium,405.1636071
49.88396464,1250.479529,199.6874207,90.22730962,Highway,45.35042819,31.7346917,On,Aggressive,3,Medium,206.2344599
71.72344262,2092.715026,279.5867109,113.2230209,Highway,40.31172797,37.33877702,On,Normal,3,Medium,347.5474757
31.88757711,1359.327024,147.5617569,112.6566154,Highway,33.37254323,26.48594448,On,Normal,4,Medium,126.9373582
64.53949939,1712.106422,295.8515981,86.49495725,Highway,98.31336586,38.6853993,On,Normal,3,Medium,304.3656194
75.80982586,1370.483493,198.1986352,98.96010725,Highway,249.0650649,26.65404874,On,Normal,3,Medium,377.1910687
44.55964971,1870.350735,293.6164695,81.60795914,Highway,75.58864309,32.2040264,On,Eco,1,Low,222.8110571
50.5246805,2080.860652,66.49455697,94.18206692,Highway,73.2665037,34.44092146,On,Normal,2,Low,225.0801612
47.56248159,1496.612108,234.7143174,109.2391537,Highway,202.7666272,26.90831529,On,Eco,1,Medium,230.2263771
35.64463642,1904.531272,255.9891658,89.4827788,Highway,29.07753064,27.04412824,On,Eco,5,Low,144.0915778
57.82858569,2237.282162,72.7615888,84.68511723,Highway,108.0839977,29.39989659,On,Normal,4,Low,270.8823707
108.3172613,1141.336428,198.9527194,100.284942,Highway,88.62789205,36.70446856,On,Aggressive,4,Low,552.619275
58.31043252,2066.005899,252.4661505,101.4794554,Highway,254.1902592,22.01701535,On,Eco,4,Low,262.7959768
66.84292975,1484.717417,194.6492941,107.0331573,Highway,154.3503833,32.62958771,On,Eco,2,Low,338.6188346
82.24698008,1183.974935,75.3152617,110.3655099,Highway,193.9420692,33.54695859,On,Normal,2,Low,439.3342219
81.87982009,1818.481311,226.4273378,107.8323813,Highway,38.71030146,31.1574552,On,Normal,2,Low,406.7960996
105.9915984,1339.393479,74.54325952,113.8164883,Highway,278.6754782,38.71676775,On,Eco,4,Low,531.8517995
98.60513123,2232.042689,256.1925348,88.91625857,Highway,96.73564624,32.03981434,On,Eco,4,Medium,534.2619389
93.51605497,1064.343864,70.32820399,102.7906698,Highway,212.0516514,32.69153502,On,Normal,4,Medium,485.46429
106.1301781,1147.979344,92.97537144,94.4038143,Highway,286.387854,31.99520056,On,Aggressive,5,Medium,564.7542529
48.46123084,1781.494189,126.0258217,118.4844943,Highway,152.5946585,34.4403755,On,Eco,5,Medium,178.9052566
79.36433557,1883.412676,212.0075501,97.61118094,Highway,152.2605776,22.70818831,On,Normal,4,Low,400.5222033
100.9757413,2094.829997,294.3261839,118.3885573,Highway,35.17482707,37.88552647,On,Normal,2,Medium,546.3769009
79.93105266,1388.891092,88.27748463,110.7626262,Highway,117.0826669,20.84984646,On,Eco,2,Medium,436.603142
108.193638,2262.640612,94.24984061,108.7385545,Highway,255.7394817,32.8148792,On,Eco,5,Low,557.520785
38.02821711,2429.71351,148.5288952,99.66254848,Highway,40.53195213,32.30961864,On,Normal,5,Medium,176.3880104
65.14644022,1748.558955,260.6925931,97.73512537,Highway,275.2512392,24.16242255,On,Aggressive,4,Medium,297.2601859
108.1890326,2140.797047,172.1354287,101.0619275,Highway,200.1928243,20.81421947,On,Eco,4,Low,555.1116276
60.36544229,1787.272532,137.1865441,91.74532252,Highway,126.2879505,22.77670794,On,Normal,2,Medium,315.4768658
89.16451001,1104.200544,194.6889197,116.1803976,Highway,163.9495256,25.4334411,On,Normal,3,Medium,458.3067507
32.43223209,1489.167269,122.5255674,111.7732262,Highway,45.14898232,37.64211381,On,Aggressive,2,Low,116.3233879
85.58696917,1131.230034,156.2783777,112.0558342,Highway,65.24498794,37.11468808,On,Eco,2,Low,452.1255488
104.7701386,2483.318679,139.8252358,97.32614382,Highway,85.92252812,21.27711149,On,Normal,4,Medium,592.9033144
60.61650282,1343.538868,252.9938454,82.84355793,Highway,115.4538355,25.78536016,On,Aggressive,3,Medium,276.4599598
31.70398703,1953.850629,281.8213743,107.3230927,Highway,274.6565985,37.78632486,On,Aggressive,3,Medium,97.37854629
32.23278435,1426.517653,242.2973261,94.97654336,Highway,110.2707075,24.73318057,On,Normal,4,Low,100.3574489
101.3618645,1979.869323,165.3800582,114.8172125,Highway,157.1505721,39.91930608,On,Normal,1,Medium,540.787632
87.80128857,1315.602536,181.0403946,111.2135375,Highway,48.60784843,25.13680392,On,Normal,4,Medium,459.2815257
38.53491074,2177.905099,90.01768654,85.81312568,Highway,220.7919603,34.78226513,On,Normal,5,Medium,166.6425583
34.36722216,1166.217404,239.2475307,104.0686292,Highway,168.0842547,28.34118347,On,Normal,3,Medium,144.4222675
94.38602909,2342.7256,203.1541631,107.688557,Highway,131.9722374,22.72489104,On,Normal,4,Low,484.8673143
94.78885062,2260.632539,276.5855991,102.7255032,Highway,284.1559397,25.10309227,On,Aggressive,2,Low,511.3852593
39.64174718,2018.211015,108.1466745,100.561687,Highway,267.1952532,33.50236151,On,Normal,2,Medium,169.2895755
54.12163231,1101.121941,242.3342693,89.114523,Highway,197.8533817,26.74112804,On,Normal,2,Medium,276.1418389
92.40208517,1312.853542,224.3211988,89.43627378,Highway,276.5437218,32.08256441,On,Aggressive,4,Low,477.2161057
72.03296568,2289.042394,123.8029281,110.7203255,Highway,169.4345385,24.11062086,On,Aggressive,1,Low,358.4993351
106.5267889,1182.961651,220.1708735,80.74759142,Highway,248.0811455,28.97161944,On,Normal,5,Low,549.2390618
68.48501163,1233.898144,281.8496113,111.1564025,Highway,122.8380493,30.24491561,On,Normal,2,Low,349.0199916
84.15663501,1816.004986,280.424637,101.0719495,Highway,26.0232574,28.25569127,On,Normal,4,Medium,426.998398
70.78266926,1411.26616,232.7103779,117.4489061,Highway,298.2445769,23.95836063,On,Eco,1,Low,356.4489422
105.4372397,1333.11355,71.53754701,119.8928619,Highway,49.68945625,29.23107049,On,Eco,3,Low,589.355798
61.89272737,1863.720148,269.343441,106.5393826,Highway,75.45301178,33.85801121,On,Normal,3,Medium,294.2125448
48.38371641,1558.865015,217.8668657,96.49028778,Highway,48.93101683,39.29811326,On,Eco,5,Medium,172.8366563
56.13070882,1210.839845,134.5042208,99.00343634,Highway,101.2438554,35.79043241,On,Normal,4,Medium,241.3804297
98.22201633,1802.280651,104.9400868,88.16861711,Highway,86.78404012,23.22940963,On,Normal,4,Medium,524.2547455
69.83508508,1580.518605,87.88892712,83.96937296,Highway,180.3306746,25.454037,On,Normal,2,Medium,363.7356357
58.34018428,2101.775161,72.05685582,103.1505357,Highway,298.9380043,21.57647791,On,Eco,1,Medium,302.2587459
73.54080174,1154.133163,240.9847795,112.2198039,Highway,15.75271665,22.71299049,On,Eco,5,Medium,358.9027595
40.65837658,1930.919866,116.6023197,90.47066071,Highway,233.532934,25.0136593,On,Eco,1,Low,188.7949289
30.42874437,1654.73999,65.82070465,96.78611241,Highway,38.39757732,23.99054733,On,Eco,5,Low,119.222318
52.4467747,1609.092813,155.3449564,102.1909465,Highway,5.95050739,24.27298502,On,Aggressive,4,Medium,241.2186716
78.40045758,1348.431532,175.8256993,116.3159128,Highway,191.573046,24.61540453,On,Normal,4,Low,385.9947494
86.93446157,1045.639042,100.6152554,85.54524911,Highway,261.9945687,26.01357392,On,Eco,5,Low,464.2121941
96.12887731,2271.533792,70.57160068,89.47532675,Highway,52.88955199,22.51172137,On,Eco,1,Medium,545.9120845
104.1330848,1489.615129,105.3901159,116.7412181,Highway,102.4841354,25.55669968,On,Normal,3,Low,553.8047473
62.96898776,2021.63656,222.9846628,81.58142373,Highway,50.62506127,33.76823655,On,Normal,3,Low,330.2154568
89.24134396,2421.3811,79.73848254,106.2446254,Highway,271.9522708,24.72802,On,Eco,2,Low,470.0978302
35.97383442,1847.485447,193.2088873,105.5810353,Highway,81.10812973,23.43676855,On,Aggressive,2,Low,138.8549103
34.6023999,1595.720354,95.1388771,95.33017735,Highway,133.4138674,21.35391324,On,Aggressive,1,Medium,116.3620084
39.98383936,1402.41035,106.9654017,98.72658716,Highway,268.4223829,29.99942972,On,Eco,4,Low,172.4723117
65.88552783,2401.065689,154.338692,114.1967181,Highway,165.8607611,36.83965456,On,Normal,1,Low,301.9845506
46.90251508,2023.115227,84.19808065,86.59928253,Highway,279.8549402,21.18033289,On,Normal,5,Medium,192.959763
52.95399536,1997.92209,101.5688407,89.26269913,Highway,277.9351244,30.84652054,On,Normal,3,Low,241.0801887
81.83041388,1639.237488,143.7485787,100.4940165,Highway,138.480306,33.01237831,On,Aggressive,2,Medium,392.7953299
78.02835529,1069.172484,147.802945,58.56904941,Mixed,244.5152039,0.857396943,Off,Eco,1,Medium,434.6984908
54.3895469,1304.642389,248.8473959,76.89164009,City,282.50879,-4.428838632,On,Eco,5,Low,248.5937407
93.37985874,2416.995626,208.3715029,30.33497458,Highway,40.61883454,7.699318454,On,Normal,5,Medium,452.590884
71.67679693,2430.261287,186.5105183,82.11364706,City,151.7393423,3.504455106,On,Aggressive,1,Low,354.6972008
81.04416872,1723.982788,60.8946323,65.69877734,Highway,244.8238394,3.927047983,On,Normal,4,Medium,407.150564
52.25148872,1253.607608,164.5201685,44.4138239,Mixed,370.4867557,1.626473064,On,Normal,5,High,227.1747438
95.13087032,1632.430092,97.85361329,50.84898327,City,356.3933905,5.723832351,Off,Normal,3,Medium,561.2811195
79.94195605,2315.60625,169.0961753,42.03996522,Highway,67.86692611,5.834301205,Off,Eco,4,Low,438.32261
98.98789996,1105.411082,298.0248773,55.46434547,City,244.2031581,-2.931821271,Off,Normal,3,High,539.8354434
42.79612632,1191.802866,271.0893175,49.80036188,Mixed,39.20713302,4.98913975,On,Normal,2,Low,179.3494722
60.45306135,2343.479269,134.551345,62.07019062,City,117.5515566,2.366772815,On,Aggressive,1,High,303.6246067
39.04129472,1623.075101,202.4417743,78.88706651,Highway,238.9081048,4.91100593,On,Eco,5,High,155.6486762
47.24218487,1125.187908,180.502856,88.93651591,Mixed,32.5459006,6.943094168,On,Normal,1,Medium,207.6172842
61.56380036,1208.813616,91.21128125,45.08745844,Highway,355.5448242,-0.643749746,On,Normal,1,Low,317.3912169
101.5665526,2323.672267,297.5535638,36.39049576,Mixed,331.5954602,2.421850036,Off,Normal,3,High,550.3399272
74.56325353,1735.155057,162.0420376,53.74003499,City,189.355989,5.237277852,On,Normal,5,Medium,371.4258063
56.43026646,1244.491462,181.3581689,38.61325657,Mixed,196.701702,7.827991695,On,Normal,2,Low,262.2082841
89.75193303,2341.089632,215.423835,80.05441213,Mixed,352.5451515,2.963491592,On,Eco,1,Medium,490.2617081
31.5746165,2267.918334,105.970688,60.06749277,Mixed,20.17494073,4.375964161,Off,Aggressive,3,Medium,138.459217
59.6073769,1034.535026,113.3343846,67.19774294,Mixed,57.55236788,6.002485745,Off,Normal,3,Low,267.8270551
78.06653573,1871.485162,106.214022,39.03675326,Highway,123.2017582,4.766657088,Off,Normal,5,Low,394.5449324
76.65898431,1366.504976,152.2717304,74.97652895,Mixed,145.7537082,7.250316249,On,Normal,4,Low,339.8205812
78.6046306,1799.703718,107.9224695,88.41490872,Highway,394.978711,-2.013779037,On,Normal,4,Low,382.9594675
46.92006119,1418.902498,282.3350323,58.94311509,Highway,58.98475408,6.80134508,On,Normal,2,Low,221.9567308
56.96633224,1473.814421,231.4353711,87.74743829,City,121.2415523,-2.307625298,Off,Normal,3,Low,260.5604882
104.5252362,1902.778799,275.4805366,32.08296563,City,331.1799713,2.346663587,On,Eco,4,Low,568.4737024
107.9180425,1808.288767,263.6361913,32.14336283,Mixed,313.7418728,1.797654237,On,Normal,1,Low,598.3668904
54.96306811,1592.788597,228.7564684,87.60077465,Mixed,261.9266841,5.807312183,Off,Eco,2,High,287.0478219
81.56029627,1161.351958,118.2590854,72.01593585,City,131.4206972,0.181113902,Off,Normal,1,Medium,454.3587286
49.30374233,2454.135848,207.6765274,41.32138362,City,47.11076736,-3.138622807,Off,Normal,4,Medium,239.2314676
59.48229336,1261.908326,104.7117266,51.83248795,Highway,393.4186179,4.188343893,Off,Eco,3,Medium,300.511974
93.38677575,1949.675867,91.79425164,60.46518408,Mixed,100.5705651,2.886215987,Off,Normal,4,Low,490.6121506
70.0942984,1124.117144,211.8180581,72.15826413,City,337.8545949,5.75188722,Off,Eco,2,High,359.2056216
97.96719679,2032.469249,209.9101424,80.52159361,City,358.0032872,4.862199874,Off,Aggressive,2,Medium,491.6100171
80.29921965,1142.259675,97.58931408,34.95938428,Highway,176.3598662,6.632727782,Off,Eco,1,Medium,457.6403571
80.31369481,1344.262512,144.5826474,69.39444741,Highway,340.3322608,5.908528575,On,Aggressive,1,High,434.6339521
32.71040225,1970.477799,75.90748173,58.60268482,City,111.614796,3.918471992,Off,Normal,2,High,129.1260785
89.97362874,1424.402788,231.7759473,65.85733653,Mixed,355.9644509,1.054195472,On,Eco,1,Medium,479.9933538
108.2293222,1799.276223,296.9989563,60.5118964,Highway,254.3865264,-4.735263753,Off,Eco,5,High,599.536973
67.84228482,1186.75809,237.5774773,57.04158303,Highway,77.74888053,-1.001282997,On,Eco,2,High,351.3597657
42.6864012,1303.600809,262.5965207,42.33076777,Mixed,314.6188268,4.457790401,On,Eco,1,High,207.0464395
108.1582137,2100.663862,174.3223781,58.34015474,City,365.4769326,-4.226460644,On,Eco,4,Low,581.4771597
53.21006999,1052.70829,82.94017948,41.37930828,City,228.1719081,4.835730565,On,Normal,3,High,252.6840386
62.73583646,1167.700315,234.3855654,32.67668922,Mixed,304.1491759,1.712986147,Off,Eco,5,Medium,306.5054239
36.18931313,1322.434028,121.564848,52.42946946,Mixed,317.9189567,6.281215621,Off,Normal,5,Medium,123.4905376
38.86694926,1030.285839,153.1905488,31.49734432,Highway,314.9617534,3.577608777,On,Normal,3,Low,156.35085
47.32525364,1143.068048,228.74382,63.75269778,City,181.7685658,5.379744152,On,Normal,3,Low,179.5660914
73.87728521,1422.087216,277.1482863,34.3435472,City,295.9770455,-2.770437324,Off,Eco,4,Low,406.30614
74.62313615,1139.376177,176.6997718,56.25321854,City,219.4122169,-2.752115862,Off,Aggressive,3,Medium,384.3586827
78.49950583,2299.179145,290.7853375,88.80857024,Mixed,165.8638747,-2.255815416,Off,Normal,5,Low,402.5262278
76.70535656,1099.110686,184.7768468,30.59289124,Mixed,66.32504861,-0.666947028,On,Normal,4,Low,391.9241826
69.61895865,2291.475549,89.40250763,52.01127406,City,363.615257,6.757558978,On,Eco,3,High,354.0082718
94.16789237,2234.290129,184.424099,70.39577136,Mixed,165.9645371,5.065997129,Off,Normal,4,High,519.3123585
104.7119758,1151.142392,266.5506494,39.53501428,Mixed,95.82620346,-0.259640904,Off,Normal,4,Medium,577.0843603
51.58090666,1037.786971,189.1308319,63.64401849,Mixed,96.91830241,6.940252812,On,Aggressive,1,High,232.7441087
40.41549458,1074.988022,239.4612835,45.49142152,City,96.83530515,5.126037042,Off,Aggressive,3,Medium,150.1310177
64.00698351,1885.567097,191.5098268,43.3661215,City,0.989417415,3.528746619,Off,Normal,1,Low,338.8282308
32.11379001,2005.530437,191.0530945,83.69901304,City,175.2876598,0.67536776,Off,Normal,5,Medium,93.78880271
100.6655099,1930.980087,128.3426163,42.19682874,Highway,356.2750348,3.471578752,On,Normal,4,Medium,517.6947507
49.17650082,1812.215278,108.3025163,52.59310265,City,10.05856735,2.711977796,On,Eco,5,Low,204.3791428
73.94373038,1262.026136,126.940511,40.17585029,Highway,382.6389908,5.164256953,Off,Normal,4,Medium,389.1919374
39.20759919,2261.430842,165.8010938,47.03326439,Mixed,71.64921034,-2.067466089,On,Eco,3,Medium,152.9153959
74.26058714,1491.332405,254.3016266,47.58640081,Mixed,287.5497282,6.512511012,Off,Normal,2,Medium,378.467532
33.11947623,2479.267294,258.9578658,49.60638143,Mixed,314.1313562,2.694309622,On,Eco,3,Low,95.67456342
91.50453565,1577.286697,99.21067586,68.46401621,City,294.0461968,5.487861268,Off,Normal,4,High,494.5611187
106.433717,1394.507266,192.6851794,74.55556459,Highway,135.6702425,-0.485063992,On,Normal,2,Medium,582.6834859
54.5580852,2341.376221,159.8466535,60.64018317,City,281.5249266,0.094885176,On,Normal,2,Medium,243.8061412
50.65716884,1851.121245,197.0245742,66.62855886,City,189.1896881,7.184745881,On,Normal,3,High,219.1877363
65.83959773,2082.77566,215.4296129,78.79612482,Mixed,60.87885703,3.085416202,Off,Normal,5,High,334.2255182
79.59789282,1612.598175,127.1068783,89.97363968,Highway,80.3719098,-0.869416126,Off,Aggressive,3,High,405.7770634
45.11699696,2330.373259,280.6181717,57.39035918,City,10.41180893,-3.931951447,On,Normal,4,Low,185.0632822
94.26463978,2376.587819,284.5075572,86.18606974,Highway,132.7881471,0.646586725,Off,Normal,5,High,497.7986102
45.88278507,1655.153397,85.28585821,59.42220558,City,291.195798,6.038076693,Off,Aggressive,4,Medium,178.1623486
30.4379376,1361.085753,228.7244355,76.91998515,Mixed,387.6193139,-1.731386519,On,Eco,5,High,98.56336685
71.94004669,1971.507077,67.97569481,64.39338271,City,53.42327819,6.183731471,Off,Normal,1,High,394.5676954
39.21197689,2431.876501,71.1753115,83.04235351,Highway,141.3123484,-2.898589727,On,Normal,5,Medium,122.8759904
85.85909803,1933.669689,289.8719794,56.9221921,Mixed,72.59940829,-3.310877744,Off,Eco,1,Medium,481.6543096
43.39759967,2431.333658,226.7647524,71.74890008,City,304.3548686,2.873997078,On,Eco,4,Low,152.2940489
95.39043164,1515.711947,137.8899912,57.97891315,Highway,367.8335189,5.460292931,On,Normal,3,Medium,509.8161419
67.62945063,2372.618606,220.7706403,81.42164408,Highway,45.60055953,5.140688008,On,Eco,4,Medium,329.7228045
75.30223237,1168.850249,263.0004122,89.66212075,Mixed,361.4346182,2.066912652,Off,Eco,3,Medium,396.8236881
44.92681322,1538.251628,269.0168343,44.59889952,Mixed,108.5971781,3.302992528,On,Normal,1,Medium,208.4893358
41.7350462,1741.706852,64.92474697,58.46033779,City,89.22538444,-1.643409221,On,Normal,3,High,179.988521
80.50339732,1979.665507,256.3747218,34.87540079,Mixed,22.65375918,2.165871839,On,Normal,4,Medium,389.0376906
50.43684923,1441.208867,264.7686516,38.45972666,City,32.18731118,-2.299880438,On,Eco,4,High,278.0374036
60.87404547,2386.358951,202.9368492,85.74901093,Highway,27.68990503,7.068660568,Off,Eco,4,High,317.2618318
68.35593231,2355.244314,175.1769225,62.61682659,Mixed,178.5648837,3.814737564,Off,Normal,5,High,344.9581953
48.37068845,2199.004919,86.63974013,53.70696103,Highway,263.4575553,2.340372207,On,Normal,4,High,232.3937057
93.63390484,1171.543787,117.5073215,70.28895176,Highway,73.76829585,-1.78715026,Off,Aggressive,5,Medium,487.31161
105.1539527,1117.436427,177.7164287,63.6096773,City,87.05554078,0.316716428,Off,Normal,2,Medium,614.5630883
64.55145296,1747.197183,267.6191307,47.32306338,Mixed,69.15874363,5.142817637,Off,Aggressive,1,High,370.124527
103.4038708,2148.015634,252.7522456,43.59687038,City,322.6233463,-1.887691545,Off,Eco,2,Medium,606.8519169
100.6146254,1184.853839,179.0230994,65.414385,Mixed,54.87195626,-3.324856427,On,Normal,2,Medium,541.2420848
43.2837783,1962.1562,248.5504855,41.29593067,City,29.36204581,-1.004402676,On,Normal,5,High,174.4784603
43.87055567,1791.783087,243.77601,38.35032605,City,14.68670358,5.328132718,Off,Normal,5,High,193.3903863
68.19240492,2088.98413,198.9636843,49.10325375,City,16.06014034,6.480509086,On,Aggressive,1,Low,346.9679708
72.06857434,1653.062839,112.8781088,81.68046379,Highway,218.6691287,0.386723314,On,Normal,1,Medium,348.9626292
57.29037805,2039.944896,143.5209045,32.20916646,Mixed,37.59409325,5.156350134,Off,Normal,1,Medium,303.4349213
55.03367839,1239.413007,99.37549205,79.99597522,Highway,88.97064237,-0.681087592,Off,Aggressive,4,Low,212.4096813
64.50938318,1321.89141,61.71612154,67.25843017,Highway,333.0707448,1.614277533,On,Eco,4,High,299.8807727
85.23834251,2355.001096,79.32610352,32.42236545,City,387.2431568,-4.737601936,Off,Eco,1,High,490.2716772
36.75149064,1494.062613,242.3101523,66.12233498,City,344.3431645,4.255946379,On,Normal,5,Medium,127.4057844
86.84656028,2478.258722,68.03667618,55.56116429,Highway,383.8410418,4.34324221,On,Eco,2,Medium,476.2838967
104.0992209,1069.306896,155.9646333,80.46765649,Mixed,268.1805395,-3.697351558,Off,Normal,1,High,586.8053341
91.08053671,1743.813722,296.5872796,84.43192264,City,394.8865685,-0.335533139,Off,Aggressive,1,Low,472.8773742
45.33414851,1487.480747,250.8574123,47.18958967,Highway,198.5375311,1.286106794,Off,Normal,2,Medium,210.6547691
36.9984951,2493.947556,240.1482252,77.05020054,Mixed,317.8753101,5.063383809,Off,Normal,3,Medium,138.9104564
69.23043272,2485.052135,125.9301043,48.58816976,Mixed,388.6651144,5.706884914,On,Eco,1,High,395.300786
106.5124871,1352.864938,214.0152517,47.73812744,Highway,283.7164903,4.349063251,Off,Normal,1,High,603.0432501
95.52474299,1400.88532,179.6908434,41.55830044,Highway,382.6879938,-2.193989626,On,Eco,4,Medium,513.482959
75.01869112,2124.508328,209.7178563,70.7093417,Mixed,101.4578389,-0.367570552,Off,Normal,2,High,398.2820175
41.43851387,2334.511647,164.5958686,45.70112874,Mixed,120.1101927,-1.785062678,Off,Eco,1,High,225.9879216
87.10694257,1995.545482,187.4311297,57.89150052,Highway,158.8960532,3.283409019,Off,Normal,1,Medium,467.8312099
95.03985909,2297.063433,297.2150998,78.72768525,Highway,185.8347028,3.415544526,Off,Normal,3,Low,498.3195008
104.8055309,1094.938683,139.0350852,77.5147705,Mixed,358.9618866,-4.789800927,Off,Normal,2,High,588.8577735
78.96929873,1960.792722,111.9486656,81.32655656,City,355.144982,4.512246541,Off,Eco,1,Medium,423.2239352
71.15726517,2050.256334,167.6386663,39.6638708,Mixed,263.1840653,-2.016363685,On,Eco,3,Medium,374.4516725
79.53456349,1285.478595,185.8369225,65.21356574,Mixed,92.92071245,5.417886485,On,Normal,1,Low,420.2701972
105.4602004,2166.955314,80.5509207,84.89039069,Mixed,96.15091274,5.82658949,Off,Aggressive,5,Medium,549.354754
80.25016689,2416.397755,253.4332853,32.52300518,Mixed,252.697307,5.360688649,Off,Normal,3,Medium,426.811005
50.60734795,2346.949738,161.292669,77.67160638,City,201.3551919,0.305469247,Off,Normal,5,Medium,217.7215207
80.89211264,1367.451127,159.1648401,44.77423285,Highway,103.4131237,-0.472070726,Off,Aggressive,1,Low,445.1723609
100.3795658,1485.988957,218.1215627,70.17921572,Mixed,67.29488752,0.6565741,On,Eco,3,Medium,548.9754819
75.36016229,1749.417053,245.57864,73.04430264,Highway,289.0501823,1.854076684,On,Normal,2,High,404.9403159
70.21590624,1237.541776,296.6256647,85.5351095,Highway,325.2926819,-1.75104097,On,Normal,4,Low,307.5921575
88.66953996,2430.929745,101.6447276,60.52796535,Highway,104.5219531,7.111273115,On,Eco,1,High,468.2367064
82.87909561,1242.394945,142.933364,80.89386649,Mixed,169.9690078,1.552844481,On,Aggressive,3,Low,398.2089166
34.53500792,2142.134437,100.3817445,32.71908076,Mixed,285.397669,-4.048438927,Off,Normal,5,Medium,129.2170643
88.02489127,1512.142227,271.4052068,55.23256682,Mixed,187.6886915,7.96362718,Off,Eco,3,Medium,484.3125682
62.60395441,1860.581197,191.6383773,56.37113572,City,384.5028281,1.293352525,On,Eco,2,Medium,334.1668345
105.2718624,1070.760737,264.585623,62.29670855,Highway,51.83968446,7.310855303,On,Normal,3,Medium,569.0300599
107.6642391,1307.517786,296.4540699,58.88042849,City,341.7390938,0.073688331,Off,Normal,5,Low,578.3696555
65.89910545,1666.586857,192.0496034,88.07769125,City,122.4293701,-2.078109566,Off,Aggressive,1,Low,320.0145922
107.5035877,2015.786826,88.35643661,34.71237425,Mixed,274.8187589,4.579441432,Off,Normal,5,High,587.6042058
54.8656412,2166.342889,146.704253,45.90099972,Highway,101.4780126,0.622426076,On,Normal,5,Medium,241.4729269
84.61155372,1045.210777,68.68543134,88.11772689,Highway,386.587854,6.458962029,Off,Eco,5,High,442.0053921
36.00437689,1228.735324,263.8322273,56.71815277,Mixed,20.05370573,1.038384218,On,Eco,4,High,147.9200184
41.59914788,2094.687608,64.29286599,64.26944713,Mixed,205.4285388,-0.601571412,On,Normal,1,High,189.4677005
99.16207219,2219.583139,202.1243976,34.86153266,City,364.2053107,7.566813475,On,Aggressive,4,Medium,522.0057729
101.5027231,1354.857291,85.47198862,47.0430528,Mixed,187.936183,5.794869998,On,Normal,3,Low,551.499173
72.60889536,1344.479571,61.81388193,32.37910192,City,336.1385035,-2.327209004,On,Normal,1,High,389.5382177
57.18187416,1132.044159,121.4761061,38.25029055,Highway,379.9314547,1.35511791,On,Normal,1,Low,295.5061143
66.08191454,1225.440963,192.4445263,67.99888907,City,27.13405146,-3.5268843,On,Normal,3,Medium,324.3251348
99.56995913,1012.023838,78.02109893,75.81734783,Mixed,195.5229238,-3.599320994,On,Eco,3,High,528.1937084
46.87947381,1884.74686,207.5730919,82.20509261,Highway,274.5690203,6.094200896,On,Normal,5,Medium,155.27177
53.5896185,2355.837016,221.2781331,45.08786283,City,332.870996,7.113735495,On,Normal,1,Low,271.2431051
92.83543474,1224.364149,292.727544,49.9718305,City,65.26225853,4.60482471,Off,Normal,2,Medium,507.2197053
104.8215557,2127.165495,275.8888993,64.16390265,Highway,226.714027,7.860077117,Off,Normal,5,High,578.1840394
37.4341872,1860.488029,196.0298646,35.02115181,City,65.16871225,-4.411375072,Off,Eco,1,High,218.4644224
94.30178411,2409.882839,250.4075541,78.40309561,City,302.1587212,-0.69037757,Off,Normal,3,High,495.402835
81.60546455,2197.183784,147.2738596,58.99752352,City,113.8548349,-3.282383967,Off,Normal,3,High,426.6585707
48.46172356,2279.093534,200.5709319,87.93045316,Mixed,107.5272086,5.166240542,Off,Eco,2,Low,246.664261
90.46537573,1958.713229,156.8050008,37.03896054,Mixed,307.920733,6.575369323,Off,Normal,1,Low,508.0775637
88.2332852,2217.004179,140.8900228,37.99742286,Mixed,336.8030071,0.812541011,On,Normal,4,Medium,448.3547934
41.36238492,1526.304255,234.6334766,50.91463705,City,137.3345305,5.779662664,On,Aggressive,5,Low,144.3399594
70.18008459,1313.526392,131.2009306,42.40573196,Highway,200.4410032,6.01908099,On,Aggressive,1,Medium,363.0482832
90.66328663,2368.779957,151.3325448,71.79540893,City,277.384221,-3.184024002,On,Normal,4,Low,466.0704488
45.32353014,2101.503817,148.1211771,86.80862746,City,298.0680661,-0.099186794,On,Eco,3,Medium,211.6705384
67.02128179,1136.054345,268.8968225,35.3942706,Mixed,308.0472028,-2.555632994,Off,Normal,3,Low,335.8188335
39.65928998,2300.364292,100.8970728,44.53417999,Mixed,156.1551022,3.710662492,Off,Normal,4,Low,182.1921474
54.54679392,1523.35591,151.5541901,44.27388888,City,214.5367445,0.035304231,Off,Normal,4,High,295.0548077
47.43559207,1447.416686,273.08875,60.54438384,Mixed,43.81884626,3.681072591,Off,Eco,2,Low,245.1294987
70.40569014,1934.970351,63.67306221,57.12152654,City,379.4206644,6.386391612,Off,Normal,1,Low,392.4992297
41.29722679,1852.897954,287.4880789,73.61197237,Mixed,280.5663534,0.365780468,Off,Normal,3,Low,171.023242
60.65206043,1807.385082,275.7361008,73.95787325,City,150.2210421,7.635008862,Off,Normal,5,High,293.2326457
52.0130324,1382.315775,160.2835551,64.36526781,City,155.8449399,0.311982963,On,Aggressive,3,Medium,227.6614963
89.68391314,2439.660627,216.7260673,65.46133555,Highway,36.19363267,-2.221449483,Off,Normal,1,Medium,498.8142899
85.97358185,2425.181386,297.8559985,80.53898339,Mixed,182.7692668,1.880546809,On,Normal,4,Low,414.1494448
37.59444237,1006.243285,193.1876105,53.81618627,Highway,269.2095788,0.187500939,Off,Normal,2,Medium,153.7676178
106.278711,1506.741444,83.25568595,30.7405769,Mixed,381.0218162,-3.374980393,On,Eco,3,Low,594.3577913
89.57463345,1068.322996,264.8738432,42.78181733,Mixed,259.0345538,-4.698504733,Off,Normal,2,Medium,506.9342711
79.27669566,2275.373149,92.19638749,32.12172664,Mixed,260.2845876,4.672054243,Off,Normal,4,Medium,393.5735131
68.21611958,2329.777357,121.7451973,53.60977337,Highway,314.565566,7.127173327,Off,Normal,1,High,377.3904575
44.23379366,1777.447426,269.6436847,51.47013753,Mixed,203.9220223,0.726168751,Off,Normal,3,Low,204.7106527
106.9612782,2259.517052,121.4470108,35.91779607,City,12.85555364,-4.149707994,On,Normal,1,High,592.039874
30.62867014,2055.040474,238.8206234,75.30153545,City,355.9429899,4.628360421,On,Normal,5,Low,78.63649626
85.39849074,1749.360914,167.4416829,63.18364404,Mixed,160.9885478,6.271935561,On,Normal,1,Medium,438.575932
70.59554596,1545.717098,242.339747,43.54210234,Mixed,393.8658991,-0.79250988,On,Normal,4,Low,331.7533731
102.2065512,1399.337538,115.7645388,75.54756455,Mixed,162.5511481,-2.113801452,On,Normal,4,High,525.9177684
60.45578235,1389.143706,160.695726,70.07587152,Mixed,267.3338001,-0.61826421,On,Eco,5,Low,285.9278568
71.49155352,1843.096576,136.3587213,41.49570839,Mixed,183.9494089,6.808098265,Off,Normal,1,Medium,384.8094329
89.38715135,1250.21324,119.7705701,88.97329984,Mixed,92.96778667,0.433494668,Off,Normal,4,Low,457.7249928
33.80532347,1262.187814,135.4631678,40.64556395,Highway,372.3086072,3.504053092,On,Normal,4,Medium,105.3790783
34.35801928,1015.59001,137.5181277,76.30201584,City,250.8761121,-4.033383736,On,Eco,4,Medium,132.3295978
46.93381991,1919.992089,289.2907665,88.09718899,Mixed,180.2086824,-1.33999419,On,Normal,4,Low,189.5368103
41.71396668,2491.516278,187.9752798,73.53013081,Highway,57.66699243,-2.035663595,On,Normal,2,High,171.1606441
30.51547747,2333.829063,170.8925252,69.94662416,Highway,399.6428287,-4.185884863,Off,Eco,3,High,131.156498
79.83918577,2058.534707,180.7964568,84.19928681,Mixed,358.0582422,-3.432038655,On,Aggressive,2,Low,345.3741665
93.6750374,2178.287947,299.0714343,46.14793163,Highway,169.1140319,0.415856433,Off,Normal,4,Medium,492.3060639
106.5691981,1625.279074,216.8613852,46.62934503,City,68.58292358,2.25406304,Off,Aggressive,1,Medium,613.2451979
65.27202541,1447.119332,228.836794,68.46962332,Mixed,11.87464196,-0.94505503,Off,Normal,2,High,341.2157703
52.37765266,1552.942423,135.2692391,82.92826678,Mixed,60.7340643,0.453521774,Off,Eco,5,Medium,228.6195899
99.1121959,1122.133123,173.1690504,67.0424489,City,213.7716563,4.873403578,On,Normal,3,Low,542.9743793
97.55164903,1950.692797,104.1756935,88.62292538,Highway,326.3169383,-1.786571215,Off,Normal,1,High,517.4302301
79.98745687,1262.297533,224.4454694,43.37413856,Mixed,145.4086822,-4.556408999,On,Normal,2,Low,396.9491227
51.85192309,2144.317317,142.6786862,79.55277617,City,173.5925059,-1.659145369,On,Normal,3,Low,208.0937843
102.6814076,1284.964693,239.5892078,85.6358189,City,189.3087712,6.978217121,On,Normal,2,High,541.0618861
44.27210694,1342.186038,111.1587144,55.62014388,Mixed,7.030563192,-4.765671969,Off,Eco,5,Low,218.1189701
33.49172029,2435.958459,156.8407268,87.7189516,City,70.81639656,-3.323784556,On,Normal,4,Low,95.44949283
93.72946278,1158.093868,173.0842416,42.12885723,Mixed,200.3635159,-4.153952065,On,Normal,5,Medium,514.5495401
75.09272483,1748.263809,99.9660849,87.170036,Highway,111.7573754,-0.099949587,On,Normal,4,High,338.8204319
49.71742537,1094.029761,76.70186267,84.16848357,Mixed,209.3291782,3.420722367,Off,Eco,3,Low,250.4397828
83.67165299,1135.586488,136.0962474,33.96875233,Mixed,43.24003393,6.834474121,On,Normal,2,Medium,439.7899399
91.33732191,1950.250543,190.7741144,61.27989648,City,321.1261134,5.322866887,Off,Normal,2,Low,487.8870569
97.56367611,1946.090895,216.6429477,61.73034309,City,313.497779,-1.74082313,On,Normal,5,Medium,490.4936661
52.57008128,1289.680422,162.0651224,33.41840561,Highway,267.9436177,3.252919257,Off,Normal,1,High,274.9402241
32.0469961,2308.729773,180.0666271,32.37186961,Mixed,212.5759442,3.629980107,Off,Normal,3,Medium,144.2964861
70.8031056,2053.280494,190.3663139,30.30580685,Highway,155.9534422,-3.823337863,On,Eco,4,High,355.8618593
98.48628785,1450.915874,182.8585971,61.47053061,City,273.0613433,0.552745191,Off,Aggressive,3,Medium,525.4509808
46.62570698,1372.579837,81.67885333,57.82893624,Highway,312.7276349,-0.953750817,On,Normal,5,Medium,198.7626133
63.69003785,2131.42788,157.2002479,86.42761161,Mixed,323.436965,-2.957518869,On,Normal,2,Medium,271.0376017
50.51365881,2100.435886,109.0395416,50.53837895,Mixed,139.0322923,-4.237268538,On,Normal,4,High,251.4322796
31.06901211,1223.247867,188.0966338,69.49364373,Mixed,77.57951536,-4.64723495,On,Eco,4,Medium,122.7395788
101.8819277,1523.781773,241.9383005,30.45380488,City,136.7323841,6.163472441,On,Normal,4,High,555.0239392
40.80425814,1325.01587,199.0767118,69.81230675,City,3.090070008,-0.701648112,On,Normal,4,High,166.4892937
91.34136926,1441.216294,113.2372444,84.80760144,Mixed,169.2909327,1.409964349,On,Normal,3,High,477.728244
57.72825854,1431.345944,109.8616525,51.2860774,City,109.3928329,-1.208780005,Off,Eco,3,High,296.7793238
52.21455271,2464.03555,68.8795513,48.84342611,Highway,316.01597,-2.843873779,On,Normal,5,Medium,230.5998092
105.2823109,2125.31706,162.3314117,67.56179189,Highway,269.924936,-1.603095632,On,Eco,2,Low,569.0431344
82.57595894,2170.078073,163.8867687,49.71312393,Mixed,10.39381509,-2.790180759,Off,Aggressive,2,Medium,425.7781954
84.95381295,1416.134748,116.7447229,54.14510253,City,57.71475534,4.85240804,Off,Eco,3,Low,482.930287
90.77223348,1000.790628,243.4220322,46.38699245,Mixed,216.8765356,6.797678265,Off,Aggressive,5,Medium,457.5496503
57.27466688,1087.235507,152.7568072,50.69335238,Highway,247.2389149,0.648521312,Off,Aggressive,1,Medium,300.7383876
75.09315846,1829.49965,220.6563355,70.76463675,Highway,307.5518135,5.698016222,Off,Normal,4,Low,374.3879747
51.61786752,1428.221708,213.6168797,85.34251119,City,387.3142884,0.535229829,On,Aggressive,2,Medium,223.6198388
96.76332124,1289.431901,205.1377095,64.98692854,Highway,280.7678892,0.808163402,On,Aggressive,4,Medium,475.6845605
77.94459034,1074.461382,277.9358785,30.60200694,City,217.9587328,1.306503752,On,Eco,2,Low,401.642611
49.47254608,2313.822609,63.81362779,45.83355371,City,165.7701209,5.663072182,On,Aggressive,1,Low,228.5861742
101.9806725,1900.191021,76.3289546,87.13431172,Highway,295.2771857,7.172221209,Off,Eco,2,High,594.3266953
76.46720004,1161.059822,233.3137561,84.61930583,Highway,373.9005587,4.677760451,Off,Eco,1,Medium,434.448065
69.60244026,2149.606024,144.8462206,36.93883438,Mixed,169.163697,6.549762964,On,Normal,2,High,363.0164275
32.75900691,2133.738387,296.7653749,84.50502378,City,233.8531047,3.355433723,On,Eco,3,High,104.232976
102.7841604,1434.105462,111.9390534,87.87174138,Mixed,82.81376169,5.910345804,On,Eco,4,High,519.2870009
106.1819133,1282.640337,104.0205691,49.47431375,City,342.9867616,2.238707783,On,Aggressive,5,Medium,570.3450345
75.00789023,2220.972814,201.1732379,72.06040856,Highway,285.4106938,5.045175529,Off,Aggressive,5,High,358.6285687
65.40106829,1494.347099,127.0620669,63.59894493,City,141.8828958,4.168269809,Off,Normal,2,Low,354.2058085
58.76520528,2271.142122,141.7183164,50.22297951,Mixed,349.619075,4.740406494,On,Normal,5,Medium,266.710606
51.4438386,1065.47742,281.0458378,39.20014686,City,388.3388094,-1.953103492,Off,Aggressive,4,Medium,202.6222576
75.96234702,1748.933423,66.29824048,52.01521345,Highway,115.4080037,-3.001236901,On,Eco,3,Medium,391.8968621
40.24760424,1269.392922,187.5022608,85.66779429,Mixed,74.65180453,3.489383803,Off,Aggressive,3,High,172.3822248
103.5338887,2008.06722,140.3758627,78.67490253,City,332.7568678,1.277534238,Off,Normal,1,Medium,551.515351
44.07669904,2495.820642,143.0380742,49.84047184,City,232.9721432,4.940580806,Off,Aggressive,5,Medium,170.3691821
89.64106099,1618.766548,119.4741144,62.86052112,City,353.747304,-3.095443695,Off,Normal,4,Low,453.5420909
54.55102179,1150.46582,92.36402083,54.35770072,City,139.0071568,7.320004041,On,Aggressive,5,Medium,245.5487799
48.08568621,1476.509679,68.27559881,57.97427088,City,232.5016394,4.152482533,On,Aggressive,4,Medium,178.0547957
74.62953435,2337.259749,297.0469215,75.67264116,Highway,230.8847713,-4.701142349,On,Aggressive,1,Medium,374.5790915
91.20999849,2148.641536,218.487846,62.58037206,Highway,75.29273511,2.494940074,On,Normal,5,Medium,448.9545244
88.13893352,1348.317493,246.5292736,40.8626678,Mixed,396.7726786,-0.935940276,Off,Aggressive,3,Medium,456.0423933
48.70050807,2430.398079,75.60055183,46.14213767,City,265.6237172,-1.429210754,On,Normal,1,Medium,223.944441
56.44018802,1933.281902,63.56097924,64.06763171,Highway,265.6581414,6.72814078,On,Eco,5,Medium,254.6485442
99.50657464,1252.0741,204.069285,71.5691736,Highway,118.7478558,5.867331965,On,Normal,3,Medium,525.3139224
87.85949956,1858.483214,233.7195334,60.48722564,City,260.1528998,-4.87580315,On,Eco,3,Low,435.7484631
87.01551243,1676.915301,154.7679039,67.21263194,Mixed,333.1904228,-2.638271667,Off,Aggressive,4,Low,453.201063
51.51240611,2229.546512,153.0612261,77.36261709,City,325.4010045,4.353913892,On,Eco,3,Medium,253.0444999
93.36034461,1516.240044,152.2750851,62.72351497,Mixed,367.8900105,6.026478174,Off,Aggressive,2,High,506.3159501
58.67342363,2312.46748,96.66140351,88.631487,Mixed,59.47124596,4.32884908,Off,Normal,5,Low,263.6483621
62.11124161,2217.95558,240.9392427,44.13411911,Highway,73.13097235,1.828953032,Off,Eco,5,Medium,329.6819989
53.00488712,2011.905177,111.6462558,85.18129502,Mixed,284.0674867,7.799503184,Off,Aggressive,4,High,241.2475939
39.71121976,1387.910834,137.858519,44.85958769,Highway,323.0954604,5.364635248,Off,Eco,3,Low,182.9895761
63.63148504,2455.494364,221.102337,61.89867459,Highway,269.7240272,1.083068111,On,Normal,4,Low,283.1941867
31.35516015,1823.00017,60.02513059,57.35440625,City,57.14326934,2.585194319,Off,Normal,2,High,136.335418
66.47281915,2361.270968,243.9017246,52.37299615,City,237.9793579,-4.417352863,Off,Normal,4,Low,303.3897433
88.00051505,1323.594849,275.7827396,87.76408012,Mixed,299.3525771,7.541559423,Off,Normal,5,Medium,453.8864421
106.8596026,2475.067453,72.38817006,46.33809365,City,54.79221107,-0.284396253,On,Normal,4,Medium,589.7922773
36.28905157,2224.088843,201.9897136,70.49214626,City,22.33369188,3.599747362,Off,Aggressive,5,Low,92.63859227
52.50325633,2423.840325,158.0301528,78.24411432,Mixed,101.9192053,3.670352933,On,Eco,1,Low,218.2701899
69.53048413,1318.548598,78.83121393,41.82041074,City,36.30072322,-4.259753575,Off,Eco,2,Medium,396.1582214
43.6310359,1645.987118,223.735437,88.38917558,Highway,59.41575163,-1.543912634,On,Normal,2,High,216.3033792
39.34628177,1146.450883,206.9564694,62.79842854,City,81.34959495,3.530496684,Off,Normal,5,Low,183.0035085
66.18544844,1205.45441,214.2384785,84.8694397,City,212.2767235,6.858047713,On,Normal,1,Medium,324.2016524
76.45844231,1425.937995,255.2388876,69.83286358,City,62.3434325,5.122229452,On,Eco,3,Medium,403.1703232
95.61661812,2427.438491,128.8605541,68.96561105,Highway,241.8728683,2.541799507,On,Normal,4,Medium,507.580089
109.8242737,2000.787522,222.4963371,50.73516535,Mixed,116.2641188,-1.977700038,On,Aggressive,3,Medium,562.3021345
91.9416624,1471.948461,238.3962467,76.23540861,Highway,124.2219795,7.334953082,Off,Eco,1,Low,489.9657459
47.70723616,2431.859978,100.5155915,31.78717903,Mixed,386.959415,0.247688963,On,Eco,2,Medium,223.6268754
89.8382455,2109.59711,289.69605,63.34922893,Highway,322.0610204,-3.051234869,On,Normal,3,Medium,450.0438329
72.97228995,2360.46852,141.5954507,31.92834379,City,169.6569748,-4.718694753,Off,Eco,1,Medium,416.1133031
66.06476606,2390.831191,231.2899744,48.41231237,Highway,178.9817326,7.351962436,Off,Normal,2,Medium,340.9477701
104.8582795,2126.154625,240.9648303,35.77774681,Mixed,45.9170591,5.112900042,On,Normal,3,High,598.1699477
86.16740695,1364.700145,180.9674206,84.6954617,City,337.8166375,-2.187003848,Off,Normal,2,Medium,470.0486904
84.53544588,2494.883433,90.89215347,67.69562199,Mixed,1.595600002,-3.156898994,On,Normal,5,Medium,416.3724499
30.94047718,1487.63626,126.1591038,70.11063701,City,57.79224336,7.473212435,On,Normal,2,High,84.01900141
99.20571931,2007.558624,116.2192686,81.06770546,City,213.6256894,-1.869710748,On,Aggressive,2,High,524.9594144
93.46403819,2267.217542,184.4741592,73.98194852,Highway,75.37133251,1.005180414,Off,Aggressive,1,Medium,510.8288558
53.91535023,1262.726492,122.704529,37.45173457,Mixed,253.1120548,2.941095866,Off,Normal,1,Medium,278.7136533
53.369073,1913.56252,191.2249145,67.0523,Highway,1.456180276,-4.189054649,On,Normal,4,High,230.6634484
34.2782768,1562.759165,129.1696211,88.69024382,Mixed,39.36483323,-0.522367809,On,Eco,1,Low,129.930198
34.0685139,1366.433604,60.23499208,42.84695346,Highway,305.8733915,7.267322256,On,Normal,5,Medium,131.2803482
83.48756108,1017.657719,147.1816161,67.18283587,City,230.6085932,4.104519515,Off,Normal,5,Medium,448.8064691
44.89900903,2307.961096,205.6442048,63.81685885,Mixed,7.783263235,-0.218791961,Off,Eco,2,High,224.5589932
103.883828,1203.822321,245.6872264,53.49876275,Mixed,82.32568274,5.292492597,Off,Eco,1,High,611.8790547
97.39235424,2317.175741,66.80747064,87.27812302,Highway,95.5853334,5.88342857,Off,Eco,4,High,539.673844
57.9108128,1901.035898,121.9951202,51.38402314,Mixed,339.6242288,-3.026868432,On,Eco,1,Medium,275.5974853
60.40548414,1931.583332,296.5109088,35.62082656,Highway,233.0150027,2.625727584,On,Normal,4,Medium,273.0068534
56.18212487,2242.977691,122.8356932,87.75257903,Highway,216.5699028,-0.232190193,On,Aggressive,2,Medium,263.3301919
37.39159306,1764.16172,246.5274376,73.75321241,Mixed,34.68001546,1.589219957,On,Normal,5,High,116.5863929
32.51441261,1535.926852,182.2496684,50.54699254,Highway,262.777892,1.097818657,Off,Normal,1,High,142.1791042
66.17065267,1208.210026,89.32175617,46.83069751,Mixed,62.35562076,1.549712352,On,Normal,1,High,342.5896687
105.4432092,1855.623072,214.416031,85.68159988,City,208.6965433,1.785324485,Off,Normal,5,Low,552.3823324
103.3799457,1829.750581,291.9218045,46.41299856,Highway,237.0541653,-4.099666562,Off,Normal,5,Medium,544.3069969
94.78709929,1440.844729,272.8389679,62.22946036,City,336.7504506,-2.689973508,Off,Normal,3,Medium,507.827767
80.2875942,1900.085388,225.6702691,42.89730427,Highway,322.5788254,2.360568442,On,Eco,3,Low,389.5252204
98.49779254,1659.050329,182.9155841,89.71287683,Mixed,76.04224506,7.168453237,On,Normal,3,Medium,522.4477313
71.20548142,2208.295231,136.6399213,76.17051518,Highway,366.4766961,4.70470586,On,Normal,5,Low,323.1786915
44.41281064,1839.229386,145.6719904,64.05809641,Highway,1.101813176,-1.897638875,On,Eco,3,High,182.0249256
84.73362782,2400.51788,143.0896178,74.74958695,Mixed,132.0502484,-0.297664952,On,Eco,1,High,451.7203529
103.6516828,1776.974453,281.2996754,84.982078,City,26.54658665,-0.64005863,Off,Eco,5,Medium,532.1303937
31.56840779,2331.242955,110.7149902,87.78745167,Mixed,288.3859758,5.003716778,On,Normal,1,Low,88.39757534
50.11552418,1780.787707,150.727162,77.16113307,City,200.0899648,7.638558841,On,Normal,5,Medium,176.7619058
51.2350553,1837.052205,163.6711765,80.9439581,City,69.97723873,-0.379724752,On,Eco,2,Low,268.6474064
37.92316309,1550.211993,158.1362389,53.86763548,Highway,34.05232913,-4.808110953,On,Eco,1,Medium,177.5482724
48.03953771,1600.253685,61.00757948,53.50937971,Highway,90.43368749,7.179471876,Off,Eco,5,High,231.1111629
60.71856623,2399.652231,125.0336585,78.49779916,City,368.3005788,4.791965975,Off,Aggressive,4,Low,259.3977659
105.186834,1334.923603,179.6564526,75.57750833,Mixed,271.0618954,5.846623994,Off,Normal,5,Low,560.4822202
98.82126153,1182.186583,242.5183956,84.05890222,City,96.89627306,-2.287150167,On,Eco,2,Low,533.8061481
105.6804979,2245.316368,196.6737565,37.98058165,Highway,357.4978474,3.393544469,Off,Normal,5,High,586.9487394
39.64574214,1865.3662,152.3668811,71.44878712,Mixed,54.59786881,-1.974786929,On,Eco,2,High,169.7981423
32.24387693,1426.970972,219.6338105,68.85889403,Mixed,275.3767722,-4.848975072,Off,Normal,3,High,120.4644385
38.79065315,1648.60033,219.8143699,77.91119042,Highway,169.9381828,-2.958136326,On,Eco,1,Medium,161.2989767
103.1436508,1787.35784,119.5019239,31.47314309,Mixed,107.3264571,6.996491603,On,Aggressive,2,Low,546.1831847
42.59909108,1888.210385,84.90579532,79.57514674,Mixed,104.9229738,-2.200842998,Off,Aggressive,4,High,175.9326702
75.81093653,2231.576534,252.764042,49.5855992,City,200.3213385,2.606847945,Off,Normal,1,Low,427.2181583
48.20658959,1591.528491,187.147771,71.22732786,City,372.5973556,7.584171918,Off,Normal,5,Medium,223.8444336
31.65083399,2014.75467,102.3659429,66.99357429,Highway,296.9296876,-4.016077788,On,Normal,5,Medium,84.40234466
36.76970737,2252.150461,122.8970558,56.41189925,City,264.8475051,5.503182871,On,Aggressive,2,Medium,166.8151459
86.78376184,2265.660184,243.9418782,74.76165203,Mixed,350.208351,2.768239968,On,Normal,4,Medium,439.4607183
44.58931616,1381.367808,216.7853723,87.67313582,Highway,228.1343575,-0.795802421,On,Eco,2,High,208.9589917
48.33113643,1525.259566,286.8399754,49.4084988,Highway,76.77431432,-0.264690806,On,Eco,4,Low,225.3751715
60.18052007,1892.359051,171.5873796,74.90615299,Highway,390.8667202,-4.646624265,Off,Eco,2,High,333.4235846
82.57932481,2328.658587,72.52479117,48.87222269,Mixed,213.8976027,-1.674141918,On,Normal,3,High,441.407185
67.54979144,2185.66913,228.1014882,80.73918842,City,126.1171851,0.504207088,On,Eco,3,Medium,325.2282604
105.5688173,1875.944352,121.1785812,56.23638995,Mixed,311.2682529,4.319876404,Off,Normal,3,Low,571.5846912
64.73457526,2475.600446,137.7250928,56.95594404,Mixed,185.5982563,-1.427880259,Off,Normal,2,Medium,316.5046841
45.93047362,1658.480844,107.1955809,76.31283487,City,4.984679232,2.544031163,On,Aggressive,1,High,208.0842813
72.89142715,2263.675857,134.1444959,59.77018197,City,127.9785301,4.511941638,On,Normal,5,Low,356.352904
66.07116921,2227.63057,259.0753141,45.99867708,Mixed,182.877569,4.080901523,On,Normal,1,High,354.9455395
92.97106708,2362.057468,198.4111932,89.73221602,City,149.048172,2.673789683,On,Normal,5,Medium,466.3366173
104.8096984,2481.517533,86.19689839,67.21352357,Mixed,220.6980487,2.54248764,On,Aggressive,4,High,550.9342101
96.90361824,1743.545046,200.7848816,68.7089734,City,73.34387236,4.375741772,Off,Eco,3,High,520.1719514
61.12317799,1293.444473,212.0552053,68.79491507,Mixed,228.9743578,-0.638347093,On,Eco,3,Low,286.9405378
47.28928978,1691.343035,272.3576859,83.00154397,City,394.6093164,0.852793732,Off,Normal,5,Medium,189.627139
103.159115,2280.827315,266.3149065,41.03232034,Highway,301.52481,7.560169178,Off,Normal,3,Low,585.6317531
60.87517211,2254.159951,75.0900279,33.54909031,City,273.8197129,3.691824096,On,Normal,1,Low,306.381745
91.61652988,1503.954861,268.0075428,53.20203071,Mixed,80.24402284,1.75859856,Off,Normal,2,High,515.3691259
109.1621873,1070.96021,72.21233616,63.89431083,City,232.7095765,2.518057076,On,Eco,3,High,582.6609658
76.19541452,1764.763147,96.98927621,47.14257727,City,327.8700623,-3.642425781,On,Eco,3,High,381.0657061
68.39043747,1711.151394,86.7720005,71.35242027,Mixed,96.25537668,2.695853825,Off,Aggressive,4,Low,324.4786027
85.9896626,1128.645967,103.6073377,34.43495874,City,34.71394962,5.874486591,Off,Eco,2,Low,495.575458
45.51447846,2192.334934,252.7828786,77.44256827,Highway,264.7058814,1.807003958,Off,Normal,5,Medium,175.9556056
69.0591791,1425.385411,224.6686427,73.08516118,Highway,269.4352604,-2.700329186,On,Normal,2,Low,356.4518389
54.98646057,1968.628138,224.870985,42.83668723,Highway,321.7556348,0.826728862,Off,Eco,2,Low,273.3682996
43.13822965,1152.231794,281.3106285,47.90725432,Highway,251.8259018,-1.385690995,Off,Eco,5,High,207.6066558
78.81092392,2291.054759,154.0442478,78.42012269,City,339.2276624,-0.323369127,Off,Normal,2,High,409.6516437
76.05648684,2108.911755,60.78898635,76.40027058,Highway,106.4387712,-2.074883009,Off,Normal,4,High,409.97934
90.89628798,1582.634063,213.5444285,78.82596944,City,14.11319564,-0.659153025,Off,Eco,1,Medium,540.1409226
99.83760994,1944.233424,268.3378527,49.33457069,Highway,293.1162398,5.68207815,Off,Eco,2,Medium,573.6931033
47.63007888,1281.180839,294.3024433,88.17427101,Highway,154.3758192,4.850180139,Off,Eco,1,High,237.1156247
92.37621216,2478.133736,147.3342553,72.92029376,Mixed,83.85192452,1.377008501,Off,Eco,4,Low,483.9003457
59.39081286,2194.162063,257.3165252,33.91204724,City,20.65524982,5.172523861,On,Eco,4,High,285.1818547
80.30444814,2183.410005,263.8146514,58.66409124,City,302.1504566,7.682347392,On,Normal,2,Low,401.1994168
98.01920221,1230.070326,94.66508186,69.87282273,City,330.5292757,0.279878585,Off,Eco,3,High,538.8562871
50.49480922,1026.600287,211.5596533,40.11901154,Mixed,155.6091463,7.739833483,On,Normal,2,High,259.5849103
78.07690272,1878.057052,101.5536238,84.1061356,City,354.0372232,-1.803220056,On,Eco,1,Medium,410.2105367
68.42551018,1216.180918,167.1913964,75.24652207,Mixed,166.2226393,7.408991636,On,Normal,4,High,336.1394993
93.24618348,2170.650185,271.0240606,34.88590606,City,380.6192115,6.23763925,Off,Normal,1,Low,501.0268065
85.77930392,1624.11421,249.4721069,84.79188649,Highway,393.2835371,-2.411297527,On,Aggressive,1,Medium,429.3821597
91.57054687,1507.891373,196.8814697,54.26218081,Mixed,327.0505605,-0.452034461,On,Eco,5,High,487.4116386
53.03545037,1110.473894,254.0901994,57.14816865,Mixed,102.4931358,4.20297411,Off,Eco,4,High,262.0419447
86.34850353,2494.09762,96.67860212,76.98648963,Mixed,146.5298415,-2.508925918,Off,Aggressive,4,High,448.1716986
78.46446994,2434.016171,106.7806482,68.639861,City,213.0620232,2.679184935,On,Aggressive,1,Low,384.7008867
66.53443648,1197.395362,110.12755,56.25172171,Highway,131.4722004,1.952492677,On,Eco,4,Medium,345.2762653
60.26749523,1499.217406,246.2432533,45.57747946,Mixed,327.5719187,-1.205636934,On,Eco,2,High,308.3272631
56.52800246,1586.181307,273.8317211,61.01374392,Mixed,371.0192642,-1.093065284,Off,Aggressive,5,Medium,241.2528928
30.7739489,1445.201617,195.0807169,64.75078484,City,394.3150848,1.712007518,Off,Eco,2,High,141.3236164
43.5646841,2401.702839,289.9131899,67.85594086,City,134.5191251,-1.101957779,On,Aggressive,3,Medium,169.7762899
34.71825698,2082.012744,234.7272603,66.30379498,Highway,108.0976282,-2.656688958,On,Aggressive,3,High,130.4643362
97.86860341,2433.874608,195.2841201,67.03820978,Mixed,64.42715255,5.05366306,Off,Eco,1,High,545.1752133
98.80710963,2311.758104,206.7817264,58.5442557,Mixed,18.98501239,2.562900763,Off,Aggressive,3,High,522.3986908
97.69546694,2131.812279,263.8881968,63.71327034,Mixed,70.80591264,0.689268527,Off,Normal,2,High,547.9339733
95.43358115,2045.450661,81.64336978,47.31829108,Mixed,113.8033143,-2.643781398,On,Normal,3,Low,493.0562702
47.70643628,2299.243736,100.3241969,39.50249492,Mixed,156.4249783,2.726751211,On,Normal,1,Medium,225.8883589
69.34289396,2026.224845,123.9107961,66.41614115,Highway,43.88434383,3.171885667,Off,Eco,4,Low,360.0521146
102.6275018,1283.079698,274.7462054,32.81992151,Mixed,328.0939067,1.236823075,Off,Normal,5,Low,538.959102
90.78254352,1972.189775,286.7867931,33.91241781,City,247.6152661,-0.154387635,On,Eco,1,Medium,506.6601322
30.14562288,1772.50246,145.4809316,44.83895977,Mixed,225.0537929,6.274207517,On,Aggressive,1,High,100.0112999
66.75412611,2472.842016,281.7257342,41.65962075,Mixed,218.1102426,4.162527494,On,Normal,1,Medium,317.9068838
30.85361594,1764.948321,191.2434722,52.44678789,Mixed,115.9835243,-0.369771371,On,Eco,2,High,126.1762293
52.45288376,1057.682475,173.5856986,52.27732877,Mixed,375.0171641,2.710175837,On,Eco,4,High,238.0949196
64.8609953,1396.284266,259.8635227,37.01132734,Mixed,92.69371385,-1.961495243,On,Aggressive,1,Low,309.728783
101.4319434,2376.072641,191.0600249,44.79018057,Highway,267.4710146,-4.850890443,Off,Normal,4,Low,548.097518
82.35074273,2443.534496,169.0757517,30.27415018,City,101.2429353,6.295014956,Off,Aggressive,1,Low,451.6315254
58.99876524,2092.747865,63.83124102,51.05782861,Highway,395.8478712,5.645557361,Off,Eco,2,Medium,301.6342667
69.2523922,1085.295848,63.09543898,77.78611065,City,364.6653632,3.312241547,On,Normal,1,Low,353.8884665
95.39115909,1035.312082,210.621936,45.96959931,City,105.8226238,5.547077221,On,Aggressive,3,High,487.7425317
53.97244793,1719.392504,77.6200634,68.60088876,City,394.9881708,5.150693915,Off,Eco,2,Low,262.2998804
79.20278204,2499.50846,236.8668741,35.89531073,Mixed,250.383761,6.183330993,On,Normal,1,Low,435.1087284
50.97975071,2303.945106,209.3619512,30.73708031,Highway,291.4215926,6.594232328,Off,Aggressive,1,Medium,240.500465
68.39707498,2399.661431,169.8550879,59.90379132,City,113.1663826,5.644442171,Off,Normal,1,Medium,364.6000258
31.97268028,1935.312257,230.3528743,57.68904457,City,86.38755858,6.072733248,Off,Normal,3,High,121.240117
98.18202556,2288.687092,298.3371227,41.4911519,Mixed,343.2276207,1.522045342,Off,Aggressive,3,High,551.6637963
33.86790652,1479.547562,119.1256257,47.19509738,Mixed,110.0766356,4.204096673,Off,Normal,1,High,149.3127388
47.94883999,1041.046005,193.693368,31.84028442,Highway,367.0117547,-0.667793605,On,Aggressive,3,Low,221.4172044
56.68095032,2377.375942,262.2854175,77.8679926,City,146.6582397,6.19471437,Off,Normal,1,Medium,301.8354318
80.01288934,1327.645937,64.04997709,48.07696178,City,3.65894839,6.161678271,On,Normal,3,Medium,417.754757
87.60267725,2092.729532,108.8419989,43.16738517,City,236.8652051,-4.140147773,On,Eco,4,Low,467.3988446
36.43608338,1988.450972,185.0300775,78.27946206,Highway,141.4505645,-0.488741985,Off,Aggressive,1,Medium,178.3104911
33.47723887,1237.245323,192.539046,32.35642199,Mixed,390.3894368,-2.77121756,On,Normal,1,Medium,128.7186888
93.91919093,1293.668495,80.71998337,47.07154902,Mixed,154.6867271,-3.234600835,Off,Eco,5,Medium,513.5216343
86.97332271,1493.608722,157.7830862,45.76514772,Highway,125.7873659,0.39360606,On,Normal,5,Low,435.4700504
96.52402834,2135.395979,184.7483419,45.77835687,Mixed,226.5578653,3.133598163,On,Normal,2,High,511.0976758
84.12306121,1058.866367,161.5141677,30.68974555,City,291.9550738,-0.531564701,On,Normal,4,High,430.7768118
90.08098163,1610.60311,228.1431014,86.08030314,City,386.6066363,-0.9802054,Off,Aggressive,4,Low,457.4350045
60.32307064,1997.669809,245.1273333,81.84871194,Highway,27.84592535,-3.772051303,On,Eco,2,High,333.2833064
77.21474563,1257.206419,170.4627886,54.86958341,Mixed,167.8034478,-0.02204274,Off,Aggressive,5,High,373.3791376
94.43138743,1179.125909,162.1583347,56.72609612,Highway,265.4710379,1.122710189,On,Eco,2,High,517.9988029
43.76940275,1585.318362,229.287281,61.44925471,Highway,1.987558736,0.183177889,On,Normal,5,Medium,163.8186645
63.82583687,1429.838827,193.2725661,58.69895236,Mixed,195.6131428,3.841096192,On,Normal,1,Medium,327.4470557
89.23918148,1973.643496,268.9054672,76.74802148,Highway,322.6126799,-1.253944305,Off,Eco,2,Medium,499.1629817
72.61092574,2454.352805,175.4750763,59.30519572,City,20.34865979,4.308554456,On,Normal,3,Medium,341.8545285
84.53259623,1006.703404,197.8385942,41.32948023,Highway,136.2187517,6.476000972,On,Aggressive,5,High,422.910674
53.42953567,2353.569869,90.91324875,37.01831321,City,160.367328,2.686123887,Off,Eco,1,High,264.7114997
32.58739611,1649.834555,260.639338,85.096286,City,286.5139123,0.052809544,On,Eco,3,Low,125.4609925
32.33166238,1996.011594,161.3501116,32.90295955,Highway,118.287588,-2.663992504,Off,Normal,3,Medium,111.4056699
105.4224941,2276.540549,232.5751903,83.85363261,City,98.50710488,7.121508453,On,Normal,4,Medium,536.3409611
105.5632035,1860.187992,163.0758598,71.42875153,Highway,46.20155282,4.774122991,On,Aggressive,5,High,548.226702
46.9025872,1145.967741,60.24293514,54.28228117,Highway,398.3518117,-1.796265508,Off,Eco,1,Low,229.1549817
41.79725264,1210.892764,156.0984601,41.23070692,Mixed,188.6664756,-3.041747787,On,Aggressive,5,High,159.553893
31.45118671,2183.920063,95.40052682,48.62893268,Highway,19.28470348,-4.358967232,Off,Normal,1,Medium,166.0710206
48.50054851,1343.647347,155.667619,61.79242193,City,30.61317837,-2.522811292,On,Eco,5,Low,220.2687726
56.74811529,1853.556424,137.1225457,69.41105662,Highway,51.18165226,4.520877862,Off,Aggressive,3,High,265.1723782
49.29941069,1642.120769,108.6113709,71.4883455,Highway,84.69777381,3.183936693,Off,Eco,4,Medium,231.879468
93.79073122,1455.458474,89.70530332,56.8376227,Mixed,296.1701008,7.576676463,Off,Normal,2,High,503.5729421
89.95443994,2180.451346,234.8546933,52.4384456,Mixed,223.4752837,-0.814377552,On,Normal,5,Low,464.0316864
36.48113157,2096.824978,241.1664726,76.09904946,City,310.6637673,5.225802499,On,Normal,3,High,140.0455098
85.78572865,1969.163327,123.5994013,85.52480624,City,7.927289743,-3.434033591,Off,Normal,2,High,454.2894769
71.64680959,1559.007053,178.8456539,84.86790064,City,106.0463911,2.313575071,Off,Normal,2,Low,373.2694577
40.57328851,1339.705486,171.3770274,63.09724627,City,162.2102505,1.068280038,On,Eco,2,High,161.9810585
89.16283444,1773.842426,145.2594171,34.74121906,Mixed,171.6054931,5.896592844,On,Normal,3,Low,470.0450793
36.88364521,2225.65615,126.6329236,34.3973887,Highway,21.4240469,4.120842013,On,Aggressive,1,Medium,167.2874134
44.17205326,1863.497456,104.6476182,54.16534168,Mixed,204.6081289,-2.473900057,On,Normal,2,Low,196.982611
41.93811852,2455.209465,269.4942288,73.97121089,Mixed,114.6494166,7.790498035,Off,Aggressive,4,Medium,168.6286306
105.1226723,1023.156232,259.994997,59.84064209,Mixed,76.58923486,5.700863502,Off,Normal,1,High,615.637654
85.85248026,2497.520172,160.1230585,67.64173825,Highway,268.4646158,-0.389804946,On,Normal,3,Low,426.1909374
62.90287433,2037.11357,233.0883016,80.5991439,Highway,33.53981228,5.738393312,Off,Normal,2,Medium,289.637876
95.77633207,2249.011026,179.5996998,32.42013502,Mixed,346.8030434,7.439838352,Off,Eco,3,Low,551.5189902
47.27675276,1502.428552,80.49198367,85.42899501,Highway,359.9301376,6.573665213,Off,Aggressive,3,Medium,212.2456934
104.4874623,1762.511992,257.373722,49.85384342,Mixed,130.2145887,2.230729906,On,Aggressive,2,Low,557.1907737
85.75978567,2195.483872,112.6251706,32.80724145,Mixed,394.7598545,2.502921763,On,Aggressive,3,Medium,434.7192609
74.76645128,2140.974209,229.6362026,80.12571217,City,160.506659,-3.614215868,On,Normal,4,Medium,371.0646544
93.5718759,1501.051643,186.5755116,86.04924156,Mixed,384.926123,-2.858815148,Off,Aggressive,4,Low,486.8941097
81.58247851,1486.615353,225.7295928,76.11732071,Mixed,394.7513756,7.773912301,On,Normal,5,High,396.3222745
100.968742,1994.216804,173.0887334,78.27092659,Mixed,330.7640872,5.007272225,On,Normal,2,High,557.5575044
96.33221281,2400.488772,228.6146756,82.27850122,City,49.93229249,-4.668408965,Off,Aggressive,2,High,530.5878105
45.8264404,1658.178986,67.87501271,61.34181189,Highway,233.7677113,2.118056378,On,Normal,2,Low,186.9771837
49.17310404,1529.412699,69.80470538,70.82777279,City,292.7680501,-0.511140775,Off,Normal,5,Low,241.9763841
35.2077931,2342.030554,275.1215917,47.18709492,Highway,30.98580686,-0.950331665,Off,Eco,4,Medium,143.1033945
47.61591337,2024.584092,239.9265638,44.9820309,City,357.4567506,2.235849323,On,Aggressive,4,High,164.9606205
57.4791092,1582.41397,258.8322048,66.5365588,Highway,340.7218489,-0.838039426,On,Eco,2,Medium,261.0044231
32.30618841,1085.914346,169.5804929,74.07646598,City,373.5425674,-1.729790915,On,Eco,3,Medium,131.5357025
55.1970037,2082.233908,170.3152469,53.82843347,Mixed,205.7184363,7.191606789,Off,Eco,1,High,317.2524483
91.72366733,1529.329736,188.1609685,54.01746483,Highway,129.7218508,-4.481856334,Off,Normal,1,Low,495.1698813
97.22620784,1105.849297,118.4788912,87.25401408,City,202.5379337,0.670223041,On,Eco,2,High,519.901144
30.7098632,1918.433631,236.0405996,61.10762363,City,291.7420937,1.645419377,On,Normal,2,High,101.0042002
30.57176306,1484.510306,259.0690568,89.17705655,City,166.4820725,0.719373248,On,Normal,4,High,101.1037076
41.70456866,1507.684762,277.7337822,81.77056,Highway,140.7051089,3.544266095,Off,Normal,4,Low,153.0999434
99.80616486,1718.755196,184.0881236,68.37945904,Mixed,30.82228842,-4.666211754,Off,Eco,3,Medium,570.5656748
67.54224409,2076.212151,159.4983614,30.54813558,City,178.8945971,6.504979742,Off,Eco,4,Medium,360.0556824
108.6321661,1414.495716,259.4239786,47.7555097,Highway,157.1559118,1.502759084,Off,Aggressive,1,Low,596.3873676
100.9865173,1121.418874,240.6397872,55.05862707,Highway,265.3168561,2.197767873,Off,Normal,1,Medium,562.3405961
101.2102491,1636.638582,268.1455727,69.16889458,Mixed,175.4979946,1.016024106,Off,Eco,4,Medium,553.0316898
40.27811455,1082.388135,217.3754538,53.73138439,Mixed,1.615500782,0.778610779,On,Aggressive,1,Medium,164.5754252
68.01834794,2045.902765,271.9951928,79.6694331,Mixed,193.741525,-2.572907729,On,Eco,1,Medium,339.8450295
109.4872478,2438.865202,81.36999985,69.77431629,Highway,309.4859088,1.557141592,On,Eco,1,Low,632.1545939
41.92353842,1988.138211,223.0947786,50.82960512,Highway,378.121865,0.477514043,Off,Normal,1,High,213.1489576
75.93867629,1413.085675,81.31082124,77.06604284,Mixed,77.18231763,1.08555284,Off,Eco,5,High,410.0299264
57.54239936,1272.553581,239.7378344,48.18541886,City,169.0143601,-4.820198551,On,Eco,2,High,295.3579621
61.0286512,1349.175357,210.8265288,33.76719643,Mixed,338.9843132,-3.298384732,Off,Aggressive,3,Low,300.2495179
101.2634003,1332.415005,63.83808518,40.35337718,Mixed,17.13850871,4.921226944,Off,Eco,5,Medium,556.2843232
77.03220554,1470.745759,203.8226367,30.16442957,Mixed,139.9581307,0.448351776,Off,Eco,3,Low,436.9991996
90.70211115,1146.020017,95.10715405,79.94101681,Mixed,236.4323335,4.657791125,On,Aggressive,5,Medium,442.3747726
83.8587518,2343.578586,94.17874075,67.62650975,City,137.0064219,-2.775553606,On,Normal,5,Medium,402.9757668
72.32125525,2327.680743,96.1111228,64.23415865,City,195.7545157,4.076733969,On,Eco,3,High,333.457489
93.3368959,1922.85438,176.1176645,69.72289527,Mixed,375.6430806,-1.241548575,Off,Normal,2,Low,490.5086112
107.6586325,1092.88055,87.72486097,69.2158995,Highway,9.570600181,4.166581168,On,Eco,4,Low,575.429534
107.3455643,2206.001111,90.15737963,63.92999645,Highway,31.16586133,-3.871811251,Off,Normal,5,High,584.5693661
93.15616008,1092.682876,121.4803167,80.54460274,City,78.78520156,-0.66266089,On,Normal,2,High,479.3108782
68.98638046,1159.631836,60.20597372,56.4568206,Mixed,153.9596383,-3.448366612,On,Aggressive,4,Medium,291.2060817
43.05271674,1487.944589,126.1895441,78.28856683,Highway,188.3159499,3.185374701,On,Normal,3,Low,198.2188773
33.55764072,1647.205476,208.417864,77.19802108,City,14.66859304,0.103774896,Off,Normal,5,Medium,118.9791342
48.51559747,1530.833435,204.3769345,41.97029015,City,353.0262674,-4.034399954,Off,Eco,4,Medium,230.1768435
57.22063997,1247.844671,292.6880756,57.22580278,City,303.4359451,1.842757417,Off,Normal,2,High,296.409514
40.38796927,1168.194577,88.71121896,80.09593344,City,107.2041228,-4.676339002,Off,Eco,4,High,168.0681946
47.98122637,2289.12284,267.7371196,79.85131151,Mixed,102.7072937,5.640209647,Off,Normal,3,Low,230.2996115
36.68363716,1544.771839,153.8855424,31.44039373,City,10.2341804,7.19850192,Off,Normal,4,High,156.6824011
71.89415777,1327.899067,152.8887091,43.38300735,Highway,159.6528251,5.530920264,On,Aggressive,1,Low,349.3965233
40.10545529,1730.487035,143.7146121,55.4324638,Mixed,101.7921268,7.369575857,Off,Aggressive,5,Low,140.8294447
89.42149039,1055.235101,89.93676755,32.8292612,City,247.3679895,6.66245214,On,Normal,2,Medium,468.9650795
56.61198225,1900.421773,174.8412089,45.63747737,Highway,219.1532248,6.634095216,On,Eco,2,Low,261.3589412
83.76501714,1372.73438,248.9707126,45.49799033,Highway,382.8532798,-1.809278324,On,Normal,5,High,427.2903671
100.6015548,1897.294621,270.1037777,42.87410292,Highway,318.0975914,-1.99480521,On,Normal,5,Medium,529.3200748
36.8813234,1921.187747,291.086222,53.79953872,Mixed,32.34588154,5.522500412,On,Eco,1,Medium,147.8612483
109.120063,2213.836287,248.4701966,78.78064644,Mixed,281.714798,1.388000743,Off,Normal,1,Medium,606.0208401
81.61946739,1344.857133,209.5420094,44.64681847,Highway,42.84604713,7.250063182,Off,Eco,2,High,465.077522
34.26927483,1695.196958,179.4081071,64.92403872,Mixed,129.235108,6.664363313,On,Eco,4,High,122.8414028
55.12017855,2442.831007,269.9753404,63.45468362,City,222.0071246,6.611317238,Off,Eco,5,High,278.9548082
100.8996119,2090.687266,237.4832656,79.07544497,City,198.2870369,-0.760443483,Off,Aggressive,1,Medium,571.0836784
77.69868835,2463.015712,98.70196223,53.63996433,City,277.3339011,-3.272271028,Off,Eco,1,Low,435.2407588
52.97778938,2391.04857,223.8121183,43.41411709,Mixed,324.0113401,3.813270529,On,Eco,1,Medium,263.6816178
105.2395668,1916.122895,163.4492635,83.49123894,Mixed,331.7541766,0.727498466,Off,Aggressive,4,Medium,541.5789133
92.98020563,1395.895534,202.9919226,79.97682379,Mixed,23.33350465,7.141252119,On,Normal,2,Low,465.4210744
88.84307969,2135.386235,275.6047401,67.29022078,Highway,256.6622619,6.100204793,On,Normal,2,Low,447.6800117
101.0741696,2047.178869,216.6169317,35.59436257,City,384.5511786,7.07477748,On,Normal,1,Medium,563.181758
91.58239558,1883.335181,285.2938284,30.96706975,Highway,302.0083816,2.382261403,Off,Normal,4,Medium,480.0713437
52.93906826,2046.743843,267.9287221,40.95747727,Highway,207.9612084,1.840960724,On,Eco,4,Medium,262.8004117
76.71088604,1920.379622,90.93630028,41.79831351,City,399.4158665,6.012086329,Off,Normal,2,High,410.6433782
97.38289342,1779.068535,62.79645931,38.17484505,Mixed,17.59282181,1.654570432,Off,Normal,5,Medium,509.3320757
44.46784854,1623.933223,152.2587381,45.73088228,Highway,35.26115109,6.700374955,On,Normal,1,Medium,208.2032502
43.04186236,1067.062562,267.6791972,50.27331368,Highway,307.2568329,-4.552431252,On,Normal,4,Medium,158.8022651
42.71809981,2298.531879,115.2302383,75.26630398,Mixed,219.8991304,-0.335736606,On,Normal,5,High,170.9380192
45.54042197,2298.310874,225.9359813,72.57132832,Mixed,49.76977766,5.852837305,On,Normal,3,Low,173.2675175
38.25846525,1891.07098,174.2388886,36.2627593,City,150.125022,-2.270641905,Off,Normal,1,Medium,156.5786481
97.0103216,1401.826458,239.0586625,88.62641841,Highway,25.71545261,0.186570566,On,Eco,3,Medium,509.0988316
95.46545763,1042.196566,99.59445095,75.12835525,City,210.568112,-4.869446193,Off,Aggressive,2,Low,485.4314748
42.10951935,1002.143206,117.3818494,39.80599557,Highway,41.62776041,-1.077664537,On,Normal,2,Medium,197.1960815
86.44297414,1109.361085,118.2058727,37.46979426,City,2.759438197,-0.85770625,On,Normal,2,Medium,476.749479
80.15804474,1539.82949,191.6317952,35.25281318,City,128.9696508,4.523095427,Off,Normal,4,Medium,416.9575589
52.09554125,1282.593919,129.5098699,73.90732,Mixed,93.54706007,3.805322952,Off,Aggressive,4,Low,248.1579639
48.1894747,1397.587128,254.8133695,44.17719363,Highway,144.8391107,0.784446616,Off,Aggressive,5,Medium,194.637687
50.04686842,2049.490566,143.2306126,34.37807971,City,140.1826528,4.470541036,Off,Eco,3,Low,247.0653549
88.45044865,2438.724662,218.6042757,55.30965657,Mixed,252.0051543,0.568354462,On,Normal,2,Medium,448.0692831
55.54536531,1310.163765,287.6404527,72.52190588,Mixed,272.0059183,0.649940108,On,Eco,2,Medium,243.8574511
52.23674221,1698.465901,205.6616922,48.27338495,Mixed,50.94360567,3.392207091,On,Eco,4,High,252.4373419
31.79848799,2487.219102,118.1168453,58.95873435,Highway,195.4646268,4.397480254,Off,Aggressive,4,Low,121.6899268
102.6589195,2397.511597,259.3096016,41.56049809,City,355.6605447,6.009756143,On,Eco,4,Medium,544.3957794
90.21633156,1528.474455,63.01020497,55.74891125,Highway,59.36421538,4.76823295,Off,Eco,1,Medium,514.8229588
67.82269406,1479.53357,121.5689187,51.53653389,Highway,386.7498084,3.714096858,Off,Normal,3,Medium,329.8220679
105.4341536,1363.255961,152.9977173,56.03510491,Mixed,7.738068153,2.299207382,On,Aggressive,3,High,553.0476886
53.48257694,1233.104275,107.0349267,57.94269593,Highway,39.88654027,-0.994587978,Off,Eco,1,High,270.7760557
83.97640345,1690.078119,204.9643422,35.5379305,Highway,71.03101666,-1.605910088,Off,Eco,2,High,500.213115
54.41203021,1511.68077,193.9201481,35.60210114,City,187.917292,5.962263017,Off,Eco,5,Low,247.7334757
55.16579404,2117.256391,157.5591764,45.63663503,Mixed,119.6610166,4.32547527,Off,Eco,5,High,275.1984737
97.57673334,1355.299756,130.6510672,36.94550125,Mixed,167.2680178,3.650354381,Off,Eco,2,Medium,579.5779393
92.96175628,2104.498359,164.1377384,45.16705882,City,376.3247011,-1.635113766,Off,Aggressive,5,Low,476.4621923
53.52859445,1432.219879,129.8885416,31.47263902,Highway,136.5524945,7.607368738,On,Eco,4,Medium,252.7050955
36.51116125,1889.093177,113.102042,51.04436465,City,339.2464043,-3.942930716,Off,Normal,3,Medium,157.6917327
58.60673117,1957.645145,144.3048318,42.80461197,City,29.12290502,5.89729095,On,Aggressive,4,Low,239.0972104
90.80460284,2007.672138,204.5605397,83.52878099,Highway,324.7781334,-2.259857266,Off,Normal,5,High,446.2041293
38.04354889,1263.008479,215.6138056,81.48945569,Mixed,360.6236523,0.099418498,On,Eco,5,Medium,137.3821378
83.76806918,1424.067055,131.3633187,48.0251304,City,113.9997023,0.562432757,On,Normal,3,Medium,435.0602522
101.1810608,1369.173528,287.3755287,58.52910687,Highway,218.8395718,3.61511626,On,Aggressive,4,Medium,523.2807726
44.33817245,1864.240617,122.8702152,87.34752632,Mixed,74.86439865,2.106610712,Off,Normal,3,Low,156.1323328
98.97634594,1113.619603,230.9117064,61.44578242,City,36.34253191,-2.580908212,On,Normal,5,High,497.8428522
34.1091106,1777.384675,79.55521366,80.90599622,City,308.1605631,-4.609785674,On,Eco,3,High,130.2619067
83.35042065,1131.200583,219.5626911,79.58248661,Mixed,251.9319654,4.323773902,On,Normal,3,Medium,418.1013162
93.28311363,1505.583985,170.3876997,86.47733833,City,300.8973159,1.563998583,On,Eco,5,Medium,488.3047645
65.58128941,2030.059139,196.5858827,48.34203859,City,175.8743738,-0.296784019,On,Normal,3,High,327.585775
46.29829559,1618.846083,104.1774383,32.60674057,Highway,99.84247747,-1.300989197,Off,Normal,4,Medium,232.8874135
103.9783599,1420.512759,164.0553525,36.23722402,City,170.7399841,5.699576118,Off,Normal,5,Low,576.9228305
31.59750949,1923.785764,243.9066856,64.27785113,City,25.91609631,5.341906475,Off,Normal,3,Medium,132.2372039
74.40569834,2110.403669,244.1003599,61.81667833,Highway,113.410791,5.738654193,On,Eco,2,Medium,386.5092012
59.8279527,1381.877402,117.0134307,47.90718199,Highway,119.0091031,-2.151635676,On,Normal,4,High,287.5334989
66.88457564,1449.099852,144.623826,44.92279784,Mixed,285.8098603,6.07547891,Off,Normal,4,High,348.9073585
72.9252045,1960.440875,60.91525329,72.56288578,Mixed,21.25404261,7.812019837,On,Normal,4,Medium,369.3698678
72.77988978,2447.83489,81.59092184,50.43017232,Mixed,98.10872468,2.788984951,On,Eco,1,Low,378.7708951
46.2898931,1320.807305,90.41528464,66.23710716,Highway,110.6441461,-4.386776437,On,Normal,5,Medium,188.066793
84.37618583,1981.371454,130.4763182,72.73761519,City,220.5442287,4.129449797,On,Normal,1,Medium,421.9788841
31.5318633,2359.884762,242.1637168,55.82792264,City,97.87778846,1.995389436,On,Normal,3,Low,96.36145035
31.69472754,1692.950148,182.4600317,41.60437593,City,52.97163068,4.256615002,On,Normal,5,Medium,101.8855178
68.2789873,1475.26634,250.2259528,81.64680966,City,103.1923056,-2.552939804,Off,Eco,4,High,360.2703198
73.35223042,2000.306598,241.1773698,35.61185695,Highway,168.7531902,2.875384775,On,Normal,4,Low,368.0038689
51.99115854,1047.14771,200.9131703,79.76824098,Mixed,210.1906913,2.009526468,On,Normal,4,High,214.6794833
74.13404269,1540.240826,179.9664483,80.20077457,Mixed,14.62767804,2.832379879,Off,Normal,4,Low,373.6417956
71.28873864,1386.96104,283.5170068,64.25995591,Mixed,123.9243406,4.460717322,Off,Normal,3,Low,358.3792018
57.93764438,1336.932554,196.6248534,67.76856309,Highway,305.667296,2.074818054,Off,Eco,2,Low,322.7387143
82.14197092,1269.638895,175.8777563,51.48102367,Mixed,239.0468837,-0.816464208,Off,Eco,5,Medium,414.6513919
106.6349773,2105.594952,268.5889943,80.49505333,Highway,182.4157515,-0.982950466,Off,Normal,2,High,623.4096426
69.26421555,2432.649693,77.14529154,45.82222113,City,181.1886349,4.035694985,Off,Normal,5,High,359.4797856
92.88406074,1577.155968,217.4463167,63.58656382,Highway,147.559753,3.630075457,Off,Normal,4,Low,453.9450024
49.80772509,1073.65496,87.12654004,30.10769013,Highway,136.8175898,0.486035165,On,Aggressive,1,Low,220.2027137
90.95604748,2078.367721,256.7571907,86.39058636,Mixed,160.2543974,-0.403992631,Off,Normal,3,Medium,486.6170292
81.91247636,1807.306502,250.2398844,86.89779145,City,347.6828643,3.061661842,Off,Eco,5,Low,417.0143486
81.17582239,2085.466921,180.8640082,72.62500111,Highway,187.5325258,-0.941910748,Off,Normal,4,High,401.3654068
101.4428272,1971.856246,218.650596,55.39438991,Highway,267.7085593,7.522439548,Off,Normal,1,Low,549.2468521
48.6680204,2358.153971,245.4292059,40.71666608,Highway,323.1394656,2.754181859,On,Normal,4,Low,203.4480285
59.47600937,1210.660289,175.9929288,59.54777316,Highway,172.7866432,2.695254151,On,Aggressive,3,Medium,248.6079257
36.64539656,1253.742768,277.4298993,77.48462834,Mixed,335.6660332,-3.227666232,On,Normal,1,High,160.6576282
88.08959814,1512.353836,164.8872022,66.31641731,Mixed,397.0732166,2.92542311,On,Normal,5,Low,428.8753327
97.50938282,1737.083224,274.0854036,61.64979429,Mixed,201.6644857,-1.165973359,Off,Aggressive,5,Low,510.0830748
62.46668029,2388.570672,199.8585717,80.9666528,City,161.098603,0.873782361,On,Eco,5,Medium,270.9890329
58.54614548,2360.446344,162.2983833,48.78803615,Mixed,322.3184852,1.996592072,Off,Eco,5,Medium,267.7929655
82.69214847,2307.808179,60.98340824,81.59783821,Highway,259.6679661,1.213370898,On,Normal,1,High,446.7948728
36.04723686,1333.790401,130.9334209,56.36720416,Highway,245.2781445,5.522112266,On,Eco,3,Low,139.4466773
53.50735169,2094.514566,268.3011582,30.14482988,City,354.4499823,-3.706976724,Off,Eco,1,Low,261.6572745
59.29702388,1575.237616,162.8910694,73.91652046,City,259.7816889,-2.824724615,Off,Aggressive,5,Medium,253.2261132
71.48722272,2396.774391,161.1524465,82.67060308,Highway,256.6309673,-2.959129665,On,Aggressive,3,Low,331.2270668
68.12553756,1321.803755,177.4585635,59.06165034,Mixed,82.76108938,5.618833834,On,Normal,2,Medium,320.2748316
46.69443382,1211.88693,128.7129676,57.28487215,Mixed,275.2912149,-3.463084323,On,Normal,2,Low,162.0849585
73.26302991,2263.577762,177.9723047,78.32690553,Highway,365.1991458,7.628751609,On,Eco,1,High,363.1917756
104.0694953,2075.361393,150.1831479,83.08648482,City,230.5368281,7.599148776,On,Normal,5,Medium,543.234972
32.16703122,2232.132517,278.2662073,88.46520635,Highway,361.349147,7.893615267,Off,Eco,2,High,113.381519
84.42452579,1236.915082,195.3520251,50.73901747,City,135.8282709,7.735959083,On,Normal,2,High,462.0983638
79.97672218,2327.189032,260.1962326,65.681326,Mixed,17.03249016,-3.06274353,On,Normal,4,High,406.4053399
103.9541564,2016.430535,224.8497829,79.37510069,Mixed,178.0513777,3.546425592,On,Normal,4,Medium,530.0948824
81.62759523,1977.341204,111.0247162,61.91111541,Highway,1.582772086,0.195974493,Off,Eco,3,High,466.900586
79.987417,1873.875795,268.2397463,57.71119999,Mixed,61.92681736,4.513702559,On,Eco,3,Medium,399.1511464
91.58445281,2147.314728,80.94499137,64.31592487,Highway,76.23679923,0.276933221,Off,Normal,5,Low,467.620829
51.42447591,1623.412471,167.6730865,51.41201996,Highway,213.5341266,-0.017897887,Off,Normal,2,High,258.8407613
77.65858099,1199.231869,117.3973021,41.52456565,City,379.9718791,6.751364621,Off,Normal,1,Medium,419.2737132
71.55368875,1808.8973,189.0133014,33.9978668,Highway,7.927296616,1.429107272,On,Eco,1,Low,384.0378287
65.07780053,2122.152937,132.0118991,66.59884587,Highway,94.67582405,4.616856488,Off,Aggressive,4,High,324.1548831
36.35897339,1230.471179,233.4783022,52.74806169,Mixed,387.7815831,3.44892293,On,Eco,3,Medium,136.6430511
53.41030864,1336.031001,284.8604883,82.9771802,City,352.6610983,3.550210108,On,Normal,5,High,243.6307585
52.39853712,2044.818433,230.1815948,43.37755075,City,333.9399837,-0.461470785,On,Eco,4,High,231.4426573
87.94007657,1404.476401,145.274488,48.642699,City,36.72006353,-1.718171563,On,Normal,4,Medium,449.1826256
103.6524908,1254.911291,204.0167908,88.23037417,Mixed,257.6393126,6.510609845,Off,Normal,5,Low,549.533327
48.46297783,2334.088116,273.246262,63.37747228,City,81.25411999,-4.68033167,Off,Aggressive,5,High,204.0518591
35.96991511,1241.343034,124.8068135,50.80518257,Mixed,260.4098007,-2.75196737,On,Normal,2,Medium,121.1251339
109.9965563,1516.222869,88.3691433,81.65365943,City,171.0124475,-3.273765883,On,Eco,5,Low,577.8460831
85.29642641,1642.645439,91.38335727,74.60250537,Highway,254.2678305,7.342032599,Off,Aggressive,5,Low,408.0435623
100.9176678,1714.209978,178.7647225,64.38857603,City,171.5443451,-4.934657154,Off,Normal,4,Low,564.5700881
41.51035327,1541.964889,235.7127027,83.34598145,Mixed,363.0816753,-4.8957101,On,Aggressive,4,Medium,159.3268228
94.06144329,2368.807749,217.7418581,35.63769146,Mixed,10.12334573,-2.052532905,On,Normal,1,Low,511.7485829
95.06589968,1987.937832,168.9334801,53.66963661,Highway,76.62642295,-1.371863163,Off,Normal,1,Low,524.9097671
42.11911408,1539.241974,235.0315296,78.63300623,Highway,333.1988027,2.277720469,On,Aggressive,1,Medium,180.878311
42.91233441,1536.579579,212.1527895,53.15657964,Mixed,294.6995758,7.495980587,Off,Normal,5,Low,192.2047642
53.63609729,1754.428749,210.7753813,85.60419161,City,74.5169878,1.04555247,On,Normal,2,Low,245.4147
47.34299581,1050.494806,108.5703354,39.15126768,Highway,48.5745892,-1.245866403,On,Normal,4,High,229.1659615
108.0327926,2389.964258,135.0200239,50.19823837,Highway,124.5044591,5.621004118,On,Normal,3,Medium,586.0382552
59.03550669,1334.964067,142.6618381,55.54455373,City,192.7474045,0.015167586,On,Normal,2,Medium,285.7292239
90.90451294,2046.388849,253.965782,71.21772518,Mixed,18.77547762,-3.15729099,On,Normal,3,High,480.0912095
94.40406428,2166.584121,246.0265178,41.72096893,Highway,338.2355665,5.329529745,On,Normal,5,Low,469.8805504
60.87527097,2241.074523,120.6414618,30.59183012,Highway,208.3810539,-4.968612948,On,Normal,3,Medium,304.0197199
84.60684434,1248.463465,73.23654583,88.59055885,Mixed,367.7932922,-2.333506991,On,Normal,1,Medium,434.4516552
38.62401127,1805.039605,244.2681142,83.92542593,City,130.2821437,3.256730746,Off,Eco,4,High,173.4707516
61.75696412,1125.511543,158.3678829,48.01332512,City,19.5320306,-3.667988835,On,Eco,2,Medium,312.6156952
107.3848528,2207.188518,112.7527606,59.00885039,Highway,348.5441089,-1.674362698,Off,Eco,1,Low,616.7399147
43.48245231,1729.677301,88.08404894,59.33521262,Mixed,59.84706522,0.112956602,Off,Normal,4,Medium,194.789473
60.85690438,1237.733588,63.07551614,82.15353334,City,134.2568036,0.153442591,On,Aggressive,1,High,303.5213565
93.24172079,2078.018418,162.6551124,65.82360847,Mixed,185.7360864,7.646438668,On,Normal,2,Medium,483.6565327
83.23386039,1496.754773,141.5433155,79.58586137,Highway,196.7785689,3.782094054,Off,Aggressive,5,High,409.2201405
80.52148813,1171.759906,227.1528362,84.71964908,City,9.392451284,-4.518721557,On,Eco,3,Medium,425.5858407
98.26059675,1691.610737,294.3997037,63.9571879,Mixed,210.6968163,-2.122446853,Off,Normal,5,High,549.2426344
32.32750744,1352.869898,109.6278287,47.12894806,Mixed,30.81283903,3.013603525,Off,Normal,3,Medium,130.0109798
91.69314945,2425.332754,118.3286737,59.92246835,Highway,130.7363749,4.27449677,Off,Eco,3,Low,510.3736149
100.6039231,1542.042487,140.9526184,81.05217652,City,390.188789,-0.052248746,Off,Aggressive,2,High,530.6822557
31.2939582,1858.679358,171.8250324,65.01715046,Highway,112.1483137,6.135432163,Off,Eco,2,High,136.5329747
74.71703609,2422.541498,227.4476869,83.7433144,Highway,325.14879,7.264563873,On,Eco,5,High,364.6264187
57.88707882,1590.58178,144.4875652,83.72616056,City,204.1274696,2.982810052,Off,Normal,4,Medium,276.4588935
34.06101671,1537.190311,85.00813031,52.4015772,Mixed,80.96581629,2.311065528,Off,Normal,4,Medium,138.4927981
63.41984955,1243.608461,235.2819929,56.88683374,Mixed,288.7745541,4.76047089,On,Normal,5,High,290.0306702
81.52241129,2407.455347,250.7140027,70.67482561,Mixed,222.0557643,5.166569246,Off,Eco,3,Low,414.1185432
103.5210905,2201.117168,119.4356773,36.66386731,City,213.2133756,-2.199345414,On,Eco,2,High,560.8896438
79.64243892,1331.516484,92.8214985,57.93343305,Highway,11.96095736,1.286408041,On,Eco,5,Low,417.9718587
98.53944652,1499.011642,186.6722524,38.96312671,Mixed,133.5381074,0.816624587,Off,Eco,4,Low,539.2902291
39.72572053,2372.367667,109.9954322,80.87737105,Mixed,293.8825973,7.239068246,On,Aggressive,3,Low,130.960489
46.8416934,1805.919394,149.799224,86.56706585,City,318.4346316,-3.547042771,Off,Aggressive,4,Medium,192.3908319
107.6234291,1834.50143,246.5666928,38.49293253,City,325.9227425,7.265116119,On,Aggressive,3,Low,597.31468
100.9920552,1972.216723,112.7056904,70.04048552,Highway,14.95730456,2.443729092,On,Aggressive,4,Low,508.5892601
48.81815624,2143.245727,253.5022227,68.19259375,Highway,65.08449248,-1.25531174,On,Aggressive,1,Medium,227.3137324
79.67791054,2408.928318,221.7647971,75.60448806,Mixed,394.2306749,6.301465043,Off,Aggressive,3,Medium,387.3673272
59.01062068,2203.33761,112.7342073,71.74677917,Mixed,62.17851235,-4.344476495,On,Aggressive,3,High,259.2488644
67.4878807,2401.823798,186.3371043,43.02774212,City,85.20612243,-0.853777599,Off,Aggressive,3,Low,341.9916026
98.87025193,2230.914637,207.376983,47.47275925,Highway,321.0497377,4.782975984,Off,Normal,1,Low,559.103689
88.85700881,1069.651091,108.0662491,39.91393294,Mixed,157.3750655,5.759992604,Off,Normal,1,Low,500.6480127
49.07540494,1176.301931,94.7878406,85.26863994,City,46.52653858,-2.822527467,On,Normal,4,Medium,202.8494261
55.27944598,2327.339388,187.4803043,61.30940791,Highway,50.03776528,7.24300217,On,Normal,2,Medium,258.0451265
53.17683679,1041.544674,226.5218799,88.56966912,Highway,33.5108731,-4.301607293,On,Normal,4,Medium,245.0339323
92.45302227,2191.261973,171.6165216,56.95931109,Highway,72.26732357,0.636213278,On,Normal,3,Medium,504.7147773
69.20707369,2274.765598,76.80941965,63.16339027,City,198.7930142,-3.733183353,On,Normal,3,High,339.3890601
106.0579446,1623.196843,282.0510496,77.35763532,Highway,6.029542138,-3.729929253,On,Eco,4,Low,563.8967828
95.33497418,1532.282129,226.791707,77.83341959,City,46.85247652,6.880682106,On,Eco,5,Medium,490.6028275
46.89555447,1291.606329,209.0871086,43.86897554,City,362.8493038,6.751545564,On,Aggressive,2,Low,187.5239865
92.87542363,1073.378307,214.4704829,47.29697197,City,350.6325485,2.998358596,On,Normal,1,Low,507.9113359
70.48634778,2118.074434,155.6653442,35.86841025,Highway,333.2321508,7.561753409,On,Normal,2,Low,350.3293011
50.29681009,1110.590627,296.2561198,78.32787009,Mixed,282.5126492,1.383692681,Off,Aggressive,5,Medium,211.4548286
59.06653943,2417.004442,91.84301081,77.6316913,Mixed,264.6086628,5.177121622,On,Eco,4,Medium,277.3968742
107.7700893,1445.115194,237.3939306,34.87552849,City,110.2063245,-3.73549812,On,Normal,4,High,539.734527
68.71691541,2191.366476,161.0102305,45.44595544,City,133.997813,0.14302738,Off,Eco,3,High,364.0656762
87.56846797,1089.523977,271.4630514,56.99202061,Mixed,94.32087184,1.696195015,Off,Aggressive,4,Medium,456.560665
68.16682361,1804.418027,232.1427058,62.50673661,Highway,392.1254528,5.115944539,On,Normal,5,Low,319.9306384
59.72458191,1523.649306,194.9405336,61.35265314,Mixed,253.7219141,-0.651741838,Off,Normal,4,High,315.9328104
93.71360146,1045.001658,285.0464723,88.98451726,Mixed,386.3069477,7.744372467,On,Aggressive,4,High,467.443154
97.86594814,1983.699032,278.9864066,75.84752699,Highway,108.7145795,4.552790824,Off,Aggressive,5,High,489.1915771
35.75113325,2414.744081,72.56015903,36.79126933,City,248.4836447,1.928582805,Off,Normal,1,Low,170.4892628
52.31820713,1016.129151,106.2211312,47.61014268,Mixed,303.5803016,-0.700055897,On,Aggressive,2,High,235.8869237
70.62968381,1405.655389,222.2511804,50.7256342,City,37.89563486,3.346632536,Off,Normal,4,High,396.3172256
55.3198198,2055.408614,281.2414624,48.90888405,Highway,266.7843815,3.749819481,On,Normal,2,Medium,277.3565635
92.6866404,2306.880586,163.2792006,77.15673939,Highway,67.62902703,3.829366255,On,Normal,2,High,473.4507148
39.17866886,1286.16876,69.19325889,51.63367592,Highway,131.2329782,2.62059009,Off,Eco,3,High,180.7394236
93.8238629,1106.075177,214.3913424,59.54560315,Highway,286.4612015,0.206294499,On,Eco,1,Medium,536.229971
79.43091338,1012.962101,106.7248793,62.00725007,Highway,176.0258941,5.616517001,Off,Aggressive,2,High,422.9087103
53.14941748,1322.809632,192.557216,46.2254204,City,368.4647413,-1.642439548,On,Eco,3,High,264.4724351
57.55637508,1106.975938,152.3239821,49.36174781,Highway,96.48088095,3.130027254,On,Normal,5,High,258.7391974
44.63193241,1539.073134,193.9264894,76.79985413,City,61.51248364,1.13173329,Off,Eco,5,High,228.4191972
50.20587202,1660.188662,283.7847167,82.00097783,Highway,134.8687882,6.606890402,On,Normal,5,Medium,203.0070952
87.38150952,1719.885709,176.5921417,32.22480616,City,340.7692894,2.67721359,Off,Normal,5,Low,467.4724548
60.07073124,1213.493965,68.28691771,66.30927362,Highway,338.9698221,6.123721939,Off,Aggressive,5,Low,247.152825
84.99873109,1695.982073,199.4203167,68.00613071,Highway,147.722232,7.393112546,On,Aggressive,3,High,411.3090112
71.12860329,1013.577463,138.1789272,74.23855209,City,323.9369272,-3.348686294,Off,Aggressive,1,Medium,395.3485681
41.62381997,1359.131632,246.7523723,71.63080639,Mixed,31.1153011,2.217501818,On,Normal,1,Medium,164.6959259
69.92565182,1553.629074,172.7828329,82.64546947,Highway,3.040639921,6.491685233,On,Aggressive,3,Medium,336.878276
90.51758767,1177.527364,237.9289771,34.70833874,City,345.9219004,6.336958082,Off,Normal,3,Low,502.9603438
53.81404038,2221.006896,278.1170389,53.30233431,City,349.6286745,-2.453178856,Off,Normal,4,Medium,256.0655671
81.84653317,1301.818588,146.9457579,76.92536689,Mixed,57.35955334,1.257770929,On,Eco,2,High,451.1582395
45.92261236,2132.334567,297.450699,80.79480072,Highway,119.0857338,-2.099745238,On,Aggressive,5,Low,133.3887838
40.85591663,1710.839559,95.95508783,45.8861063,Mixed,340.2384971,6.65862972,On,Eco,2,High,203.9702039
58.81809045,1719.61464,214.5436037,65.11704264,City,33.50677978,-4.958018541,On,Normal,4,Medium,234.3934614
61.1362875,1967.791504,68.34422475,40.84590093,Highway,345.2371145,-2.160800318,Off,Normal,1,Medium,334.5597179
90.88077043,1066.416567,111.1335998,81.05366099,Mixed,229.873029,0.317441755,Off,Normal,5,Medium,508.9718979
66.8063001,1118.13901,212.1068619,73.82580894,Highway,262.9108796,-2.12522436,On,Eco,1,High,367.0557915
36.49879163,1490.265235,71.08601749,43.32390474,City,237.9275782,7.656557231,Off,Normal,3,Medium,158.7629097
80.71995987,1625.233751,84.42890047,67.42638917,Mixed,233.0129321,-1.827654271,Off,Normal,2,Medium,428.7068813
67.54026079,1644.911196,129.8425428,60.55922256,City,74.02443508,-0.289905809,On,Eco,1,Medium,354.1719446
56.53145605,2015.330696,198.1529126,45.52960387,City,94.42322647,-2.737068583,Off,Normal,4,High,265.2256871
94.17750469,1001.057518,63.83581329,83.58735609,Mixed,232.0214636,7.046702312,On,Aggressive,1,Medium,487.4562855
42.35078322,2438.657638,175.7650218,38.87035786,Mixed,160.5621657,0.346594599,Off,Aggressive,5,High,153.8895019
103.0569875,1261.731116,210.1784997,58.04758816,Mixed,216.5156558,-1.595975463,On,Normal,5,Medium,522.8014741
56.72491923,1372.947514,156.6054693,64.96789708,City,101.3464021,-1.800454208,Off,Eco,2,Low,305.8544425
66.87531559,2358.440777,76.23355379,79.41273878,Highway,185.5290611,2.613007979,On,Normal,3,Low,324.1937412
104.3386396,1008.237101,206.6099124,39.01079474,Highway,57.36186671,7.709389622,On,Normal,5,Low,552.8665767
90.89918654,2486.959122,205.4004953,66.55047649,Highway,15.35815183,7.664237147,On,Aggressive,4,Low,452.0989916
35.9441947,1053.936003,181.4501652,30.39358463,Highway,380.4465499,7.761849969,On,Aggressive,2,Medium,110.0583587
76.2637487,1180.818279,226.3549141,79.35487885,Highway,289.2220583,0.026361188,On,Aggressive,5,Low,341.5227699
54.82902973,1360.160069,109.872416,44.08394695,Highway,199.2255424,6.887449345,Off,Normal,4,High,268.8541377
70.67905999,1658.08246,222.8497782,73.25491884,Mixed,220.4047131,0.777076917,Off,Normal,1,High,357.8658938
89.43752333,1777.677301,98.74913752,66.11266736,Highway,204.4695063,1.637371139,Off,Eco,4,Medium,463.8219127
69.69383311,1157.077707,154.2464714,33.00764298,City,359.5237889,1.758699891,Off,Normal,2,Medium,385.6560709
35.68175016,1110.510848,76.21599511,40.99380096,City,309.4554264,-4.173305039,On,Aggressive,5,Medium,114.3777833
72.39844149,1047.788555,256.5905597,46.06444175,Highway,130.0570831,-2.698118211,On,Normal,3,Medium,347.7995066
31.93037332,1385.126051,189.176021,83.20366128,City,87.27472357,6.519220203,Off,Normal,3,Medium,139.7571568
57.87274859,2382.29946,293.0518086,58.84820332,City,26.61171583,6.652634082,On,Eco,4,Medium,286.9693015
68.24244183,1584.763778,286.1583843,84.81019309,Highway,59.11564917,-2.374084961,Off,Eco,4,Medium,347.4776117
81.57388507,2146.011088,299.6546727,32.84699403,Mixed,196.0244537,-1.065710715,Off,Normal,4,Medium,414.6237535
70.49654301,1285.282292,84.30388087,30.39383242,Mixed,81.02811797,5.787516862,On,Aggressive,5,Medium,354.1228351
42.15574484,1097.018839,205.5792908,86.89479724,Highway,124.9575672,-2.345814719,Off,Eco,3,High,222.4922417
104.5774051,1831.419683,157.8180508,73.4350144,Mixed,53.33164509,6.450720109,Off,Eco,3,High,605.681691
82.02397382,2233.138601,187.839501,76.99900789,Mixed,369.1256601,5.701483654,Off,Normal,2,High,454.6196637
55.35742281,2347.689875,134.1041678,84.94833685,Highway,13.49001541,5.498152916,On,Eco,2,Medium,263.7743566
107.2751756,1819.306905,71.53652113,89.07232154,City,140.7242879,6.592696168,Off,Eco,1,High,615.904259
100.6062087,1441.048426,229.8600647,35.86273007,Mixed,103.2618687,6.529969346,Off,Eco,5,Medium,575.3470997
41.47920709,1164.267618,291.7960977,39.49748065,Highway,3.321075556,6.923702756,On,Normal,4,High,177.2290805
82.43432761,2001.734281,187.7716383,41.31440694,City,371.4392119,6.434048849,On,Normal,2,High,422.3081733
74.80555617,1420.655226,139.0991881,79.10505953,Mixed,125.4429855,2.8899901,On,Aggressive,1,Low,354.9100426
45.42471383,2265.943637,285.1867797,51.33299479,Highway,200.910034,-2.949572871,On,Normal,1,Low,217.0568475
48.67801124,1907.681678,147.5199671,65.59628683,Mixed,233.042599,2.918827491,On,Normal,3,Medium,237.6853041
75.10190188,2288.317845,279.4870063,81.31331472,Mixed,244.1919029,7.248751599,On,Eco,5,Low,367.1569805
55.70306275,1849.979515,265.3658052,70.98959039,Highway,184.1042912,7.579775047,On,Normal,5,Medium,268.1232152
96.78651449,2157.613544,186.8906414,33.92492364,City,237.5317575,4.470026335,Off,Normal,4,High,503.1361831
37.81913882,1441.457726,222.44944,56.7404314,Highway,300.7044017,4.019861433,On,Eco,5,Medium,122.8252841
103.1224619,1754.588186,228.0761865,34.0500031,City,380.8356114,7.199655515,Off,Normal,4,Medium,556.4531261
97.24420393,1029.109559,213.8620092,58.73061268,Highway,262.8149081,-1.213395711,Off,Eco,5,Medium,499.6117376
89.08987865,1911.747615,98.57998919,43.15816292,Highway,184.8918091,-3.037240192,On,Normal,3,Low,458.6261799
51.00538007,1800.609021,226.2662908,30.07849197,Mixed,177.8418024,-1.229990295,Off,Normal,1,High,287.0553625
87.19662848,2132.923484,60.77234019,78.78910751,City,283.9429456,7.336330877,Off,Normal,5,Medium,417.5406951
65.10158237,2093.433948,230.4088364,88.16297066,City,250.8140853,-2.24000155,On,Aggressive,5,Medium,290.9155054
80.70063178,1941.425503,193.1606723,87.84796091,City,168.1546361,-2.078407166,Off,Aggressive,3,High,396.1457872
55.00435338,1085.02812,122.3425013,47.95111163,Mixed,134.354725,-2.491661726,Off,Aggressive,2,Medium,257.990397
96.8686283,2354.514561,252.9034427,79.7264166,Highway,397.2594573,1.302395759,Off,Aggressive,4,Low,493.7186693
33.24608795,1027.028786,157.2669453,70.72661408,Mixed,306.7187951,5.353049753,On,Eco,2,High,133.8429995
85.31677974,2204.901491,176.5865243,78.00458342,Highway,82.71027926,-0.035922302,On,Normal,1,Medium,461.5788117
96.29049923,1719.019527,66.64189317,80.7742829,Highway,116.8686688,-3.698427226,On,Eco,2,High,521.4609345
81.71424921,2226.990344,156.3167246,88.81672434,Highway,357.4754679,4.622627605,Off,Eco,1,Low,452.6251462
45.35934257,1697.604811,100.1670702,39.10377826,Highway,264.3316755,2.92778112,Off,Normal,4,Low,216.7714488
52.79846238,1970.406708,126.2743948,76.18476144,Highway,124.3011349,1.228949965,On,Aggressive,3,High,227.9089779
71.19242356,1544.898259,120.5134797,74.04921624,Mixed,145.6841214,7.533283049,On,Normal,1,Medium,391.9131169
56.35592554,2115.518104,71.0449905,47.26415026,City,151.5630659,1.115517073,Off,Normal,4,Medium,264.0036125
30.39331374,1381.264263,170.5186909,53.55525335,Highway,74.51807866,4.522878448,Off,Normal,3,Medium,108.2197325
33.254249,2079.033868,185.4221792,40.60548286,Mixed,204.4674914,-2.93949654,Off,Normal,2,Medium,133.6256726
91.42147448,1290.073977,197.0550309,84.79639159,Mixed,306.2282575,0.414965413,Off,Aggressive,2,Low,509.1105223
36.69657453,2083.251526,170.9327449,82.76014349,Mixed,225.6239794,-2.240527351,Off,Normal,1,Medium,172.5562856
104.2417485,1440.506958,268.6864546,66.84210088,Mixed,262.3767799,-0.474189735,On,Aggressive,5,Low,540.4833134
65.41891567,1417.947658,69.04313883,60.69779999,Mixed,238.1545552,1.236319273,On,Eco,5,Medium,320.8873626
90.65493107,2217.240906,207.3140654,43.97330162,Highway,23.55817176,-2.731542469,Off,Aggressive,3,High,487.6594923
40.04036769,2220.538955,267.8716031,77.37621342,City,75.22402429,5.439589148,Off,Eco,2,Medium,191.1307077
104.1205936,2037.103554,69.84965782,30.49229474,Highway,140.1393747,-0.111856345,Off,Normal,4,High,564.956271
32.70470639,2385.862946,179.1136799,57.76720149,Highway,355.6940012,6.655634603,On,Aggressive,3,Low,122.6370816
33.37097286,1234.29054,201.3665263,81.63307063,City,139.4769337,3.770536361,On,Normal,1,High,129.1100991
34.36686242,1403.98198,105.8173799,67.10912007,Highway,130.8467887,-2.704122943,Off,Normal,1,Medium,141.3786799
38.27265288,1441.02113,120.6000261,68.10737049,City,32.23465838,3.345627819,Off,Normal,3,Medium,144.3944982
68.94653151,1457.929506,248.542401,34.24244554,Highway,388.8317111,-4.697780751,Off,Eco,4,Medium,387.2987567
93.06211537,1492.047976,196.1754676,47.20228377,City,311.419868,5.49589944,On,Eco,2,Medium,520.804571
52.79582652,2045.513766,135.7868873,70.43173234,Mixed,306.3708905,7.664915456,On,Eco,2,Medium,255.9697998
89.66214574,1406.137215,243.5412533,32.97703808,City,153.4822058,3.810847247,On,Eco,4,Low,447.3698282
91.92487798,1428.883232,239.2117378,49.85614521,Highway,31.34778157,7.044420589,Off,Aggressive,2,Low,500.209493
102.6621864,1855.621875,142.8964285,51.23667381,Highway,105.4081074,-1.167611768,Off,Aggressive,5,High,543.2159606
41.94815361,1290.038283,177.2754313,59.92310334,City,341.1598578,0.506654062,On,Normal,5,High,151.5209725
40.84276072,1547.33126,219.484544,51.74251514,Mixed,72.11916419,0.51976614,On,Aggressive,4,Low,164.145642
39.76760444,1086.910583,142.3798123,57.24705225,Highway,357.6998357,-3.543616892,On,Eco,5,Medium,133.2273626
58.74484872,2428.820662,210.9622586,62.81984079,Mixed,214.3018061,5.353760351,On,Eco,3,Low,257.2644624
69.15301314,1475.961516,120.2576954,37.70087049,City,285.8146116,1.43586401,Off,Normal,2,Low,340.6686725
66.9287484,2275.0632,130.0849986,40.82852488,City,181.456558,1.375562256,Off,Normal,3,Medium,333.5028812
50.56389851,1794.918391,134.5614344,79.95065966,City,372.9237486,3.690093973,Off,Eco,4,High,221.4427434
79.75837004,1342.318236,284.6531449,57.58607655,Mixed,95.86333272,-2.777165506,Off,Normal,5,Low,418.9755434
57.06189046,1290.141361,260.0813141,51.30912443,Mixed,228.9733721,5.532029366,On,Aggressive,3,High,246.6904532
59.28663905,2042.441117,195.6398341,56.03289085,City,27.6464052,-0.243668012,Off,Normal,3,Low,296.1864092
38.44240502,2447.303211,195.3293303,40.48911317,City,192.1708969,-3.964667791,On,Eco,1,High,172.2391585
77.37850681,1274.604581,73.47516529,44.39083529,City,389.0857408,-2.525772101,On,Normal,3,Medium,404.7474387
82.42243002,1173.131825,215.8819352,60.93141255,Mixed,35.25260984,-1.712918046,Off,Normal,5,Medium,437.1574765
90.63601764,1580.649018,138.7487658,51.53558978,Mixed,202.6892119,-2.686709633,On,Normal,2,High,486.0283924
102.3207371,1590.71582,206.9518469,58.52736618,Mixed,240.9225246,-1.851063052,On,Aggressive,2,Low,557.6490441
91.28035645,2209.379461,261.6560995,38.98228037,City,372.6983428,7.946075084,Off,Aggressive,2,Low,479.1221274
48.85949329,1703.333942,70.91959341,39.38809994,Mixed,118.9656807,1.99044852,Off,Aggressive,5,Low,202.7673594
48.85241276,1093.691783,205.6952408,53.03658118,Highway,201.1762545,2.838043317,Off,Normal,2,Medium,242.0276417
103.2069756,2381.001538,195.4081475,52.73145796,Mixed,394.8783409,-2.841652677,Off,Normal,2,Low,576.3144677
93.21068555,1559.78184,109.6239733,82.99994061,Mixed,307.6076005,-4.427731444,On,Normal,4,Medium,445.1584814
92.57971442,2002.797596,215.1439078,32.00708284,Highway,324.1658311,-0.965441456,Off,Normal,4,Low,511.2700098
87.57709281,2001.232407,193.1604561,89.5713265,Mixed,312.2045102,5.007596272,Off,Eco,1,Low,471.6385755
51.3761593,1084.513118,244.1568298,87.39138355,City,206.0904094,2.264163707,Off,Normal,1,High,266.9492856
97.79282739,1005.406989,86.54845636,62.53505704,Highway,173.741627,-4.859818105,On,Eco,3,High,521.3718874
41.43077425,1132.055543,166.4657649,73.12546572,City,101.925271,5.254001512,Off,Aggressive,3,Low,186.3726163
58.00140874,2434.796699,299.5039041,86.11527945,Highway,186.3867362,-3.648004696,On,Normal,3,High,279.2642458
57.71796319,2190.989424,225.4274036,45.07163435,Mixed,8.200946271,0.724951843,On,Aggressive,1,Medium,290.2547836
74.81057134,1198.018415,224.2315734,48.93783648,Highway,38.84439582,7.993157204,On,Normal,2,Low,388.3409299
67.07548448,1922.304797,136.2890641,36.655481,Mixed,114.9030411,-3.422229208,On,Normal,3,Medium,329.4007951
66.78465065,1917.960626,82.53314501,63.83076704,Mixed,133.4518301,5.595342861,On,Eco,2,High,321.5404546
74.2857945,1000.838641,287.8786501,39.56690254,City,283.0069353,5.389704541,Off,Normal,2,High,405.9995638
63.23347639,1643.596403,85.31313671,85.85223698,Highway,68.64096685,0.785532768,Off,Eco,1,High,359.8641649
49.99865851,2067.663206,298.2495145,55.89401083,Highway,318.3091306,7.847447468,On,Normal,4,Medium,221.63502
83.12965742,1280.189271,90.18743338,85.18120357,Mixed,320.3206242,-0.996411718,On,Eco,4,Medium,409.8188944
93.25067031,2276.355748,101.0177636,42.3059941,City,234.8149689,-0.894831185,On,Normal,5,Medium,519.2644083
68.31967031,1990.457341,134.0080692,71.64218847,City,196.5986076,-3.018869716,Off,Aggressive,4,High,348.4146777
81.95865494,1010.386446,182.9700464,68.85552468,Mixed,186.9595506,-0.193192859,Off,Normal,3,High,428.5368432
72.82906255,2282.37127,249.6963965,53.98054083,City,168.215658,-1.146618557,On,Eco,1,Low,374.1597556
34.71971508,1029.100044,293.0419925,83.90058763,City,35.42997433,2.858358019,On,Normal,2,Medium,113.6645186
63.84677293,2331.893206,146.1179714,56.08812306,Mixed,262.1774188,-4.470474554,On,Aggressive,1,Medium,304.6623875
30.78819996,1500.578286,64.89914237,41.90583183,City,230.9186676,-0.966638001,Off,Normal,5,Low,126.7775497
82.95034225,2047.975383,208.0030855,88.61912287,Mixed,6.30700186,-4.938814166,On,Eco,5,Medium,420.5953218
70.65291759,2181.146453,230.5895667,56.48888418,City,81.07830619,-4.917966128,On,Normal,5,High,362.8545342
40.14652281,1421.90323,155.3866117,42.48437866,Mixed,174.5297164,5.663895026,On,Normal,2,High,197.7086418
73.37532257,1534.65525,104.0342518,51.81795963,Highway,360.5231008,4.747606597,Off,Eco,5,High,403.1682154
101.8740802,1764.312615,133.4437427,66.81056739,City,396.1115084,4.673830576,On,Normal,5,Low,541.1082085
57.23926118,1874.037298,217.3919302,60.72165214,City,300.5305219,-0.402746831,On,Normal,5,Medium,247.5570721
108.5895013,1438.062859,178.6038887,68.10702137,City,299.7367062,4.090165761,On,Eco,2,Low,595.2398142
106.7503925,2488.593053,238.4217669,69.71143671,City,166.1098448,-1.665039438,On,Normal,5,Medium,533.5670157
92.8247874,2105.50701,112.3608587,37.4028619,City,228.3800956,-0.977783063,Off,Aggressive,3,High,509.6771733
95.10399823,1411.228015,262.0765484,48.89309784,Mixed,93.12684392,2.312297027,On,Normal,1,High,526.0892981
62.84362882,1960.648287,97.41238037,74.92205945,City,295.2607959,4.095076672,On,Eco,5,High,322.2862248
62.20328762,1653.056802,139.1797029,69.02203495,Mixed,23.91386121,-1.545550753,On,Normal,5,Low,271.6838896
106.3517887,2290.493337,201.8898312,35.30090021,Highway,166.8985083,3.830696847,Off,Eco,1,Low,599.0047118
59.29569996,1493.425106,236.847166,48.90885513,Highway,332.5446186,7.512410631,On,Aggressive,5,High,237.6474335
37.74983113,1281.780982,123.8835531,85.87932896,Mixed,391.9438376,1.4198709,On,Aggressive,5,High,132.9470791
42.21608706,1069.204388,287.5487365,81.72075935,Highway,278.6234452,0.292393979,On,Aggressive,3,Medium,156.0657191
86.83191722,2476.463848,229.466708,70.23857115,Mixed,78.9062562,-1.977508807,Off,Normal,4,Medium,451.3465949
60.63847481,1538.83251,112.2420076,34.37182923,City,228.4294165,-0.370066892,Off,Normal,2,Medium,320.1287681
45.94742718,1330.777703,234.1837286,66.4233112,Mixed,224.2051696,1.87466658,Off,Aggressive,2,Medium,188.5087783
95.10289029,1737.65271,227.1200867,30.73128791,Highway,386.3059836,7.273397271,Off,Eco,1,Low,524.4158697
69.09387925,1437.458983,240.6441772,69.66758431,Mixed,336.074684,-1.610215141,On,Eco,3,Medium,368.1772279
75.41129638,1349.350051,279.8113739,73.87269294,Highway,19.60458778,-1.990977484,On,Normal,2,Medium,385.5915437
42.31594837,1924.57675,230.8121245,59.83461718,Mixed,88.03727779,7.487616813,On,Aggressive,1,Low,177.2276727
45.42033611,1112.272611,144.4584703,30.22839866,Highway,336.7695679,2.875970859,Off,Normal,1,High,234.9839754
40.06848296,1763.489424,249.7241947,69.9966071,City,388.98881,4.55851082,Off,Normal,1,Low,170.6202437
71.16342394,1581.146952,227.0068219,79.18440513,Mixed,117.8688819,5.786044488,Off,Normal,2,Medium,362.2606043
92.05256094,1798.793948,197.8222046,65.15204808,City,276.2915268,-3.936725954,Off,Normal,4,Medium,473.2713642
88.58281951,1480.660935,144.9198944,72.55185028,City,123.1207382,1.302572971,Off,Eco,1,Medium,515.0491286
50.89846564,1855.481381,281.0518023,35.41928156,City,16.43872167,-3.178671689,On,Normal,5,Low,222.3688562
98.12401503,1122.727817,183.0611383,72.9193111,Highway,331.7921669,3.116079708,Off,Normal,4,Medium,516.2354508
38.45286785,1564.238434,210.7448105,66.85157772,Highway,295.539834,7.398516848,On,Normal,4,Low,143.4627092
39.12399761,1356.247912,159.6871411,49.8611835,City,21.32130088,-4.268704343,Off,Normal,5,Medium,150.2081164
97.94434261,1657.13457,247.3956741,71.12003972,Mixed,58.18486349,-1.43663906,Off,Normal,2,Low,550.4616568
49.55356489,1597.50416,141.8494815,68.73497294,Highway,399.8131284,7.995859951,On,Aggressive,2,Low,191.0549042
86.64926757,1946.775493,254.552254,65.9676144,Highway,260.3045169,-4.928662574,On,Normal,3,High,450.1185169
30.72636735,1943.136592,85.90594288,40.9767242,City,320.172323,-3.185773028,On,Normal,2,Medium,99.84489969
37.48808709,1620.047121,230.1508546,47.77330349,Highway,155.4501006,-3.949973276,On,Normal,3,Low,162.1683477
78.7430967,1272.434735,174.4517158,89.48296631,Mixed,207.2986691,4.932822944,Off,Aggressive,1,High,435.7397779
44.59327639,1872.870473,227.7008551,55.98655044,Highway,247.9526578,4.762081485,Off,Normal,2,Low,216.5683054
32.25709491,2449.773055,187.5349543,33.56559141,Highway,322.408234,5.108602589,Off,Eco,2,Low,143.8284199
67.35574053,1278.164087,92.23351865,83.94031865,Mixed,135.5625627,5.07313186,Off,Normal,5,Low,314.8552417
56.44163994,1103.588768,174.4779702,40.37592525,Mixed,268.9051174,5.85786364,Off,Eco,1,High,315.3957401
94.18055425,1396.841778,291.494153,54.21118917,Highway,310.2631251,5.047429433,Off,Eco,3,Medium,512.4803809
95.50631929,1619.380502,241.1617443,46.67993481,Mixed,322.053026,1.286103701,Off,Normal,1,Low,543.4557281
79.1538497,1459.282633,132.0454277,87.83252719,Highway,199.696461,4.691297161,On,Aggressive,4,Low,367.5025571
53.44269971,2252.064564,286.5873955,52.68591473,Mixed,189.3455258,2.769014406,Off,Normal,5,Medium,246.6368895
66.9301321,1739.541509,246.9471065,72.52301783,City,41.8131323,-0.235206537,On,Eco,4,Medium,330.0331654
86.18048217,1369.191822,147.4673091,65.90297832,Highway,199.0900243,5.87547033,On,Eco,3,High,479.836994
35.54468425,2425.298585,204.8577518,32.5785103,City,280.7733732,5.244515885,On,Normal,2,Medium,140.5342661
56.59976707,1187.59423,162.404545,53.05888071,Highway,368.2351949,-2.744611056,Off,Normal,2,Medium,310.4670279
95.78957607,1184.367163,83.20569453,53.40131776,Mixed,50.07983408,-4.682430019,On,Aggressive,2,High,520.9668863
62.48228338,1367.927289,253.4470575,89.38999952,City,387.5541207,-0.892327056,Off,Aggressive,3,Medium,304.8720084
79.97344091,1115.158182,105.85875,78.71572206,Highway,93.62895445,0.248977461,On,Aggressive,4,Medium,375.5680777
37.70674953,2127.479027,169.9291911,81.39925657,Mixed,70.34636967,-2.733351733,On,Normal,3,Low,116.9539531
92.16367801,1469.216251,228.633149,48.8112702,Mixed,45.80707156,6.116641546,On,Normal,3,Medium,487.4080012
38.03723919,2094.756988,283.7312853,49.74327691,City,396.054576,-4.563452375,On,Eco,4,High,137.9044825
98.92202036,2144.106202,75.05426171,60.93634251,Highway,224.4074051,1.287045943,Off,Eco,2,Low,527.5099861
38.52808359,1356.277826,154.3760536,67.86090796,City,108.2399913,-4.278793751,On,Eco,5,Medium,138.005641
101.2714211,1777.545458,207.515454,73.69760929,Highway,127.0136754,1.976284099,Off,Eco,3,Medium,540.0960074
59.10158994,1779.388264,247.0342333,79.24811135,Mixed,380.1084708,1.027440127,On,Eco,3,Low,287.6476945
79.96245854,2307.046619,281.0234823,82.39213316,Mixed,359.9873858,5.14197853,On,Aggressive,4,Low,356.8657448
97.72404413,1038.446275,60.11935561,31.47755465,Mixed,139.9934328,3.965775123,Off,Normal,5,Low,501.867817
30.81931368,1475.200515,210.6632118,77.76575298,Highway,25.43418166,5.97141972,On,Aggressive,3,Medium,79.31181424
51.25545291,2323.734071,61.66486205,66.65021939,Highway,333.4089628,2.076504766,On,Aggressive,1,Medium,232.7186929
102.6670657,1355.204834,248.941269,61.92508677,Mixed,365.7688499,5.69168252,On,Aggressive,5,Medium,511.9286677
61.05408485,1205.319985,95.91998328,67.70798021,Highway,335.0133274,4.348761855,Off,Aggressive,3,Low,298.6155246
86.51007406,1864.208642,274.7089534,82.91629475,Highway,365.1917113,5.133511343,Off,Normal,5,Medium,448.8195008
41.20096449,1458.815143,97.22981658,62.71745366,Mixed,230.3608124,2.80880273,Off,Normal,1,Low,195.9362516
84.26972811,1700.94174,243.4389557,39.73128035,Mixed,335.8635424,4.354490207,On,Normal,1,Low,436.1811023
35.85287964,2230.019148,129.4329427,56.20662901,Highway,377.5647601,0.222294552,On,Aggressive,5,Medium,109.4929199
87.38601118,1781.045463,193.7409316,85.46757201,Highway,355.9612943,-3.895233271,Off,Aggressive,2,Medium,421.2174386
55.90439635,1773.834674,206.0242164,78.86902541,City,234.870461,0.415609959,On,Aggressive,5,High,227.8978216
67.26781248,1417.274014,109.6225557,42.18273608,Highway,298.612408,-2.745794778,Off,Normal,4,Low,353.327035
43.30081448,2189.298347,131.687252,72.84862505,City,288.5211815,3.181930565,Off,Normal,2,Medium,187.5847155
80.22792142,2109.721936,85.80186778,45.37360329,Highway,321.185854,-1.577849439,On,Aggressive,1,Medium,415.2666788
57.0054103,1351.180772,61.26936129,50.91221982,City,91.53989694,7.455839468,Off,Aggressive,2,Medium,255.606446
60.67000048,1480.00678,117.4723292,58.13504184,City,0.871243156,-1.474482347,On,Normal,1,Low,309.2485691
82.175434,2182.942289,183.8405654,56.45217767,Mixed,203.9598381,-3.724274898,On,Normal,1,High,432.9600208
44.3089329,1536.576703,231.2633423,31.7567896,Highway,306.2203426,6.448104752,Off,Aggressive,1,Medium,206.6836915
98.16071149,1605.339424,250.45431,76.4405535,Mixed,50.04896891,0.387347159,Off,Normal,4,High,526.4774496
89.14291245,1546.618407,76.74383058,80.78315965,Mixed,213.114894,-0.374773893,Off,Aggressive,4,High,464.8528754
76.21840025,1242.44879,125.3790928,61.85659438,Highway,125.7635936,6.51004871,On,Eco,3,High,392.7159453
40.26664537,1511.344803,244.8537549,40.37706497,Mixed,335.296095,3.494911682,Off,Normal,4,Medium,174.987163
84.96877555,2204.402955,175.40853,44.87628153,Mixed,40.1016078,1.918231049,On,Normal,1,High,442.9328729
31.44794977,1736.613032,103.724877,37.58005265,Mixed,339.1576169,-0.747325468,Off,Normal,5,Low,101.9750623
94.35166412,1687.326225,154.1313619,40.17037526,Mixed,244.3068814,-1.197576069,Off,Eco,2,Low,534.8005816
54.30381574,1234.526764,124.8082058,82.58384363,City,367.777873,2.533646187,Off,Eco,5,Medium,250.1438959
39.37692404,1266.354758,72.15684126,58.80976745,Highway,374.2506718,1.51813015,Off,Aggressive,1,High,182.3683917
43.15911632,1064.425247,243.2705149,36.66080807,Highway,323.5509526,-1.411963959,On,Normal,5,High,181.9444112
107.0507519,1020.933297,130.0064786,45.28471572,Mixed,212.0440619,-2.607374339,On,Normal,2,Medium,593.3806676
91.90643343,1732.021057,286.8315187,86.97008497,Highway,57.02359788,5.634123698,Off,Normal,3,Medium,500.6086008
49.02975787,1613.848533,273.1500097,60.55594141,City,90.16955085,3.940709707,Off,Normal,3,Low,200.0853379
107.0772995,1413.066358,231.9065953,60.93805778,Mixed,167.1007474,7.91280931,Off,Aggressive,4,Medium,557.0842053
41.20941365,2485.069811,138.3922529,61.53869183,Mixed,291.6085663,1.705401378,Off,Normal,5,Low,186.3320428
88.68217695,1596.994293,127.1816526,36.69700886,Mixed,217.9416946,7.927043027,Off,Normal,4,Low,485.7111221
82.53917015,2183.270349,174.0651552,88.21881952,City,175.3208396,0.990744969,Off,Normal,4,Low,413.5483368
95.71814179,1315.81839,145.1046001,35.06914484,Highway,191.0137446,1.954438141,Off,Aggressive,5,High,516.3975748
60.53589765,1370.561813,276.2779978,72.00230527,City,296.5946274,-2.281608463,Off,Normal,5,Medium,275.6227449
62.14683666,1852.587051,89.63883343,33.46588914,Highway,13.74257387,-3.056381553,Off,Normal,2,Low,334.1050362
79.96536148,1006.042405,233.8722181,56.61550623,City,177.0523748,7.222853431,Off,Aggressive,5,Medium,386.8274578
61.85646056,1026.138193,206.6152306,83.98069638,City,229.0812623,7.755803958,On,Normal,5,High,282.9200111
33.30807142,1213.328082,253.5122859,76.10667254,Mixed,235.4853446,2.118276098,Off,Normal,4,High,124.5514485
88.37664254,1334.681562,190.1969584,50.0805613,Mixed,247.4748419,-1.460698669,Off,Eco,3,High,503.9559326
81.27568504,1791.774274,211.0897626,63.08086596,Mixed,21.37975815,7.368236646,Off,Normal,1,Low,475.1183587
63.89702502,2029.344146,291.0577517,39.91647934,City,223.1791637,5.357722916,Off,Normal,3,Low,324.696146
54.22636487,1467.817996,82.07077265,87.36721437,City,220.2197609,-2.662491237,On,Eco,5,Low,204.0856282
55.65806707,1358.606404,85.16775812,72.52064062,Highway,341.9415409,-1.121571265,On,Normal,1,Medium,265.7719206
89.2822899,2234.216768,154.4658443,52.45762566,City,304.0308354,-4.945314911,On,Aggressive,5,Medium,435.53564
88.33287032,1244.165477,173.4558704,49.07607571,Highway,12.49066671,2.56603201,On,Eco,2,Low,443.9196476
95.51347363,2017.489833,107.9692901,44.31832497,Mixed,222.3661456,1.843150932,On,Eco,5,High,495.6525732
90.97443426,2396.995775,79.84027128,77.19117296,Mixed,276.3776408,-2.869443692,On,Eco,1,High,505.7766573
90.63553617,1348.316365,65.32230158,56.07685502,City,232.0572914,-0.588754334,On,Normal,2,Medium,493.5388994
50.14185872,1130.448048,243.5021401,49.81303326,Highway,270.547687,7.209867374,Off,Normal,1,Medium,269.3317248
38.12900437,2469.638341,176.4137745,84.31330482,Highway,46.66239393,3.436916653,Off,Normal,2,Medium,186.9847222
90.94018128,1406.160694,262.4168232,39.01307685,Mixed,67.69674854,6.218994748,On,Aggressive,4,Medium,459.0360821
37.88944157,1413.494814,146.6009364,45.83012964,City,233.0948939,5.8980504,Off,Eco,1,High,182.091333
108.5689124,1725.658437,228.8270712,50.68594275,Highway,320.2742323,6.968572922,Off,Normal,4,Low,567.8868915
100.0071414,1346.586489,177.2449254,45.59108913,Highway,10.39557527,-4.459970973,On,Eco,4,Medium,540.3757062
72.67692815,2489.308533,206.8967997,65.12418247,Highway,174.496096,-1.587878739,On,Eco,5,Low,341.3914701
58.17468521,1064.448829,148.8472419,66.06186669,Mixed,396.8214982,0.402449565,Off,Eco,3,Medium,283.0220913
72.14744288,1677.209618,79.48074491,33.28493835,City,306.2983054,3.321269536,On,Normal,2,Medium,345.9340968
88.74414665,1822.520103,287.3696597,38.67174384,Highway,180.0746015,2.905647545,On,Normal,1,Low,469.6570743
90.50639828,1700.426287,260.6615647,41.91172538,City,39.21617095,-1.800619847,Off,Eco,4,Low,483.8608863
35.89327989,1780.784459,134.8540256,34.21968411,Highway,143.6730277,-2.493548709,On,Eco,5,Low,122.1231254
94.38832759,2481.368716,290.0887045,37.48571936,Mixed,61.77150655,0.686353068,On,Eco,1,Medium,550.2696557
81.31976654,2315.352376,132.1172955,44.37908334,City,368.3115745,-1.741948323,On,Eco,5,Medium,410.2489585
33.24636911,1462.665519,166.3176049,50.73723644,Highway,274.2577534,7.546454065,Off,Eco,1,High,162.6268146
55.05289647,1827.215574,241.2325586,77.47854072,Mixed,342.2790071,7.550969453,Off,Eco,5,Low,265.1396224
70.8513095,1000.466519,134.1610196,43.07430473,Mixed,358.9858094,-3.52641465,On,Aggressive,5,Low,316.008003
45.07611938,1614.353502,137.8819149,70.20154989,Mixed,242.755934,4.166219369,On,Normal,3,Medium,191.7139318
42.41924231,1245.811334,158.4197181,33.47286118,Highway,2.639350609,-2.033036832,Off,Normal,4,Low,199.6356606
31.14249317,2067.040886,172.4134463,69.49445558,Mixed,222.4288274,4.326617788,On,Aggressive,2,Low,76.49471006
102.9240507,1331.634366,89.66789804,77.68315234,Mixed,320.9980005,4.972386424,Off,Normal,2,Medium,562.362624
34.4886364,2123.343468,64.19799792,66.28847693,Mixed,125.7958879,-4.373830156,Off,Normal,1,High,137.6061809
59.28091372,1469.739751,280.5977263,42.08353742,Mixed,371.1006096,4.03952827,Off,Normal,1,High,300.7446031
46.46173098,2388.742932,144.7652717,49.82448083,Mixed,398.7276778,6.658360842,Off,Normal,3,Low,199.0316583
89.28264818,1668.124903,84.40526437,78.31088093,Highway,219.7051601,-2.188068753,Off,Aggressive,1,Low,478.8686053
86.5747726,2259.27658,242.2011365,55.91831355,City,212.4964448,-3.497620346,Off,Eco,2,Medium,466.3392798
94.49779296,1942.249005,130.814561,45.31407888,Highway,262.0757259,2.368718996,Off,Eco,4,Medium,521.2062803
79.3446641,2466.097322,103.5993778,85.96149219,Highway,226.5355191,1.726970265,Off,Eco,3,High,421.5419252
77.33225283,2114.084126,291.0266479,68.2412914,Highway,64.18237968,6.5150088,Off,Aggressive,1,Medium,403.9894418
62.56885724,2091.554983,280.9302939,78.34288263,City,108.4435509,0.864116668,On,Normal,3,Low,298.7021102
80.90869601,1397.298974,85.3790059,31.47011309,City,80.71551241,0.376143737,On,Aggressive,3,Low,429.592115
39.2164468,1757.289626,275.8284504,50.36019499,Mixed,28.85017301,4.281610795,Off,Normal,3,High,157.3162796
84.76102794,1435.170533,273.8082062,57.53381414,City,56.15565777,-3.993436233,On,Normal,1,Medium,459.220677
38.31182063,1028.940156,212.2498927,65.24529325,Highway,388.9308894,-4.258436589,On,Normal,5,High,162.2871616
98.9391922,2065.877999,187.1371202,41.39831319,Mixed,221.9921101,1.563931389,Off,Normal,1,Medium,571.8807833
70.45462447,1353.75475,112.1852443,59.87721316,City,50.36137436,-3.842589525,Off,Normal,1,Medium,388.9250004
72.42855236,1595.986046,89.1322261,71.13752206,Highway,285.2381002,7.20870859,Off,Normal,1,Low,356.3088707
76.78860818,1426.958181,205.5285722,50.7525634,Mixed,190.7151647,3.505136218,On,Normal,1,High,424.5081435
92.08419992,1299.453785,257.2697416,71.48653218,Mixed,89.86847953,4.797430801,Off,Eco,1,High,550.1799313
68.27764967,1100.678987,225.2745251,53.37924242,Mixed,377.4281485,-2.02465407,Off,Normal,3,Low,355.7019108
64.20704589,1506.834863,103.3921017,58.16780414,Highway,89.81726329,1.422342307,On,Normal,3,Low,318.4627012
53.06667654,1122.617385,129.6044737,38.05757403,Mixed,39.03591026,-3.259999449,On,Aggressive,1,Medium,265.1887952
40.24314806,1810.478711,191.1402209,69.07647396,Highway,82.30911147,-2.359652295,On,Aggressive,4,Medium,148.8706814
45.22740329,1029.436156,209.9982042,43.45654128,City,364.7713327,2.386714855,Off,Normal,4,Medium,214.9889898
30.04222749,2410.029819,77.340627,79.73100774,Mixed,343.1183223,-1.361137054,On,Eco,5,Medium,60.28331808
99.55373182,2449.712529,207.3723932,63.20660226,City,357.7298493,6.922666294,Off,Aggressive,4,High,561.1716834
91.19667159,1456.980772,236.7166548,63.61540498,Mixed,366.4715711,7.938158552,On,Eco,2,Medium,502.7630781
47.49459431,1390.291961,103.5258837,84.74859134,Mixed,30.99946898,-4.94895308,On,Normal,2,Medium,219.3542662
30.19120725,1156.6078,119.0924916,40.04416268,Mixed,284.5328343,4.868284652,On,Eco,4,Low,106.4715134
69.36930439,2357.37839,122.1351816,61.81408067,Highway,265.8084903,-3.500634259,On,Normal,1,Low,318.9269737
63.00585595,1880.295888,285.5544606,52.93230063,City,397.1633516,2.47009828,Off,Normal,4,Medium,276.6891732
92.08052971,1915.187384,157.683869,87.97944451,Mixed,285.8696884,-2.029713876,On,Normal,2,High,489.190302
62.23164054,2343.784694,187.3371495,77.56284281,Mixed,316.8125647,7.543361082,Off,Aggressive,4,High,291.0987243
99.1290246,2366.180191,233.8354439,75.45005188,Highway,285.9945915,6.385490855,Off,Normal,3,High,550.0581079
37.66705833,2242.512505,149.1504632,42.24728137,Mixed,248.2327152,2.740172943,Off,Normal,5,Medium,145.2683934
59.2686469,2160.162342,85.33333127,44.23939475,Highway,221.2093681,-2.711784205,Off,Normal,3,Low,288.4581982
104.7152719,2315.861833,217.037249,31.75084964,Mixed,387.704171,5.174856565,Off,Eco,3,Medium,587.2644961
30.93836979,2313.95591,220.14556,68.31212172,City,374.5368222,1.763874257,Off,Normal,5,Low,88.08889088
61.26315392,1552.967284,122.5314756,52.25012291,Highway,175.1400656,2.950320988,On,Normal,1,Medium,290.6471508
50.77626081,2460.08683,68.45493836,48.72244166,Highway,113.66155,4.333261881,Off,Normal,5,Low,209.0932391
72.5488578,2063.69832,219.684757,68.22187353,Mixed,203.6277439,0.412316028,On,Normal,1,Low,372.3431129
52.30134402,1555.314151,228.8221326,79.72125692,City,298.4458356,-4.899393207,On,Normal,2,Medium,242.0004187
99.59264364,1663.074276,66.25557422,37.98177276,Mixed,160.3790878,-0.265768668,Off,Normal,4,Low,498.7434233
104.9710602,2030.696587,226.3639844,85.11968723,Highway,214.89238,0.377140242,On,Normal,2,Medium,555.8113668
97.93074377,1541.648364,285.3428566,32.05627375,Mixed,119.4823641,-0.229969355,Off,Normal,2,Medium,547.1501514
61.88542762,2239.836568,102.9084679,35.70638041,City,171.0817474,5.803713786,On,Aggressive,2,High,306.0255854
109.1947012,1222.095432,185.1177011,80.28768835,Highway,382.9181596,-0.679421182,Off,Normal,4,Low,592.1537776
88.80290533,2361.391448,227.2263491,59.56222961,City,85.94334767,0.412385213,Off,Eco,1,Low,508.563685
58.44871493,1451.796268,115.2190565,86.35529126,City,395.4937728,-4.199156589,On,Normal,5,High,247.5695297
37.4954257,1229.069178,240.371734,57.6991798,Highway,86.21595334,4.319151931,Off,Normal,1,Low,162.6608977
83.36371331,2287.036422,268.3412231,85.56737916,City,127.6943928,-2.199556075,Off,Eco,1,High,442.3549881
88.28539554,1359.194858,255.4922306,44.37777754,Mixed,34.86599292,-1.944849892,On,Normal,3,Low,458.1504014
39.79673063,2265.093607,122.1357397,66.98697737,Highway,300.8381956,2.629104139,Off,Normal,4,Medium,139.9762713
73.97890814,1444.396605,253.0119458,89.66808018,City,7.05379432,7.786194997,On,Normal,1,Low,362.6852661
108.9670387,2400.796431,159.2023787,52.56376848,City,315.1363613,0.331880829,Off,Aggressive,1,Medium,584.8598747
56.0993682,1328.61646,123.951222,30.08728107,Mixed,230.8533121,-0.746952091,On,Aggressive,2,High,285.2545555
54.15160179,1104.474987,100.3131521,33.84313233,Mixed,299.5068509,-4.529318492,Off,Eco,3,Medium,262.6181608
102.2641733,2404.796745,278.1555462,81.54357621,Mixed,313.2481856,5.23586031,On,Normal,5,Medium,507.6232123
39.39328357,1248.438613,162.45541,59.51313811,Mixed,49.75289898,-1.603262961,Off,Normal,3,Low,178.0512972
104.6822003,2416.198813,267.7754849,62.2030919,City,8.556541377,4.994919718,Off,Normal,2,High,604.6024374
92.35896482,2235.966025,98.29079734,77.96556628,City,67.50659274,-1.330549097,Off,Eco,2,Medium,503.0754373
61.26723271,1122.888085,244.0784319,78.69474052,City,153.6270186,-4.611443514,On,Eco,2,Low,320.5813446
36.68380963,1667.702798,86.40320347,58.64527848,Highway,29.32657678,1.476750927,Off,Eco,4,Low,153.2378028
31.5339633,1110.099487,64.21558706,81.48364661,City,182.6958283,6.778754499,Off,Aggressive,2,Low,125.9959711
60.06649572,1494.679847,298.8118339,58.1054975,Highway,114.0357493,-2.262316636,On,Eco,1,Low,305.0510967
86.42828676,1527.254617,77.64895998,70.50128246,City,145.5339903,-2.999038274,On,Eco,4,High,433.4232829
69.00233708,1899.449995,170.7697085,32.00170986,Mixed,376.1469663,-2.597799677,Off,Eco,2,Medium,365.2010208
89.09215142,2463.843352,270.8124919,38.27996321,City,289.7082889,3.973595169,On,Normal,4,Low,451.7317679
83.6456679,1254.64516,256.6510915,81.08520224,Highway,263.263995,-0.223838438,Off,Eco,1,Medium,479.1583468
75.83257515,1493.726447,173.0821711,48.78710534,Mixed,261.426081,-1.671209219,On,Eco,2,Medium,407.2662766
107.3999265,1880.653741,206.6036416,50.08463644,City,222.1523965,-0.609931938,On,Normal,2,Low,597.4635668
88.27075475,1257.131283,211.1294764,69.77947183,Highway,205.1921742,-0.981753444,On,Normal,1,Low,454.3255403
103.1690759,2066.064493,86.35799592,65.55228904,City,352.8610212,2.069102088,Off,Normal,2,Low,542.6027411
49.37284515,1605.489574,128.3769826,34.93131844,Mixed,30.00077105,-3.266663989,Off,Normal,1,Medium,265.0908767
87.09117014,2424.358443,132.2359587,75.94590206,Highway,115.4080042,1.613377999,Off,Eco,2,Medium,486.3925728
77.82422907,1944.806418,150.7507561,67.03334577,Mixed,41.65085506,-0.947272252,Off,Eco,2,High,430.0330024
103.9436877,1544.621067,125.7402084,81.31991117,Highway,4.421141222,7.124209307,On,Eco,3,Medium,554.4393199
70.83624141,2079.209682,120.3596308,62.1298146,Mixed,5.546828578,0.483614095,Off,Aggressive,4,Medium,343.7606321
52.37131032,2258.131867,145.1485231,54.85949016,Highway,9.603912481,-3.6998767,Off,Eco,5,High,246.0302283
60.78711683,2200.719646,151.0143619,52.28042746,Highway,272.6950103,7.136915636,Off,Aggressive,3,Medium,297.5320938
47.50638443,1394.146591,176.9337736,30.26513557,City,44.5619763,7.18750177,On,Aggressive,3,Medium,212.5014829
47.59783995,1625.475028,101.6484965,32.38705336,Mixed,80.96363308,-2.71857387,On,Normal,4,Medium,224.8279307
67.63372688,1678.266492,249.2007992,37.87268552,City,167.5936267,5.613518215,Off,Normal,3,High,357.9636796
101.4055068,1582.575088,266.5602481,85.77224321,Mixed,107.7001018,6.205230853,On,Normal,1,Medium,550.5746623
45.34954743,1466.295374,119.559572,82.83903194,Mixed,326.6790542,-0.377246345,On,Normal,3,Medium,158.9629325
53.02960097,2129.121699,89.59217451,59.8317813,City,249.3816347,-2.92649328,On,Normal,5,Medium,223.5493999
98.23905024,1018.336365,233.3548755,40.8117836,Highway,133.3234418,5.379831991,On,Normal,1,Medium,548.1453698
57.1405022,1440.316343,281.8188295,38.76668163,Mixed,127.1131793,-4.63202084,On,Eco,4,High,268.3437005
106.9930722,1212.425885,68.4356014,45.36783562,Highway,273.4774888,3.052297228,Off,Normal,4,Medium,606.9355818
51.51362212,1193.153974,63.46463497,84.52336973,Mixed,68.26798746,-0.554323762,On,Normal,4,Low,202.0658327
65.37147374,1415.438,104.0221107,61.28808354,City,112.2182766,2.748347687,On,Normal,1,Medium,333.2646393
37.64879514,2143.229637,224.3501965,78.2425107,Highway,141.3735019,5.255017639,On,Aggressive,4,High,126.582097
109.3740636,2454.132804,291.5474419,60.40526127,City,181.8582771,5.773596794,Off,Eco,4,Medium,595.3393843
101.2113636,1771.9277,240.0914292,66.56683907,Mixed,76.21272894,7.980075011,On,Aggressive,5,Medium,508.9889117
95.40498023,1508.457726,197.5278241,66.6061569,City,62.89319991,3.322929525,On,Normal,2,High,513.6793513
42.58739764,2243.755699,228.1318543,31.88026658,Mixed,395.984033,-2.094967077,On,Normal,2,Medium,185.0468305
107.5486446,1100.655138,115.3675947,56.71611108,Highway,365.2792099,-1.410669728,On,Aggressive,2,High,554.615007
104.3321029,1139.751913,225.2524675,81.84294222,Highway,209.4472906,0.669886038,Off,Aggressive,4,Low,551.4342751
64.85371536,1518.049472,137.1467888,59.34591791,City,306.2201254,6.030118114,Off,Normal,1,High,360.7941269
84.53096238,1672.612749,113.3813119,56.12012528,City,269.6015102,-0.230884659,Off,Normal,4,Low,452.3141848
109.3966742,2196.756804,116.7734396,61.59273445,Highway,30.04573073,3.947509386,Off,Eco,2,High,639.7736742
62.77961756,2387.895909,220.2690604,52.84602228,City,207.1589762,-4.413859183,On,Normal,5,High,275.8191705
39.04365512,1796.914802,244.1341733,60.92399805,City,73.56776582,0.590753676,Off,Aggressive,4,Medium,161.9001674
99.42232279,1743.467004,199.6325065,38.12068897,Highway,233.6233258,-2.82866037,Off,Eco,4,High,536.6465508
68.11880948,1319.516529,75.32526273,88.07680712,Mixed,24.71659075,7.199758381,Off,Eco,4,Medium,346.1014251
108.9575564,1676.772316,69.12224009,32.0477964,City,65.16350132,5.288661251,On,Normal,1,Low,588.4005519
74.07142883,2385.466347,112.120044,58.99244585,City,312.6871402,-3.196370292,Off,Normal,5,Medium,382.9671148
32.35820829,1589.349304,128.7524886,42.59955194,Highway,337.2989589,0.224067426,On,Normal,5,Medium,99.84964528
69.33815709,1316.023732,157.1567743,33.50134836,Mixed,362.984243,-3.952307648,On,Normal,5,Medium,303.0499513
87.44497035,1505.942544,78.24673857,69.10232271,Mixed,358.6906189,4.70526286,On,Normal,5,Low,423.6137569
32.08240226,1771.891919,234.0381038,89.1108755,City,362.8115793,-2.512248116,Off,Normal,2,Low,97.76610809
63.07589715,1897.877546,230.7595581,74.97629724,City,37.88359575,5.456341729,Off,Normal,4,Medium,300.8874602
42.44481604,1648.644819,143.2026225,45.24124004,Mixed,263.7954581,-4.037705524,Off,Aggressive,5,High,168.3983589
81.44774568,2137.804269,195.1206058,59.60334375,City,280.421501,2.448446887,Off,Aggressive,3,High,432.9313663
106.5876679,1876.680073,84.21982665,32.98689336,Mixed,107.2780141,2.906615709,On,Normal,3,Low,586.8640745
79.96679236,1997.572201,159.6524743,61.90021547,City,397.1723021,-0.653648425,Off,Eco,2,High,421.5864899
85.59021651,2294.378387,265.8155418,35.96779189,City,114.3314163,-2.865293103,Off,Normal,3,High,465.1482885
61.72503203,2298.532855,218.5493911,77.67645857,Highway,229.9551635,-0.790220463,Off,Aggressive,3,Low,282.3423835
75.05126952,1305.262468,84.94650616,33.40238394,Mixed,348.9421689,1.441652825,On,Normal,3,Medium,362.1779848
73.50861677,1935.017117,263.4187275,30.56165795,Mixed,115.6744456,7.598399379,On,Aggressive,2,Medium,365.6282477
90.76850762,2074.961292,223.3670951,81.69342231,City,242.6021278,0.810243848,On,Normal,4,Medium,469.2274868
98.55293176,1218.77943,168.7335106,86.55253267,Highway,288.0058696,-2.53803612,On,Aggressive,2,Medium,493.3173045
83.03087554,2264.154756,226.1018494,35.19324151,Mixed,250.6842511,-4.663479026,Off,Eco,1,Medium,483.6447176
108.3847042,1270.704793,101.4768613,46.73499954,City,162.3859646,-4.893017383,On,Normal,1,Low,576.6722066
96.2630714,2198.919135,192.1167529,74.5018367,City,377.9019534,0.41759381,On,Normal,3,Low,516.03182
39.97173991,1242.198635,208.3024809,62.37920792,Highway,244.9239839,-1.147979042,Off,Aggressive,3,Low,158.737926
70.59803187,2112.667805,282.6587575,86.95420878,Mixed,89.74409894,-3.503934907,Off,Normal,4,High,345.2033226
102.2588863,1222.221968,76.05401059,53.35080066,Mixed,322.4516983,-2.761719743,Off,Eco,3,Low,577.5609072
105.5147895,1568.243966,149.9478514,30.19937336,City,262.351347,-0.451222178,On,Aggressive,1,High,613.3692863
60.41647507,1215.2742,284.8355304,31.18473837,City,43.80608069,3.926192015,On,Normal,3,Medium,313.7046728
88.05632492,1406.072644,112.1330532,63.89126736,Highway,111.2568455,2.924643372,Off,Eco,4,Medium,476.7073636
62.84363869,2476.772166,255.1680788,75.12632387,Mixed,63.25519373,-3.960580701,On,Normal,1,High,331.7722079
39.89277777,1161.513484,60.38532839,77.43702108,Mixed,29.06921545,-3.140654802,Off,Normal,3,Low,200.7790513
100.7689044,1609.69724,66.21217676,84.69102235,Highway,92.07990098,6.809238827,Off,Normal,4,Low,530.1841257
104.5562498,2015.379011,138.6294925,43.74447245,Mixed,111.2553226,-4.075943716,On,Aggressive,4,High,551.5913324
70.3800425,1141.897856,244.4408906,74.30435432,Highway,186.6100664,-2.414653809,Off,Normal,1,Medium,362.987336
31.46459447,1163.549481,84.99443262,79.62588571,Mixed,387.7052004,-0.866751669,Off,Normal,1,Low,119.2266403
95.28290006,1214.894309,151.8848745,80.17652109,Highway,377.3075134,-2.008452119,On,Eco,1,Low,509.3140077
68.1568293,1967.479567,91.5523605,54.69261413,Highway,301.4732756,-1.219101619,On,Normal,4,High,322.6265604
36.0022686,2364.005377,113.6624567,67.55898041,City,258.6045747,4.460625513,On,Eco,1,Medium,169.1701168
45.15131863,2238.984181,180.7186061,63.09391821,Mixed,378.9090677,-3.764829171,On,Eco,1,Low,178.7866635
42.16954722,2474.582859,136.5932981,65.84915609,City,56.97888108,-0.420965785,Off,Eco,4,High,196.5682626
84.90230931,1867.206827,110.859035,46.92187416,Highway,132.1322113,2.952480776,On,Eco,4,Medium,442.7298336
53.95275943,2442.215957,154.4392755,70.9940669,Highway,221.3308796,-4.365067615,On,Eco,1,High,261.8289823
40.21524138,1457.401248,228.2531914,72.60103862,Highway,325.5736675,-4.424169194,Off,Normal,1,Low,192.7501391
103.4119061,1632.256891,88.66034558,41.75690306,Mixed,249.5146541,1.48137734,Off,Eco,1,Medium,608.6364171
106.5224847,1594.062052,175.1026669,56.61794632,City,323.5476752,6.69771913,Off,Eco,4,Low,587.1962191
41.08606982,1071.03622,125.9327301,55.32633458,Highway,61.23002121,0.781989838,Off,Aggressive,5,Medium,165.5666507
48.41886826,2244.557903,150.8690096,74.9370389,Mixed,77.09393896,0.286380582,On,Normal,2,Low,207.8775363
77.36965757,1037.077283,257.1732429,69.99018361,Highway,296.226091,-4.867948685,On,Normal,3,Medium,394.3024845
42.04062796,2094.814377,283.1351951,58.57174983,Highway,139.3262209,4.525247973,On,Eco,2,Low,206.0176979
42.68733543,1610.597174,118.3146972,69.15187858,Highway,174.4377568,-2.866893111,Off,Normal,4,Low,193.3897482
56.92608334,1009.371574,211.1930296,45.77169631,Highway,316.6658147,4.080417449,Off,Normal,5,High,305.6682336
105.9336266,1434.920354,222.4025472,43.94087294,City,28.01448814,-0.469418618,Off,Normal,4,Low,591.9741739
106.9953757,1519.191544,262.1966398,44.39517917,Highway,67.19179783,-4.415149209,Off,Normal,1,Medium,585.1816132
97.34305999,2447.053707,275.7701924,31.76986052,Highway,118.3243252,-0.73729076,Off,Normal,3,Medium,546.9728865
85.65703343,1991.618646,172.3180314,71.46457568,City,353.3973879,3.574284378,On,Aggressive,2,Medium,419.4378937
87.65386927,1815.357387,295.8181549,89.15088523,City,161.9523494,4.988402509,On,Aggressive,4,High,449.8003001
67.56582745,1190.575846,292.9989537,48.54192849,Highway,100.8435397,3.262073318,Off,Eco,5,High,349.5950435
72.41237025,1586.656509,181.552313,85.7900017,City,271.3709474,4.24379017,Off,Normal,1,High,368.1345552
80.7562128,1053.64653,190.087709,66.39255656,City,12.11605421,-1.933116399,On,Eco,5,High,418.5449533
88.502931,2142.528128,220.2599615,43.49605592,City,310.0427058,7.548226329,On,Normal,3,High,460.726678
37.7476938,1244.165053,149.7158746,30.71187823,City,279.1570843,-2.050163537,On,Normal,5,Medium,142.6985768
47.99096077,1891.653551,218.8905393,73.42388571,Highway,22.03331275,-2.788711958,Off,Normal,5,Medium,213.7882437
107.0354553,2049.087307,183.4284945,71.7944541,Mixed,199.211539,-1.752447336,Off,Normal,1,Medium,605.4980792
56.81138124,1549.763692,68.50482379,43.75519997,Mixed,161.6601662,7.636717308,Off,Normal,5,Low,271.6942195
51.47793686,1948.889728,264.6549448,49.96230535,Highway,63.25568486,-4.155602928,On,Normal,1,Medium,258.5424648
63.75290497,2146.349292,285.7069923,83.88280436,Mixed,61.61790563,5.054788836,On,Eco,3,Medium,312.038233
53.27366003,1276.185693,66.29497885,39.43399866,City,64.07928497,-3.631275458,On,Normal,4,Medium,239.0116913
37.2944154,1901.290493,249.4228365,80.12663209,Mixed,239.8649538,5.052788781,Off,Aggressive,1,Medium,150.8277282
46.63689055,2100.824703,152.5951826,40.15340655,Highway,68.44266052,-1.398687361,On,Eco,4,Low,199.6881684
81.21278381,1535.572134,200.551632,58.90362814,Mixed,23.83837598,4.446100931,Off,Normal,2,Medium,436.8128002
47.85460456,1243.736737,179.9987873,59.93791726,Highway,383.0307955,-4.362992215,Off,Normal,5,High,224.7359171
81.81337574,1429.174032,192.3145562,58.32537879,Mixed,15.66870195,-0.650259622,Off,Normal,4,Medium,449.4528355
38.00647159,2399.612,178.8447131,47.27577414,City,265.5584193,1.04011828,Off,Normal,5,Low,156.7759643
33.35010797,1536.171932,264.8100892,45.20188373,City,374.4131695,-4.731224119,On,Normal,1,Medium,135.7670838
98.92541461,1161.550882,224.0416043,73.98928614,City,15.17413324,-2.648971499,Off,Aggressive,5,High,521.3990164
90.80209564,1124.089761,159.0329413,46.54061419,Mixed,386.2927528,-2.805624316,On,Aggressive,3,High,471.2651849
83.28221463,1270.742599,225.2564595,66.59492227,Mixed,200.9356431,1.258222259,Off,Eco,4,High,454.6652351
32.47193863,1191.268504,291.6114766,80.79838123,Mixed,314.0340869,-3.26875085,On,Normal,5,Low,77.34657474
49.14831481,1742.56549,79.27398289,80.22206668,City,250.0487688,7.703209767,On,Normal,4,Medium,190.003347
94.98514617,1521.327166,153.1415932,40.02908449,Mixed,246.7387925,6.530087498,Off,Eco,4,High,531.2157701
41.5734132,2262.108482,268.9089678,69.28425858,Mixed,315.5034097,-2.083628363,Off,Normal,3,Medium,167.1983803
95.02827519,2321.617799,237.3732266,66.13674791,Highway,26.17600912,-1.95526999,Off,Normal,1,Low,514.601635
76.73868398,1709.919082,284.3829335,46.91907065,City,156.9559517,7.316557386,On,Aggressive,5,Low,350.4325835
89.22946942,2332.790657,69.55437303,53.48723886,Mixed,387.8272381,-1.105924966,On,Aggressive,2,High,477.3927657
81.56056628,1675.692458,267.0661462,47.10678148,Highway,21.83491224,0.502755817,Off,Eco,4,Medium,463.7519565
63.35916641,1962.943186,250.0317048,62.22390961,Highway,105.118322,4.119231835,Off,Normal,1,High,338.9501813
53.35818791,1243.802249,255.6093639,78.21764388,Highway,268.8427772,-0.52752403,On,Normal,2,Low,238.2866583
83.81833429,1078.873843,203.3430547,82.65020018,City,40.17424865,6.731938191,Off,Eco,4,High,462.9042486
94.55303054,1240.127765,72.46008843,73.36941559,Highway,214.6694278,2.657470988,Off,Normal,2,Low,500.4678883
33.57861089,1377.767854,189.3911829,59.00702167,City,285.3481677,2.374065933,Off,Aggressive,5,Low,107.3423638
60.3927147,2126.47284,157.8602729,87.48571702,Highway,302.9681519,2.205840711,Off,Normal,5,Medium,304.9302409
58.05838273,1260.257864,186.4900206,63.83274069,Mixed,224.4758372,-3.543386149,On,Aggressive,4,Medium,249.354362
74.75766724,1195.982043,237.6710337,58.71280132,City,200.2521236,5.275744262,On,Normal,4,Medium,365.2106844
39.11400451,2391.414069,203.0305523,81.40641738,City,285.5554918,2.437477304,Off,Normal,5,High,150.4858121
104.6735528,2033.203634,130.2150936,41.07739972,Mixed,58.02384629,-4.304250719,Off,Eco,1,Low,600.2500712
73.88082147,1709.958379,203.8817623,39.47270072,Highway,272.207168,6.054685947,On,Eco,2,Low,391.5054202
103.9002243,1142.45259,79.95322634,76.95254829,City,367.6981313,4.482956086,Off,Normal,4,Medium,562.1377393
95.35527388,2277.686367,61.28783789,82.23424982,City,273.101228,-1.24444066,Off,Normal,4,High,478.9187983
45.33110899,1162.387646,156.3667266,34.3664869,City,18.60145423,-1.28148948,On,Normal,3,High,213.9719113
40.58712098,1916.569798,241.7247267,75.8451661,City,202.3944729,1.561308371,On,Normal,2,Medium,149.0606263
98.9000192,2001.514739,257.4322154,55.46770322,City,290.5101152,-4.905986573,On,Aggressive,5,High,510.6708562
72.88801781,1600.208208,191.9614352,72.22360939,Mixed,17.29768632,5.525068644,On,Normal,4,Low,349.7257064
31.57941983,2366.825088,268.3216527,38.09816016,City,304.8793081,7.246591245,On,Normal,4,Low,98.79558407
104.7381399,1076.050918,90.21956414,88.38076516,City,112.6411225,0.805830205,On,Normal,5,Medium,541.8031304
67.84227195,2227.175359,291.3854053,82.87681764,Mixed,235.5092763,1.975463615,On,Eco,2,High,336.8822617
54.07490414,1830.691597,281.2224808,54.3583517,Highway,386.5374158,5.527201888,Off,Aggressive,1,Medium,255.2731203
71.32782969,1916.805587,203.8169401,83.60152957,City,397.971794,-1.391213458,Off,Normal,5,Medium,355.4916467
95.83347123,2480.238344,74.09330977,83.69554363,Mixed,253.7630789,1.392496248,On,Eco,1,Medium,511.7107585
38.8234188,1873.971705,169.0086871,57.67518149,Mixed,196.5934902,-3.557077306,Off,Aggressive,4,Medium,135.0459094
58.71463226,2195.541978,103.0255107,86.81313012,Highway,71.07692207,4.124800651,On,Aggressive,1,High,281.0211742
55.50933386,1230.296149,210.8220644,88.61142753,City,83.33349775,5.307114742,On,Normal,1,Medium,267.7250175
97.1719616,2213.934388,105.5916467,43.03276434,City,171.680005,-4.130226705,On,Normal,5,Low,496.8787237
92.27738208,2141.609361,175.6314385,34.00000078,Highway,280.9145348,6.471453494,Off,Aggressive,4,High,494.1407013
62.00832277,2452.16511,109.3504624,49.86898704,Mixed,307.7212466,-0.131246895,On,Eco,2,Medium,312.5927518
83.15906477,2403.565952,103.6428313,59.33011567,Mixed,88.76335143,6.988685964,On,Normal,3,High,438.3850262
61.55563858,1320.979818,119.5016582,35.56058392,Mixed,214.1667099,6.702242815,Off,Eco,1,High,357.566047
75.70510707,1697.399694,67.00714932,38.43957345,Highway,236.6420258,5.281695997,On,Normal,4,Low,379.987068
109.2972236,2367.224767,231.8675826,88.30194732,Highway,357.231208,5.791944794,Off,Aggressive,3,Medium,594.3712841
72.84595738,1961.147605,133.6143303,74.23803578,Mixed,350.5686247,-1.238145778,Off,Normal,2,Medium,401.3964722
109.0859786,1695.550591,227.5459329,82.49628416,City,326.9540805,-0.225272743,On,Normal,3,Medium,583.4270184
89.7759285,1163.408142,216.8347724,88.26927473,City,206.664596,-1.879201806,On,Normal,2,High,469.6866628
39.65778322,1527.636351,75.86703807,52.68866156,Mixed,26.03326149,-0.391438612,Off,Aggressive,3,Medium,144.761013
93.67729349,1997.859924,134.8883419,71.27183649,City,133.789393,2.304767051,On,Normal,2,High,480.613987
42.90285132,2165.371723,196.046528,41.04131967,Mixed,248.6881925,6.232395866,On,Eco,1,High,213.6741403
72.58628867,1670.750371,280.4162866,63.10003205,Mixed,255.0428796,2.11338425,On,Normal,3,Low,349.6248343
79.05961876,1083.76674,156.3167305,42.59270868,City,339.6291947,4.056919943,Off,Normal,2,High,426.1143888
101.3784364,1949.758273,181.1499709,39.62585777,City,151.7575864,-3.234721442,On,Eco,4,High,560.279352
46.83393682,2382.379588,240.0381128,35.9066179,Highway,374.6488544,7.214384276,On,Aggressive,5,High,191.9175154
100.0753658,1744.616123,252.7909137,64.78419375,City,65.2941072,2.581302419,On,Normal,3,Medium,534.5599129
104.7595021,2392.637052,281.6017209,86.99107196,City,19.94633271,5.085525019,Off,Aggressive,3,Medium,553.5677082
37.1589881,1531.151085,179.325465,37.33330769,City,70.67644483,7.981356951,On,Normal,3,Low,171.4589505
100.8228094,2329.548655,106.5211031,60.13886732,City,184.9292604,6.176432769,Off,Eco,3,High,565.7106133
50.73440389,2179.509629,243.4610952,71.22408704,Mixed,329.1633939,1.556794082,Off,Eco,5,Medium,245.1551149
36.48007595,2442.612325,90.13806351,59.75170084,City,61.53453639,6.284528952,Off,Aggressive,3,Medium,139.5595048
106.6859485,2186.531853,160.4021549,84.70655546,Mixed,219.274584,3.566032062,Off,Eco,1,Low,586.3781239
61.37627898,1482.219624,210.771132,39.97773904,Mixed,310.6365634,4.490235795,Off,Normal,1,Medium,326.8484117
79.83868041,2350.851291,226.0454847,31.44979566,Highway,13.94464634,3.284832402,Off,Eco,4,Low,466.180642
74.22984958,2004.596615,235.9266521,52.98708731,Mixed,16.60801435,-1.260760924,Off,Normal,5,High,395.8453708
47.05455397,1243.103989,106.447774,63.32932853,City,196.2364751,-0.651795764,Off,Eco,4,High,226.2111163
83.56525825,1068.94762,295.5958083,45.27042548,Highway,73.05851179,2.2584063,Off,Eco,1,Low,481.1333197
101.4426113,2143.308069,105.361746,92.67604094,City,14.18514295,40.29358745,On,Aggressive,5,High,494.3405767
55.59761685,1547.543764,293.409272,60.90756423,City,287.1419489,42.09365002,On,Normal,5,Low,234.2191676
66.18429596,2294.670207,158.1868023,97.29870725,Mixed,9.669649261,43.53700499,On,Normal,1,High,314.518046
84.02165406,1563.083813,209.7252892,58.47951534,Mixed,71.84467224,44.48668796,On,Eco,1,Medium,452.5603525
100.8404424,1279.062438,144.3797881,37.95872485,Highway,217.6947312,37.36216198,On,Eco,2,Medium,532.1395008
91.92936554,1733.592941,112.8423134,53.86590475,Highway,375.9932127,41.63571311,On,Eco,2,Low,502.6174501
42.43687229,1202.631248,225.0901638,99.88948145,City,26.37340349,41.24159584,On,Normal,3,High,186.5330017
45.49580532,1880.385355,285.4222097,73.81619191,Highway,231.5147745,43.80250731,On,Aggressive,1,High,174.7962199
35.45735245,1864.84811,74.27517554,53.79990974,Highway,131.5572139,44.06300915,On,Aggressive,2,Medium,131.9409303
79.7183127,1736.217328,258.0577091,73.6925368,Highway,267.7671886,42.84452332,On,Eco,1,High,427.2110437
65.22657467,1905.595188,141.9822692,60.03950807,City,381.1635263,41.35915646,On,Normal,2,High,330.4172312
100.066902,2462.972975,89.02162626,33.46840144,Highway,107.4361263,37.7933652,On,Eco,4,Medium,563.0290181
109.1526926,1574.915937,231.1857874,44.07893412,Highway,382.370794,38.48974558,On,Normal,2,Low,576.3995072
100.2845935,1634.161985,79.79267839,31.34647366,Mixed,348.2505204,41.4249038,On,Normal,2,Medium,563.0077628
33.7298534,1411.041935,234.6567799,47.8354556,City,242.8223663,37.25409388,On,Aggressive,4,Medium,128.8189403
105.5487007,1276.682093,164.591396,81.76955229,Mixed,303.2946688,37.65567756,On,Eco,4,Medium,538.0131712
38.23911452,1433.780798,99.53711507,43.53230161,City,345.9552017,44.20289043,On,Aggressive,3,High,158.5747862
65.77639785,1318.957121,97.72613371,66.96394653,Mixed,321.3874528,44.60680808,On,Normal,2,Low,306.466636
53.78640894,1648.703675,239.5685702,79.11226032,Mixed,130.6830743,36.04711234,On,Normal,4,High,246.9055708
42.51559863,1349.970309,258.7861353,68.40776922,Mixed,325.0416307,43.76233735,On,Eco,3,High,175.7770094
43.69899433,1776.02278,224.5500488,31.07593768,Mixed,125.4075365,44.44212217,On,Normal,3,High,187.958927
57.66671672,1429.465206,233.0028497,55.43393796,Highway,346.8317169,40.73165524,On,Eco,1,Medium,283.7621983
32.03152643,1637.017309,263.5548585,60.91413506,Highway,102.1864203,40.04010458,On,Normal,4,Medium,90.15282622
35.17251474,1193.887816,162.8528327,53.99273455,Highway,228.9043438,44.26919547,On,Normal,5,High,132.5038756
87.14239165,1245.927807,100.2439389,68.23846429,Mixed,277.1694578,36.06779841,On,Eco,4,Low,455.1863411
80.09861391,1921.174552,150.5448141,65.92075769,City,170.3164922,43.56437253,On,Normal,4,High,410.7677345
37.94862074,1847.989029,295.0286307,43.12151687,City,313.1889981,38.66918459,On,Normal,3,Medium,143.5483042
64.58755466,1256.826155,167.6373439,82.63818235,Mixed,370.142362,41.77045985,On,Aggressive,4,Medium,281.3820691
78.61674647,1442.214217,281.7336223,41.28145999,Mixed,74.50123763,38.90878226,On,Normal,4,High,408.9943333
37.81147929,1332.219569,228.6562063,62.12757592,Highway,13.37706067,40.70650267,On,Normal,3,Low,132.7485021
107.7597405,2196.185358,237.0586922,82.94115404,Mixed,250.6065668,43.27485446,On,Aggressive,3,High,557.7443811
97.88024021,1547.216874,105.6509786,78.80836005,Highway,240.874745,37.63142062,On,Normal,1,Medium,538.8927922
48.17972982,1608.944948,148.4953824,60.25301193,Highway,136.5217815,41.97526757,On,Aggressive,1,Medium,218.8846991
71.50906742,1997.34431,235.7725637,85.22442865,Mixed,314.1851907,44.08503152,On,Normal,4,Medium,353.8598151
70.61474436,1488.320914,217.3355008,79.96305271,City,330.4570195,44.10946538,On,Normal,4,Low,294.9359554
56.73686699,1566.709546,267.0257056,56.91751421,City,132.7942721,44.04708843,On,Eco,2,Medium,303.1108224
90.77087286,2196.852052,110.3979179,92.68593658,Mixed,272.9089998,40.66617092,On,Normal,5,High,466.1465899
82.6628771,2191.796721,239.5941595,39.93716651,Highway,256.8100287,42.90931128,On,Aggressive,2,Low,432.1585079
99.13738657,1906.855473,69.46631363,55.09374851,Highway,137.0576699,40.02171971,On,Eco,2,Medium,522.614758
30.40802443,1838.466323,131.9521083,78.84667699,City,387.6593026,40.14147048,On,Normal,4,High,81.0629568
78.32022087,1271.514261,211.3184801,91.10842156,Highway,138.5609005,38.55468844,On,Normal,3,Medium,383.3366493
109.4205871,1709.77462,295.2107214,52.58058107,City,248.1136093,38.56704722,On,Aggressive,3,Medium,581.7329947
93.1363598,1411.536743,297.4496273,69.28696797,Mixed,152.0505651,36.3404189,On,Aggressive,5,Low,482.6504435
57.54527376,2094.626925,165.395609,30.82878249,Mixed,4.733211082,40.78324462,On,Normal,3,Medium,280.6024666
42.48805034,1941.909721,243.5223165,55.9589957,Highway,36.65539791,38.77884823,On,Normal,4,High,191.5831982
64.26236433,1566.502714,204.1194222,53.16545047,Mixed,92.92653274,37.6891779,On,Normal,3,Medium,332.3597151
63.94155443,1802.641778,230.1830537,88.97296345,Mixed,324.8672747,37.09541537,On,Aggressive,1,Low,305.5443511
76.82188571,1631.612878,235.6674496,35.17836834,Highway,176.8259406,39.12298947,On,Eco,5,Low,390.5038593
35.2852708,1219.654536,191.3564171,34.34802005,Highway,235.4494657,44.09109506,On,Aggressive,3,Medium,143.3558577
60.97532169,2171.156269,255.3450686,60.98914267,City,377.542629,40.64761418,On,Eco,3,Medium,273.7098813
98.38353412,2347.37635,200.2784175,58.51723029,Mixed,58.80948468,41.01242376,On,Eco,1,Low,551.6888524
81.48978933,2395.519687,84.1477507,41.30919514,Mixed,344.7277479,36.48895092,On,Normal,2,Medium,445.9810373
64.77578198,2183.78836,297.4089446,48.43409365,Highway,151.6944032,40.67861707,On,Normal,4,Medium,310.2525615
54.81998888,2232.452025,132.924602,98.19361406,Mixed,134.9920009,42.00850567,On,Normal,3,Low,243.9171544
52.3824156,1083.587299,291.4050614,65.9227795,City,250.2113164,37.35643698,On,Normal,1,Low,258.4823369
89.87349813,2172.83663,130.2286059,36.14971543,City,359.4554202,44.85198416,On,Normal,1,Medium,479.8377804
64.29432076,1455.120241,264.7564914,33.48227757,Highway,139.414365,44.23603039,On,Normal,2,High,372.1425973
49.69810136,1206.731539,225.5006283,32.93565088,Mixed,304.5632965,44.93792036,On,Eco,3,Medium,219.7434396
95.01772668,1782.845369,145.648824,57.23133286,City,7.69683381,39.24285282,On,Normal,2,High,488.7862078
51.24860211,1855.580828,285.1209713,90.59321611,Mixed,249.2406449,43.40069241,On,Aggressive,5,Medium,203.3552796
35.15516038,1727.214729,199.9551442,88.30416153,Highway,252.2234678,38.95862145,On,Normal,1,High,129.8685538
73.8474255,1979.176417,259.1430413,55.75204775,Highway,222.4242081,42.74216616,On,Normal,4,High,368.897299
52.32419185,2071.328697,251.2657112,84.20965094,Mixed,375.1290497,44.53046804,On,Normal,1,High,247.3236807
30.39068243,1205.669767,71.13219398,82.65739199,City,375.436512,37.39518555,On,Aggressive,2,Medium,92.86038893
70.12471433,1925.386065,124.5266797,63.80968109,Highway,136.8243507,37.26287885,On,Normal,4,High,323.9503505
101.5635244,1081.677898,173.3317609,58.30713633,Mixed,182.5457009,36.93964044,On,Aggressive,4,Low,509.3436569
81.53072231,1673.147114,283.924877,42.63840347,Mixed,316.9502202,43.18515688,On,Eco,1,Low,455.700947
31.4523465,1150.074371,74.99069747,49.51396912,City,337.5645603,41.99970245,On,Eco,4,High,108.4379992
60.30131938,1674.423411,104.5544825,53.70868053,Highway,167.1875219,40.70083643,On,Normal,3,High,289.4934165
49.76328577,1263.164799,209.8856274,86.89024878,Mixed,139.6106372,42.96521389,On,Eco,1,High,234.5775359
83.63540162,2101.645413,216.6479205,68.70670789,Highway,328.2466119,43.6493086,On,Normal,2,High,441.9032035
66.55278469,2349.371033,99.35558496,44.06401688,Highway,150.7477954,44.54575587,On,Normal,5,Medium,306.2610464
43.81869428,1254.310029,287.5920704,36.70793276,Highway,162.092877,37.81125945,On,Normal,2,High,223.9878515
66.5030308,2104.984402,102.4405113,64.76646793,Mixed,54.21217244,39.97508964,On,Normal,3,Low,306.9167611
104.511537,1219.232672,103.7624972,76.6421621,Mixed,217.179655,44.30712008,On,Aggressive,5,High,513.4334275
62.8638737,1650.578209,212.5314303,87.3218529,City,130.5792262,40.15191338,On,Eco,5,Medium,272.8725845
99.62649383,1938.301984,161.1512817,85.81202684,City,236.2426918,40.38889522,On,Aggressive,2,Low,526.9504717
68.03520586,1806.589297,66.24279807,87.6909003,Highway,179.283627,44.48200708,On,Normal,1,High,325.6282472
90.61195305,1085.727741,280.9221292,61.3493145,Mixed,299.2545851,42.61208666,On,Eco,1,Low,472.5128759
92.86794533,1543.968822,78.03404601,90.59602555,Highway,111.1091489,40.96843343,On,Eco,5,Low,481.9742992
90.85961659,1705.241908,97.51614374,61.12257757,Mixed,68.79982352,39.21557579,On,Eco,2,Low,513.5937817
81.07987275,1587.096883,275.304962,41.76849034,Mixed,281.1839043,44.23814522,On,Aggressive,2,Low,438.2403175
106.1990627,1998.247836,126.074814,57.81649847,Highway,153.6508812,36.08044653,On,Eco,1,High,596.7913868
104.2862282,2332.259695,256.2429496,53.80175542,City,225.44143,38.88905578,On,Normal,3,Medium,512.9865682
54.22269833,2001.492357,100.9714435,57.45237835,Mixed,376.4274944,44.51465842,On,Normal,1,High,259.416603
85.57289437,1884.943665,71.56420825,76.10334841,Highway,193.637478,40.48383417,On,Eco,1,Medium,477.3423555
83.18320599,1223.59839,116.3353691,75.98415618,City,60.9568517,41.6146917,On,Normal,3,High,414.028231
46.02088411,1523.271723,238.0837999,45.74310636,City,170.6814053,40.79354037,On,Normal,1,High,210.6623895
51.20544739,1822.430897,219.0223832,52.11513982,Mixed,191.4123903,39.57624634,On,Normal,5,Low,215.4677053
54.86031978,2401.069173,134.5486613,71.67484279,Highway,306.3913644,41.98754196,On,Eco,5,Low,253.1178254
56.52690858,1457.172923,212.0351765,35.88899224,City,78.0753022,42.89827254,On,Normal,5,Medium,241.4845417
98.3490164,1506.936731,219.5958585,78.20649374,Mixed,138.7607069,39.27983744,On,Eco,5,High,532.6279096
90.58825503,1884.339195,195.5238187,42.52246137,Highway,20.01132783,41.31469304,On,Aggressive,5,High,468.4193895
94.61875381,2349.550131,284.5258132,89.54977962,Mixed,280.7911726,36.7448233,On,Normal,2,Medium,488.8702209
103.0419904,1814.799715,250.4689924,58.11113602,Highway,297.5729376,40.92838123,On,Eco,2,Low,572.1462655
71.14736459,1261.617503,255.8338191,45.45641065,Mixed,182.8765475,42.72974668,On,Normal,3,High,375.0673625
96.83456132,1113.218067,162.2146433,76.7474286,Mixed,215.3074635,41.26719456,On,Normal,4,Medium,522.4453057
85.62710102,2333.489346,224.1358627,68.7821564,Highway,299.9255353,43.90602867,On,Aggressive,5,Low,427.491994
67.18347084,2004.914124,104.0043047,42.03549396,Mixed,107.3205722,38.57573868,On,Eco,4,High,325.0436632
45.50831977,1330.786026,131.0291772,87.90127283,Highway,242.7861144,40.42580463,On,Normal,4,High,188.781984
64.42171896,2086.751055,180.5806883,61.73023523,City,385.5677391,36.78731958,On,Normal,5,Low,286.4284829
46.52628552,2079.364797,255.8999456,40.65714053,City,263.1871274,42.30018821,On,Eco,1,Low,227.9744685
52.97328416,2158.186742,140.8637115,85.7327368,Mixed,31.24405469,39.9860236,On,Eco,3,High,249.1439047
52.68116221,2338.261196,165.555662,39.34041372,Highway,116.1040278,40.77328927,On,Normal,4,Medium,237.3058574
90.88266585,1228.048393,289.7619337,97.76269513,City,207.6506423,37.15555197,On,Aggressive,1,High,471.1970996
70.62311414,2435.116343,128.1835159,60.92668658,Highway,29.06830667,44.97616643,On,Normal,1,High,358.607493
93.45142392,2497.783601,208.3356674,80.97555869,City,270.6279248,42.94728024,On,Normal,5,Low,465.9232024
100.1925844,1021.729815,84.13048392,61.63774108,Highway,261.6848797,39.60566796,On,Normal,3,Medium,543.7201159
78.93357656,1136.955452,158.8022533,43.12938676,Highway,350.5294763,41.12963746,On,Normal,5,Medium,386.005457
62.57639907,1650.928321,139.2215909,83.06798221,City,199.9971153,41.56845425,On,Aggressive,3,Low,269.0181439
98.54177524,1051.626617,63.13731128,50.25499149,City,276.8554199,44.64689428,On,Aggressive,5,Low,497.4622812
75.40281757,2102.346139,200.4505491,77.76924831,Mixed,72.80728346,42.91549749,On,Normal,3,Medium,378.5344526
98.55493897,1976.095182,139.5413205,48.01609029,Highway,1.147877076,39.14700137,On,Normal,2,Medium,523.831178
51.23377987,2163.78526,120.4017513,46.87757945,Mixed,68.90159774,44.79935138,On,Normal,1,Medium,240.3690494
75.26069971,2497.625091,274.2232668,62.02119323,City,24.88583932,38.71616677,On,Eco,1,Low,381.9525166
46.93986059,2400.124647,115.1088822,87.13675566,City,171.0872099,41.19251459,On,Normal,1,Medium,210.7845469
85.86857428,1449.774019,157.3165451,72.95431364,Highway,187.3213349,42.30600911,On,Normal,3,Medium,434.5119692
76.95128045,1594.696438,287.8629533,34.52682016,Highway,257.789079,38.44013213,On,Aggressive,1,High,420.5031349
74.47998051,2163.950704,79.27368004,81.37052875,City,56.30874657,44.60724985,On,Normal,2,Medium,381.0302123
81.12863858,1582.227371,285.2243264,70.58397009,Mixed,85.886439,37.94498912,On,Normal,2,High,433.3400877
60.03223317,2047.951879,153.6515453,73.64958709,Highway,319.330465,39.97595902,On,Aggressive,4,Medium,259.8178117
45.35812066,2377.933901,249.8226179,54.75047125,Highway,230.6089979,37.61885971,On,Aggressive,1,Medium,205.9327458
94.51301642,1608.816495,145.415265,68.93131557,Mixed,11.74543747,43.87488785,On,Aggressive,5,Low,444.4737019
60.74958179,1840.778525,159.7320926,56.0322089,City,339.3618689,37.99441098,On,Normal,5,High,275.8392896
109.1148906,2262.191399,165.0668637,35.70539698,City,251.9222393,36.3126729,On,Eco,5,High,588.7591111
68.48017439,1716.504884,287.2340241,89.11011963,City,74.65564257,36.35046362,On,Normal,2,High,356.0261163
69.20112844,1433.697372,192.0610576,77.46187059,City,100.8262965,39.72378038,On,Normal,4,Medium,311.0266098
84.22547519,1387.253542,112.0502687,76.93073085,Mixed,221.4189655,40.70499848,On,Aggressive,4,Medium,412.6364164
83.33897433,1107.825725,206.7626442,43.55751352,City,224.3204726,36.37474769,On,Normal,2,Medium,456.9018397
44.44149993,1495.543658,273.4730804,76.45175957,Highway,322.0754656,36.83578812,On,Normal,4,High,175.9479741
51.78482356,2028.788835,111.4514322,46.24214367,Highway,143.4330553,36.87716659,On,Normal,5,Medium,219.47251
48.52131177,1088.262333,141.0131953,78.1274281,Highway,219.7212586,42.01651156,On,Normal,5,High,201.3813202
34.27240949,1411.436777,197.151112,53.34713392,Mixed,233.0151914,38.69833518,On,Normal,2,Medium,128.239437
31.79289015,1167.40244,296.9419122,41.02596507,Mixed,223.4705671,41.06315388,On,Normal,5,High,109.6163281
81.59931863,1606.717054,171.6861544,93.43850449,Highway,29.16233815,36.66326374,On,Eco,3,High,440.6397555
69.88731616,1140.085153,200.2437659,37.32552271,City,164.5011498,44.02904004,On,Normal,5,High,346.6357166
101.56765,2119.076339,92.47404039,83.32514716,City,135.5536485,38.73989942,On,Normal,1,High,551.8144757
54.06169673,2392.036532,241.9572243,37.12429682,City,397.1110873,43.00380651,On,Eco,2,Medium,276.1545217
93.00108311,1288.498819,112.7689937,77.93037501,City,186.2754254,43.44032764,On,Eco,2,Medium,521.8080511
38.25232271,1375.86642,138.7011772,37.72699163,Highway,174.0911503,44.89117774,On,Eco,4,High,154.1886168
95.31533288,1240.232403,230.2956017,65.61771294,City,193.4750266,42.66935013,On,Normal,4,Medium,519.8105447
103.6932216,1281.145664,231.0395233,43.15969843,Mixed,367.7130328,39.98524993,On,Eco,4,High,556.6521802
80.18698269,1467.349892,136.511981,90.66071079,City,244.5815419,37.37365035,On,Eco,1,Low,424.4317306
88.87680953,1421.756307,264.0760113,58.10391985,City,155.657355,36.43085006,On,Normal,5,Low,449.1722129
109.0235823,1577.755488,250.7292611,31.07984447,Highway,365.0309586,43.97633836,On,Eco,2,Medium,615.0134249
60.25496365,1787.41422,207.7869599,73.97128765,City,371.9371766,40.01997053,On,Aggressive,5,High,233.708691
32.34889706,2091.301268,102.8873885,61.15973972,Highway,105.7250935,42.74967312,On,Normal,4,Low,82.28014377
84.60824375,2326.733046,277.1711926,90.1817508,Highway,157.3584369,40.46697433,On,Eco,2,Medium,437.7159743
31.06638137,1689.069106,186.5811569,60.32009244,City,386.583468,43.91698029,On,Eco,4,Medium,94.28720502
75.46490131,2363.460112,150.3369827,58.77983361,Highway,216.4194755,42.74698808,On,Eco,1,Low,404.601247
77.79823465,2019.634016,282.5473117,61.78652506,Mixed,172.6980311,36.76911983,On,Normal,2,Low,411.0603202
76.76005692,2093.363182,293.1934485,90.18978128,Highway,78.16181411,42.76932215,On,Eco,4,Low,349.447772
43.27351219,1783.365331,232.1262665,71.07757931,Highway,153.7755359,38.40132734,On,Eco,4,Medium,163.2025367
36.13408656,1784.829981,249.9301862,76.85536942,City,252.4938899,42.9575059,On,Normal,4,Medium,113.4747811
102.619495,1797.959615,119.2235429,80.42876203,City,15.48045896,44.53663501,On,Normal,1,Low,536.9000249
73.32810716,1737.966676,122.1109194,95.62608657,Highway,33.32251471,44.37118988,On,Aggressive,5,High,331.9256854
55.84672667,1688.317767,196.6079241,88.62644148,Mixed,2.15056201,37.12500209,On,Normal,5,High,229.71007
91.73962342,2161.839729,295.9687522,94.90989832,Mixed,87.57093381,36.49205015,On,Eco,5,Medium,473.1226778
103.7323424,1581.522858,238.3738535,54.03134581,Highway,73.19711955,42.99283476,On,Eco,1,Medium,619.4522824
62.33730286,1310.102572,239.0377151,45.03880295,Highway,340.3230724,42.38965541,On,Normal,5,Low,268.8628364
37.86441723,1203.353916,121.8233948,44.23726584,Highway,74.09520904,37.58555229,On,Eco,5,Medium,166.1033705
85.4093314,2319.369404,160.7476789,90.04607645,Highway,264.4724103,42.161106,On,Normal,1,High,484.3008147
102.6022111,2294.325016,142.2071058,88.14138616,City,47.3436536,36.13939079,On,Eco,2,High,552.4339474
108.4325652,1365.464047,132.5418493,75.5288128,Highway,237.4239081,41.68045876,On,Aggressive,4,Low,585.7349927
95.08335146,1177.307296,235.4643397,34.40596688,Highway,174.2480607,43.49075,On,Aggressive,4,Low,473.293432
51.45733487,2440.688377,83.96498706,52.26337102,Mixed,163.4672463,41.77655101,On,Aggressive,1,High,255.0290376
58.65761906,1723.025342,99.7061285,81.39409014,Highway,342.6247571,36.58856779,On,Normal,5,Low,235.691513
40.93917674,1140.065728,158.9509822,47.39981416,Highway,67.08778672,44.91875134,On,Normal,3,Medium,143.8378067
87.01964603,1322.961973,132.6546998,73.68412445,Highway,238.0872633,39.20482331,On,Aggressive,5,Low,430.7948312
43.54035217,2055.638112,276.8090684,67.99188553,Highway,328.7456224,39.42430372,On,Normal,3,High,186.719098
64.55728728,1121.974461,108.106412,48.38706618,Highway,285.558729,36.76276204,On,Normal,4,Low,300.5876157
72.54044768,1649.596176,119.7223459,95.40366216,Mixed,393.3383285,37.50405913,On,Eco,1,Medium,348.2055539
60.60261752,1641.374518,102.7403587,47.97173345,City,0.842350588,38.44058214,On,Normal,5,Low,291.9408805
41.97568285,2028.517232,266.0040444,92.63538086,City,353.7437258,43.19282133,On,Eco,1,Low,193.6498536
53.18563559,1299.105668,108.4941503,67.86523434,Mixed,245.3805425,42.22573927,On,Normal,5,Medium,197.3827575
80.62120278,2475.656073,144.4987522,36.42796091,Highway,0.993812262,41.25283947,On,Normal,5,Low,402.275817
88.14589269,1232.918544,220.6347209,88.35373287,Mixed,186.1975285,43.77503893,On,Normal,5,Low,438.6238393
79.17088914,1897.54951,78.63163797,85.4002431,Highway,306.9749509,44.98024671,On,Normal,3,Low,371.0244198
107.2601603,1492.153395,255.9957908,88.16821711,City,73.01867804,39.46297012,On,Normal,1,Low,592.7066987
79.0904207,1199.320115,229.500156,74.67039819,City,271.3908726,39.52101085,On,Eco,4,High,439.3709962
48.0271627,1808.325314,122.649033,79.81309384,City,55.86736813,42.62480438,On,Normal,2,Medium,225.4269659
69.28423331,1254.270339,154.0306952,93.49405861,Highway,321.3809755,41.79913945,On,Normal,3,High,358.0015006
96.89835011,2019.773055,208.8168792,38.9388843,Highway,227.3853473,36.12054103,On,Aggressive,4,Medium,509.4332399
56.06412997,1048.646313,287.1497895,35.8126491,Mixed,13.55466107,41.89884574,On,Aggressive,1,Low,250.8210892
88.96246116,1765.591888,211.0225113,38.75529473,Highway,36.350283,42.47647551,On,Eco,2,Medium,498.7624497
92.81535442,1328.474285,120.7295397,90.90501499,Highway,345.5460199,44.87342933,On,Normal,2,Low,459.1473786
104.7172179,2424.991815,175.7992216,69.40539371,City,13.20056682,41.28093902,On,Normal,1,Medium,563.7667096
62.09403098,2065.797824,167.9075405,42.32456969,Highway,119.4170396,42.1597603,On,Eco,3,Low,302.8561712
50.75393934,2132.92283,187.8257753,39.91984478,Mixed,226.764755,43.09872935,On,Eco,5,Medium,219.8866929
70.63586055,2058.025199,184.5717262,61.17964888,Mixed,85.37591215,36.86363659,On,Eco,5,High,338.3726721
109.4946646,1998.843181,147.372566,87.10138391,City,89.69286629,42.61186958,On,Normal,5,High,568.6385278
102.1703977,1207.072008,269.2383712,86.36237037,Highway,310.4136047,40.92179143,On,Aggressive,4,Medium,514.525094
52.71640509,2496.142548,139.2266893,89.58771483,City,116.3978337,36.90068025,On,Eco,1,Medium,270.0808153
45.73725884,1986.063376,187.1885621,83.82613134,City,15.43317979,42.02892759,On,Eco,3,Low,200.9121309
68.15663623,2346.068561,122.6071485,34.31338668,Mixed,288.44872,38.11053847,On,Normal,1,High,368.8695846
43.26196097,1755.709016,164.3523991,80.4116833,City,381.7463833,40.84108068,On,Normal,2,High,177.2080427
90.64250404,1428.956648,223.5338265,66.32729033,City,332.7735906,38.52864189,On,Eco,4,Medium,485.1093203
32.92900804,1655.844031,241.8854662,80.84885493,Mixed,219.4248118,36.94082739,On,Normal,3,High,84.96189454
47.97805949,1598.739151,253.4933329,63.89979177,City,169.9535012,38.25777976,On,Eco,2,High,210.9249527
31.45766461,1023.939064,236.8378984,63.84773358,City,370.0660684,39.9492596,On,Normal,5,High,106.7007814
48.1390603,2012.407207,172.0212835,38.82942627,Highway,306.4901753,40.44715973,On,Normal,5,High,193.6603415
34.1849801,2106.471002,68.99241327,93.36576691,Highway,228.2628965,37.33632827,On,Normal,5,Low,93.68325901
83.88418584,1061.369182,185.8780962,56.22352295,Highway,351.9289276,38.88880762,On,Normal,1,High,415.2183183
75.62190613,1368.915053,73.23616094,70.76618646,Highway,240.6849454,43.73451579,On,Normal,2,Low,372.3550635
47.11311021,1996.654461,291.9479666,44.50093865,Mixed,389.401867,44.19343919,On,Normal,3,High,189.3318298
46.4061747,1482.842193,150.7095579,55.82222291,Mixed,343.3161913,40.81663878,On,Eco,2,Low,200.464524
53.29548065,2400.774744,180.8811182,90.94041962,Highway,220.1780923,40.41325447,On,Normal,3,High,235.5864884
93.85703361,1168.893783,91.091276,44.67195557,City,369.1344838,41.23268212,On,Normal,4,High,492.9632829
42.04026145,2392.130376,298.9734916,44.42739293,City,136.9755815,37.9311251,On,Aggressive,4,Medium,151.9854358
39.73606531,2370.939137,178.1284388,48.23493772,City,280.3708085,44.94214034,On,Eco,3,Low,175.5585452
70.64402679,2433.648397,131.5895923,70.22627616,Highway,68.51024112,42.70745449,On,Eco,2,High,361.2860233
99.19601071,1115.841585,106.3316802,66.44817547,City,358.145966,38.14871291,On,Normal,3,High,522.1184678
47.92888035,1408.602122,215.9833794,42.27254013,Mixed,99.22005996,38.44931767,On,Normal,3,Medium,196.2789459
38.50050333,1376.979898,164.711818,78.43783146,Highway,379.6130047,41.83571149,On,Normal,5,High,148.2844981
69.33508497,2327.940599,136.1591989,93.52780204,Highway,6.796582939,38.90561876,On,Eco,3,Low,326.5590647
88.57239055,2210.764411,62.31422295,43.91802141,City,272.7347587,39.19785095,On,Normal,5,High,431.5826649
79.46578705,1238.3421,68.73528579,77.10676778,Highway,60.02246788,43.02848403,On,Normal,5,Medium,368.7180833
63.45325324,1212.216947,226.4671513,71.04692136,City,308.3245889,38.40234345,On,Normal,3,Low,297.2199615
33.23184446,1711.1968,175.3297119,53.02572724,Highway,196.7623721,42.34717077,On,Aggressive,1,Medium,118.4829478
54.04746313,1260.009175,263.7336995,73.24814331,City,363.860101,44.41396377,On,Eco,2,High,258.4790103
103.5401139,1713.850722,240.8468327,44.69362217,City,286.0276839,37.11721641,On,Eco,3,Low,574.7804181
47.82899687,2267.041926,197.6257096,88.37683834,City,307.3063955,37.29855775,On,Normal,4,High,178.8814391
79.11637149,1749.871381,194.6378106,31.55484606,City,48.19174767,44.48585791,On,Normal,3,Low,412.3910759
102.5954189,2086.667765,238.8827871,69.69440837,City,38.62448413,37.83167332,On,Eco,3,Medium,556.1490302
69.0487577,1375.107695,237.8789566,52.31461273,Mixed,340.2230821,36.18810748,On,Aggressive,4,High,330.3085176
65.7023093,1398.681462,140.2841937,91.69525039,Mixed,90.30953743,43.81657124,On,Normal,5,Low,293.118556
41.28511598,1890.674747,85.276669,64.95563876,City,346.7767304,38.54072598,On,Normal,5,Medium,136.307113
108.4489311,2278.644708,245.2387744,86.17416275,Mixed,57.01525499,38.68518542,On,Aggressive,1,Medium,546.6912978
44.1335688,1796.665199,113.5454252,94.66742414,City,123.3805123,38.04229032,On,Normal,3,Medium,185.048246
68.51662055,1297.42191,249.9036198,53.4044686,City,371.4954917,44.25900208,On,Normal,3,Medium,333.56146
43.7063528,1326.747567,208.3420136,91.62392996,Mixed,335.8871332,42.96976782,On,Normal,2,Low,174.3440152
57.87067887,1925.522297,145.9104231,80.83952497,Mixed,21.69705756,41.3711321,On,Eco,5,Low,256.5628787
100.7207052,1155.089839,264.5457431,37.5722078,City,179.2390041,40.07932484,On,Aggressive,3,High,514.208279
81.46565742,1098.21566,225.8804516,37.27439641,Mixed,363.9471369,37.29177107,On,Eco,2,Low,436.1678865
30.78753986,1154.189247,190.8259846,87.21417736,Highway,5.90313685,44.33388093,On,Aggressive,1,Low,95.48566994
107.3409976,1588.516746,132.2159882,62.78212627,Mixed,42.92779471,42.74697237,On,Normal,2,Low,578.108482
92.71259957,1531.555335,296.7073452,64.66051897,City,258.078354,38.50995184,On,Eco,5,Low,498.8070995
109.8028786,1003.219889,261.2497232,92.38725771,Highway,41.99339316,44.52746459,On,Eco,5,Low,578.9802478
91.02933634,1242.508091,92.77817701,93.26623358,Mixed,179.5353005,44.41671847,On,Normal,1,Low,473.3458
91.18829262,1521.268149,253.4949035,37.88941893,Mixed,203.1291128,41.93566945,On,Normal,3,Low,474.5415765
85.95030401,1644.940917,88.84526421,56.15538261,Mixed,344.1016254,44.86503201,On,Aggressive,2,Low,417.7288116
63.85968799,1603.445864,119.4594553,92.66587385,Mixed,382.9563281,37.68523421,On,Eco,3,Low,301.9853956
55.19561964,1479.427041,289.8119433,87.38980438,Mixed,204.8923792,42.58251324,On,Normal,3,Low,243.4987372
72.01496785,2217.882064,268.7771338,80.47061747,City,204.1441287,37.36958502,On,Aggressive,3,Medium,328.1899306
44.25900552,1624.030471,205.4408238,37.13770426,Mixed,290.7181354,42.22522087,On,Normal,4,High,196.8108119
87.79449175,1966.709595,227.7907603,73.48361963,Highway,77.00264666,44.27866638,On,Normal,1,Medium,471.4755339
109.7855304,2248.740488,81.50627275,70.72959812,Mixed,376.3434163,40.82487805,On,Eco,3,Medium,592.1183592
78.07476019,2280.578428,139.7697256,41.70169427,Mixed,0.479569781,42.86759974,On,Aggressive,1,Medium,414.4234011
98.51660213,2285.524466,137.3819082,84.17011528,City,0.717548029,37.28809556,On,Normal,3,Medium,509.2656848
43.78630144,1741.970892,67.84052981,51.83838895,City,250.2665447,41.69875113,On,Normal,2,High,204.8927183
96.005636,1991.981839,228.9844576,73.44380061,Highway,136.5938769,36.56872707,On,Eco,2,Medium,511.7940345
102.5946724,1472.006561,133.8130174,55.32848401,City,159.2460961,36.33208089,On,Normal,1,Low,579.3877846
97.10940501,2292.766207,211.9422394,35.90766492,Highway,88.57487034,41.70656324,On,Aggressive,3,Medium,498.9278932
80.18076286,1319.964559,66.53377394,66.73564247,Mixed,163.120959,41.15527722,On,Normal,1,Medium,417.1466644
104.1104044,2181.557175,60.39443648,51.46501949,City,331.1932574,38.96326028,On,Eco,1,Medium,566.6215503
106.9173603,1704.680999,100.8016474,34.99191023,Mixed,279.6997793,40.61636649,On,Normal,4,Medium,578.17341
95.22909166,1448.180622,228.692787,43.89562413,Mixed,37.86150234,42.15906135,On,Normal,3,Medium,490.7420027
73.76917082,1569.487398,205.0011489,73.31990384,City,22.67193546,41.80255036,On,Normal,4,Low,352.7173984
96.82392662,1882.404244,108.2175116,37.09673996,City,202.477119,36.6626926,On,Aggressive,3,Medium,484.7659619
59.75525644,2394.975179,185.6097403,36.12264387,City,292.0643853,42.10307389,On,Normal,5,High,281.7157505
57.7273139,1146.314479,208.61293,96.08150983,Mixed,265.7956276,41.93579771,On,Normal,5,Medium,250.9935385
57.83259532,2379.216065,285.3467694,37.52663654,City,345.6458775,42.02652593,On,Normal,4,Low,260.8587332
45.93745886,2223.562779,242.9821802,56.32418098,Highway,53.30584714,43.62617935,On,Eco,5,High,190.3789343
79.83558908,1880.985162,92.60001173,39.33876233,Highway,242.3010548,41.19032378,On,Aggressive,4,High,405.2869313
82.91825222,1195.524591,124.855212,95.74883646,City,306.4058189,44.44110772,On,Normal,5,High,390.1041602
98.77116945,2218.682899,156.8366977,63.68129797,Highway,375.1363152,44.82008352,On,Normal,4,Medium,499.0740555
85.56085964,2035.947812,85.26974399,37.77834695,City,40.35321495,42.76659449,On,Eco,5,Medium,453.8896874
92.39497137,1745.978026,193.2856018,83.81715097,Mixed,95.85674029,39.22813578,On,Normal,1,Medium,498.0743875
85.10656931,2328.800893,277.7022841,84.65506114,Highway,141.8365729,37.28788574,On,Eco,1,High,466.8539688
85.7636406,1996.681611,133.5306486,93.08396243,Highway,216.30017,43.38125927,On,Normal,1,Medium,476.6022381
57.24387515,1432.949546,296.3150143,79.39587708,Highway,163.4448778,37.31969102,On,Normal,3,Low,257.7545187
107.270782,1065.429965,119.8361936,33.83013917,Highway,344.4469136,37.3155248,On,Normal,2,High,586.7092696
81.103269,2139.001051,173.3439339,68.5218083,Highway,380.2107752,44.27138301,On,Eco,4,High,412.6833154
76.97092183,1383.203842,142.3284112,56.88279011,Mixed,28.03146251,41.03885407,On,Eco,2,Medium,378.7156449
97.77733702,1420.779415,133.9475473,82.40067352,Highway,279.8722529,38.63999676,On,Eco,1,Low,534.5209425
63.67648391,1674.570657,150.6889923,71.3650306,City,45.7093275,44.66685497,On,Normal,4,Medium,315.5613895
37.70019966,2124.951482,67.77888887,80.76403646,Highway,359.1820616,42.36597616,On,Normal,4,Medium,121.630295
49.20820592,2386.479754,187.6824816,42.63107425,City,56.83941738,40.81360058,On,Normal,3,High,242.877163
94.64733528,1324.407826,237.9383045,60.59496958,City,396.6044834,38.96532229,On,Normal,2,Medium,486.6744358
88.54515074,2323.024391,267.3101972,60.24730289,Mixed,171.1000848,42.08954878,On,Eco,2,Low,460.0156438
39.37510274,1906.558786,137.845248,98.66822281,Highway,152.7747531,42.57805651,On,Eco,5,High,133.4574559
35.57221788,2283.368652,192.0970171,31.3377114,Mixed,234.5121937,42.40899162,On,Normal,4,Medium,108.1892958
79.75249553,2272.311733,274.2710466,87.12300595,Highway,157.7425746,37.75803884,On,Normal,1,Low,425.5725784
105.09186,1588.576233,251.969336,36.79781501,Highway,93.87744267,42.27519813,On,Normal,5,Medium,561.8930377
43.99365469,2017.20072,171.3780014,35.6264639,Mixed,251.6575377,41.23302188,On,Eco,5,High,197.6712829
73.92177277,2419.909477,99.56310142,52.97235452,Mixed,291.3454394,43.65068618,On,Normal,4,Low,345.1336239
94.95739547,2008.576742,193.9926151,79.05368257,City,378.1286421,41.62291921,On,Eco,5,High,502.0656684
72.295412,1687.238986,297.5270867,77.49124266,City,163.647443,37.31649013,On,Normal,4,Medium,338.5969917
58.0901124,1557.942057,241.8001473,73.95164509,City,282.3091742,38.86679445,On,Aggressive,4,High,244.638567
93.24584883,1214.970384,263.5254239,84.21857719,Mixed,333.4414066,42.69435899,On,Normal,5,Low,476.1248412
91.69807587,2498.195059,105.3027933,46.26646372,Highway,332.5535263,42.65965603,On,Normal,1,Medium,479.7418768
96.43883138,1986.727703,276.9338961,74.36911114,City,13.70805543,38.0044331,On,Eco,5,Medium,487.942506
105.6081505,1414.835513,63.38942762,74.6626282,Mixed,142.280928,39.19133985,On,Eco,2,High,568.2606776
42.05048911,1111.673061,266.9307909,75.8034859,City,5.367343667,36.13787677,On,Normal,4,Medium,160.1363074
57.26246523,2130.879385,117.3889806,71.61175445,Highway,223.6319683,38.98534093,On,Normal,1,Low,298.229533
108.8789851,2282.607369,209.4511853,45.5066025,Mixed,346.0361704,36.23705116,On,Normal,3,High,585.9134674
77.5629004,1641.694934,130.3324941,94.00092287,Mixed,325.9672134,43.85583637,On,Normal,3,Low,356.1911106
83.61039492,2434.12197,92.47102844,98.320324,Highway,324.4998291,41.9998252,On,Aggressive,5,High,384.3686187
100.7276204,1492.720221,119.3035126,78.24306987,Mixed,140.7343991,44.72232993,On,Aggressive,3,Low,507.9942543
85.28352821,2134.09167,173.5027888,61.08558021,Mixed,18.53186193,44.02731816,On,Aggressive,2,Medium,435.7675284
84.65869112,1394.47366,280.7187348,67.60335424,Mixed,68.96708866,41.43127754,On,Normal,5,High,430.2149554
38.3602393,1503.905802,153.3609455,37.58600627,City,268.2765436,40.52635797,On,Normal,5,Medium,108.9519671
70.54727404,1908.085521,73.40869031,55.43771287,Highway,53.53711779,43.95352042,On,Aggressive,1,High,340.1217679
83.85547475,1054.999282,65.70430107,98.32940478,City,50.1313471,38.68573578,On,Normal,4,Medium,396.3175721
94.58333915,1316.229044,110.3689446,68.34055838,Highway,141.4700956,38.01166417,On,Normal,5,Medium,494.8010708
63.05904774,1264.518641,72.48692836,69.24392805,Mixed,37.81393117,39.69019006,On,Eco,5,Medium,283.2773589
39.88280426,1491.981621,149.0710496,96.77859083,Highway,131.9136569,36.47878061,On,Aggressive,5,Low,122.126954
59.26605002,2166.197211,152.2207133,92.04479262,Mixed,387.8770615,38.71774642,On,Aggressive,1,Medium,273.047732
64.37882811,2361.402308,293.3137892,69.81014645,Mixed,7.980443514,36.75312294,On,Normal,5,Medium,285.6926167
90.08071659,1019.008834,133.4962982,48.82935943,Highway,332.2171229,36.47394843,On,Normal,4,Medium,428.819871
31.58247214,1385.863416,203.7441921,38.18519907,Mixed,397.4486652,40.96205834,On,Aggressive,4,High,111.7966835
60.86382585,1038.083418,256.5176888,90.4555998,City,174.5621096,42.37348693,On,Aggressive,5,Low,268.6744879
65.8306893,2291.865003,183.125488,94.40640616,Highway,377.2221475,40.83007068,On,Normal,1,High,322.1847256
74.00924766,1298.100318,227.1771399,64.59994449,Highway,104.4579474,36.63519639,On,Normal,3,High,364.0367272
107.5999595,2156.046642,293.8533222,36.61839963,Highway,392.9189205,39.55472416,On,Normal,5,High,594.7942426
89.24816499,1049.957486,137.7965578,72.43573114,Mixed,344.6205244,36.99856292,On,Eco,5,Low,440.7760798
47.79434094,1597.576184,77.81053834,55.72229793,City,353.879028,41.8505728,On,Normal,2,High,227.3493184
80.69298477,1537.937242,163.2755162,41.05024625,Highway,52.15934353,43.43765822,On,Normal,1,Low,406.0131836
57.69024412,1494.001073,189.7520582,94.34003727,Mixed,348.0249671,37.0503515,On,Aggressive,4,Medium,243.4782255
94.91316592,1855.264977,199.1967405,46.76143364,City,376.7291963,36.60167489,On,Eco,1,High,509.8219306
43.68557809,1586.963356,237.2550251,79.78130611,Mixed,327.6191916,39.65356747,On,Eco,1,Medium,202.7249223
41.56024702,1604.845857,275.540405,60.05645015,Mixed,36.5456093,38.73126309,On,Normal,5,Medium,155.1502549
38.11151027,1283.805198,180.0396628,87.95446071,City,33.91065296,38.34620866,On,Eco,2,Medium,153.4622003
73.52837471,1621.758483,94.41736911,79.05844325,Mixed,143.0423975,37.90256522,On,Normal,5,Medium,340.8337698
39.86040546,2111.636696,156.8180234,38.62120207,City,281.9702669,38.85232515,On,Eco,1,Medium,200.037604
33.34028837,1484.630617,97.28865566,61.47282143,Highway,4.981131267,44.68836993,On,Normal,5,High,108.2604061
56.59648327,2285.627698,103.7527573,48.18519887,Highway,380.2582985,43.7190385,On,Eco,1,Low,285.6625073
93.85332665,1249.197115,60.40793328,79.95091301,City,210.1797064,41.4122138,On,Normal,4,Low,514.715053
42.48590482,2269.949856,283.1309203,68.12821787,Mixed,143.3489771,43.20427105,On,Normal,5,Low,134.1349253
58.63122122,1923.650327,238.8623785,53.81268524,Highway,224.4915717,36.13261984,On,Eco,5,Low,255.4443619
64.85904275,1635.66598,84.06625109,53.06221029,City,286.3144787,37.00309787,On,Normal,4,Low,277.593287
100.0776114,1052.85509,280.8255448,38.0140895,City,109.3116351,38.63215391,On,Eco,5,Low,507.3259797
68.10906886,1189.851677,268.8860009,44.96752834,Mixed,116.4494589,41.795091,On,Aggressive,1,Medium,367.2365077
70.95643302,1621.387585,278.3736043,79.94263733,Mixed,187.27074,43.95072589,On,Normal,3,Low,333.6266596
50.36998047,2316.892116,83.3553462,72.69331363,Highway,267.9722906,38.08026143,On,Aggressive,5,Medium,153.4123071
83.48343801,2435.247255,79.17434348,54.89171622,Highway,282.548134,37.25282211,On,Eco,4,Low,421.1617781
32.05299164,2394.51495,76.25646329,88.52809239,Highway,129.6226558,43.63127418,On,Eco,4,High,101.2915225
107.155192,1411.123942,292.0613417,63.90889957,Mixed,128.9966238,39.6822208,On,Normal,3,Medium,559.0190563
69.84962267,1384.803533,218.5127998,85.6103908,Highway,194.8434985,42.29557596,On,Normal,1,Low,339.2286657
34.94506016,2109.27058,102.7156997,84.68261057,City,216.7686802,40.93225846,On,Eco,2,High,142.6850665
74.73363569,2410.829291,282.9982765,89.35992655,City,259.765654,37.58320263,On,Normal,1,Medium,369.8678104
71.11857345,1200.019167,166.3596095,89.48401951,Highway,247.0838727,42.30517786,On,Normal,5,High,344.7017025
49.25619917,1566.375727,248.5072744,77.5343819,Mixed,149.0071536,39.78700368,On,Eco,4,Medium,213.4490681
46.70476899,2254.60096,212.6851763,82.45964454,Highway,118.7547161,38.58973684,On,Normal,4,Medium,185.3786311
51.6612666,1737.980141,215.9171508,84.38350372,City,123.1684765,44.12428457,On,Aggressive,1,Medium,223.6562768
40.37856078,2263.544602,165.534993,41.84115802,Highway,258.1604231,36.0538724,On,Normal,1,Medium,158.9582219
72.51379214,1175.128877,154.7880565,51.01713798,City,173.2590218,39.64382759,On,Aggressive,5,Medium,320.6369224
100.3148779,2165.543351,98.86092592,37.29678168,Mixed,53.73974492,38.70460795,On,Eco,1,Medium,565.0617399
103.8502072,1584.407669,76.98736871,43.25599537,City,2.369223651,36.49031542,On,Eco,3,Medium,560.9400132
106.238965,2039.581408,282.7179603,84.48010766,Highway,11.87094563,36.72380943,On,Eco,3,Medium,582.1398938
78.02993556,1439.729276,284.7896875,96.29773037,Mixed,347.0065388,37.55058205,On,Normal,2,Medium,383.045784
79.72392449,2037.848932,213.9115113,77.15448267,Mixed,183.1308846,40.54499754,On,Normal,4,High,385.0420082
54.84134042,2053.156506,153.1347086,92.02333949,Mixed,262.9708816,38.54379198,On,Eco,5,High,243.8236459
100.8276457,1629.005674,66.02160201,52.25836774,Highway,371.6149985,43.54073111,On,Normal,5,Medium,520.0481192
69.05164321,2453.780281,167.4374741,89.20569062,City,50.51194163,38.15978311,On,Normal,1,Low,316.2772688
52.34469019,1000.733452,218.1540812,53.71501551,Highway,179.0463582,42.48199079,On,Aggressive,4,High,198.3271346
107.2534288,2011.311121,132.0688442,92.59167074,City,215.6269588,37.89339009,On,Normal,2,High,583.7861606
86.43025166,2363.079166,142.1849428,85.86320867,Mixed,336.6139629,36.38297306,On,Eco,2,Medium,441.6545219
67.17211576,2286.225311,173.3576183,98.85180298,City,397.4873698,38.38159553,On,Normal,2,Medium,319.3794588
35.49094669,1847.076547,178.7802612,87.9090898,Mixed,284.6713947,43.53811673,On,Eco,4,Medium,126.7191741
41.21292909,2343.629114,238.2875538,57.8746761,Mixed,256.7336412,36.74026029,On,Normal,2,Medium,186.6234538
45.71813538,1161.898769,179.9426971,37.70558461,Mixed,368.1250117,39.10046097,On,Normal,3,High,225.1431424
102.2272606,1815.219923,262.8659311,91.19911699,Mixed,334.9523652,36.07215133,On,Aggressive,1,Low,514.6021633
107.7271032,2471.966135,175.866368,69.98336815,Highway,346.0176658,41.67220113,On,Aggressive,2,Low,560.0892667
51.35829957,2487.335462,67.65886122,90.06990845,City,1.082289868,44.48483806,On,Aggressive,3,High,212.4813962
69.86520119,2018.738538,93.93746773,57.09902402,Highway,205.7728366,39.45929559,On,Normal,3,Medium,363.3188701
93.35082514,1251.477523,232.3588301,32.02644634,Mixed,313.091427,41.19226139,On,Aggressive,5,Medium,449.4561427
60.77100167,1169.386922,168.4468141,33.66916111,City,72.58284899,40.07056056,On,Normal,1,High,335.0233531
69.39018253,2383.668079,170.692184,76.93489356,City,300.5809166,44.75997666,On,Normal,5,High,330.2780768
101.0098816,2320.987706,294.7216328,38.01237998,City,3.664060661,42.62398795,On,Normal,4,Medium,528.2299279
46.6008843,1473.101548,197.1507825,82.1823397,Highway,230.0666764,36.39800702,On,Normal,3,Medium,203.7292403
109.5081971,2397.342165,88.0608827,59.36098255,City,340.531248,36.97852199,On,Eco,5,Medium,576.178332
66.50449424,1195.789596,164.101051,69.41755423,City,172.5393433,40.23432749,On,Normal,1,High,316.2863543
50.66423638,1441.736903,194.7180702,86.08493633,City,295.7810111,41.68571336,On,Aggressive,3,High,210.3879874
101.3995138,1966.189554,68.99175156,47.7150011,City,212.159468,38.613563,On,Eco,2,Low,550.5017356
36.1203214,1256.004813,147.5063652,58.90317837,Mixed,258.9163914,42.07180239,On,Normal,1,Low,136.2604948
81.3855377,2483.595504,292.2763517,81.06901214,City,206.6671664,41.18872857,On,Normal,2,Medium,401.7545388
34.9351367,1333.851628,240.3127731,94.28994301,Mixed,190.3346973,39.9158332,On,Aggressive,4,Medium,107.2899439
105.6954086,1367.980924,149.3166162,50.3209833,City,336.6506318,41.24067323,On,Normal,2,Medium,572.2273719
81.17755334,1711.894726,122.9068245,73.59060611,City,37.09727424,44.24817177,On,Normal,2,Low,407.0582254
61.83764873,2167.749368,127.9565753,96.58497712,Highway,233.8605141,38.18883725,On,Normal,4,Low,261.0126386
63.95224358,1180.736707,258.8194926,75.41965323,Highway,45.92419512,43.1209074,On,Aggressive,4,High,284.8961019
43.21092571,2001.16691,156.3904749,92.49523724,Highway,225.1231647,36.10761441,On,Eco,2,Medium,176.4732992
58.80064907,1149.057091,262.3619583,95.7810896,City,385.4384171,36.76318493,On,Normal,3,Medium,255.97353
102.3039179,1142.081768,278.0984772,95.05398357,Mixed,22.8391564,44.54716975,On,Eco,3,Medium,558.2159557
94.42999657,1062.09318,171.4078012,83.0933959,Highway,168.8027213,42.27955798,On,Normal,5,Low,466.3436122
82.91857053,1816.92798,286.8653827,68.64668404,Highway,320.7884801,41.69985488,On,Eco,5,Medium,417.5754225
107.4225742,1653.953623,131.9883338,36.77269865,City,147.8766273,39.00649741,On,Aggressive,4,High,563.8109
75.87493414,1461.033514,122.4049414,45.58942984,Highway,208.125907,37.65903462,On,Aggressive,1,High,366.7786637
44.10225035,1790.667026,85.75247402,47.90369886,City,45.88312275,39.41924465,On,Normal,2,High,202.8099089
87.08921221,1752.773166,118.9929765,32.3281701,Mixed,89.2293101,41.38551174,On,Normal,4,Medium,441.0299361
77.35319823,1710.822075,245.4368857,37.13463645,City,274.5700822,41.70943666,On,Aggressive,4,Medium,384.9914356
64.92376556,1258.67727,156.9090298,50.63296888,Mixed,331.4350216,37.52595598,On,Normal,4,High,334.0318143
41.75853476,2345.425835,95.55909132,36.35186596,Mixed,258.5825399,40.00951728,On,Normal,3,Low,158.8968643
84.21272206,1930.036978,85.68756202,41.86745054,City,334.7683518,41.10082623,On,Aggressive,1,High,454.1874858
65.52526705,1190.937149,177.6580048,33.80923182,City,242.2629869,44.63964728,On,Normal,3,High,322.0050646
76.29067449,1383.193932,189.4450606,59.15728547,Mixed,324.0832836,40.94480794,On,Eco,5,Low,369.50468
55.23218321,2146.877943,250.6932008,87.49291042,Highway,393.1547204,41.22539469,On,Aggressive,4,Low,223.039942
42.45820586,2164.617221,231.5539407,86.85706909,City,33.12989366,42.88669816,On,Eco,3,Medium,149.5623989
58.79260268,2088.609558,100.1075911,93.34233007,City,191.8598521,39.77020751,On,Aggressive,4,Low,217.183361
98.16838624,2185.699398,126.4529213,82.19196518,City,75.95706654,39.45481057,On,Aggressive,1,High,520.9232119
42.76527459,1897.30367,226.5034119,47.11093697,Mixed,186.091419,41.31818288,On,Normal,2,Low,143.7075891
67.69866404,1433.156225,103.3374692,79.16729275,Highway,199.8346979,43.0497703,On,Eco,3,Medium,349.8947583
53.80867546,1536.494874,252.7738381,82.7675327,City,248.7685105,41.73823545,On,Aggressive,1,High,262.3249817
106.986579,1764.457732,217.7658271,68.0175279,City,175.7191948,37.67518035,On,Aggressive,2,Low,567.0579184
36.7738827,1369.034391,188.7221553,86.49074174,Highway,129.8849711,39.57930253,On,Eco,4,High,138.2644578
49.62791821,2279.970583,214.6213636,34.98860898,Mixed,17.26731816,40.61337118,On,Normal,1,Low,250.6029345
65.96453932,2120.432562,83.93175525,71.63464108,City,13.91741348,40.71369946,On,Normal,5,High,300.9650444
49.78224881,2470.009165,191.5252899,63.5925366,City,70.00334072,39.05635625,On,Normal,2,Medium,218.5760199
86.52741979,1622.885943,168.311939,86.36482705,Mixed,179.5945639,40.70173178,On,Normal,2,Low,439.4263371
59.67081045,2306.148233,183.111591,38.95724169,City,167.0064145,42.05677853,On,Normal,4,Medium,265.3483205
92.46215464,2168.68854,141.0400706,44.88367836,Mixed,76.27819759,40.21175442,On,Eco,5,Medium,502.2982322
74.10187578,2247.907087,172.3624677,69.10843751,Highway,328.9358287,40.06212627,On,Eco,3,Low,387.2996737
64.14592106,2032.22272,271.9799415,96.30437254,Highway,273.3972847,43.21424542,On,Aggressive,1,Medium,284.4013689
59.1900896,1523.552348,142.7648662,35.82399315,Mixed,137.2659926,42.81154225,On,Normal,4,High,271.346075
47.76149368,1365.884556,70.78454837,82.03639168,Mixed,318.7870208,39.80164458,On,Normal,5,High,183.7477229
50.20467145,1408.468402,121.5555779,44.37794414,Mixed,395.6983622,44.96412008,On,Aggressive,2,High,239.9199139
44.11037631,1850.478308,169.0472551,37.38142077,Highway,98.01696951,36.59823889,On,Eco,2,High,207.884013
98.13961999,2319.481356,188.0377348,57.63362797,Highway,145.0359623,38.93396163,On,Normal,2,Low,522.7149525
73.86269569,1673.622804,162.5155269,70.8136983,City,397.1593008,36.33147454,On,Normal,5,Medium,331.8751248
68.63001432,1898.273728,258.3869162,87.89125588,Mixed,55.15302852,43.55522444,On,Normal,5,Low,331.5798626
55.78008315,2100.701418,279.6415003,74.42842955,Mixed,30.87510533,42.80067204,On,Normal,3,Low,231.963284
71.34951405,2282.898146,176.8321761,64.4167,City,208.3964641,42.15308942,On,Normal,1,High,361.8772627
100.6043315,1972.727249,78.21114899,49.99671565,City,187.3716411,37.93025001,On,Aggressive,2,High,512.1038877
98.48789068,1943.959454,161.0369595,50.47871303,Highway,31.31549879,42.36946963,On,Normal,3,High,546.42323
77.92728377,2481.388632,103.4973454,83.94037819,City,116.0144092,39.19780582,On,Normal,5,High,375.5036788
72.39656351,2293.623688,128.0391362,37.98417725,City,167.5746653,43.81712552,On,Eco,3,Medium,399.0229464
48.06255352,2100.126611,259.8958523,40.25316372,Mixed,328.8838486,37.7955148,On,Normal,2,High,207.851215
85.43425085,2247.913252,188.4700554,80.38154653,City,283.1369417,37.96056686,On,Aggressive,1,Medium,448.1328538
98.26542939,2499.842562,258.862011,97.27294205,Mixed,365.8106554,44.64527661,On,Normal,3,High,514.0308368
54.45530462,1758.579097,296.5503274,38.41639423,Mixed,132.9999748,40.65318133,On,Aggressive,5,Low,213.2476427
64.84326241,2058.29954,190.8548923,72.6598258,Mixed,123.751369,40.01747166,On,Normal,4,Low,287.4814083
38.53683032,2220.116738,278.9429432,46.74318711,City,185.2726803,39.16573833,On,Aggressive,4,Medium,140.2899471
98.65580403,1666.286389,224.0318329,31.80304704,City,3.011254763,43.48091269,On,Normal,3,Low,526.8503716
37.81667636,2432.405608,84.43643827,88.25873592,Mixed,82.92803523,39.17436793,On,Normal,5,Low,108.0600859
86.34699315,1573.325696,160.2957377,65.60232228,Highway,84.58844409,39.20541274,On,Aggressive,3,Low,454.042679
44.95837472,1364.607178,218.1455717,31.67229662,Highway,24.43601324,37.11000736,On,Normal,3,High,204.3995906
88.69189511,2015.637271,229.2627965,92.68173115,Mixed,182.0522759,40.68653746,On,Eco,4,High,452.9258891
81.41430306,1121.121719,266.559835,67.49796684,Highway,362.2080821,44.31374992,On,Normal,3,Medium,395.0508973
85.23163527,1189.963779,212.9499116,81.59471719,City,1.612166614,44.61785306,On,Aggressive,4,High,414.8997916
80.863834,2455.722684,81.62251265,59.64533678,Mixed,251.3658667,44.95963988,On,Eco,5,High,379.9711482
61.73364985,1422.476029,94.1863187,42.94182909,City,351.7330871,40.25763485,On,Aggressive,5,Low,265.6319816
79.61545671,1049.721142,138.7973122,62.59013141,Highway,43.00844105,42.97453275,On,Normal,5,Medium,401.6120181
48.77229914,1711.965278,130.5704935,50.13706453,Highway,366.9033133,40.97281259,On,Normal,4,High,229.5155151
51.91498068,2301.016375,113.1852863,50.77148072,City,327.4086574,40.93161972,On,Eco,2,High,247.298619
35.21065717,1499.973726,208.1510884,75.07146849,Highway,85.82853797,43.2561682,On,Eco,2,Medium,149.710283
79.0262124,1628.985662,163.1304178,36.58557585,Highway,362.1374302,43.51822181,On,Aggressive,2,Medium,394.1817414
97.26359896,1235.273082,224.3973074,57.79101725,City,321.6063145,36.17813929,On,Eco,2,High,509.4946012
60.27599863,1519.139242,152.8725548,68.26517759,City,44.55563717,44.48510869,On,Normal,5,Medium,240.2879154
46.69426177,2448.119658,125.7796485,79.69002307,City,332.2397789,43.40685178,On,Eco,2,Low,201.7826399
95.91436945,2315.817533,192.1130816,74.30294839,City,216.8731755,42.48997888,On,Normal,3,Medium,469.6125156
81.53011442,2109.776127,83.22241722,92.03725995,Highway,326.3839634,43.66829135,On,Eco,4,Medium,403.0262487
101.4823725,2179.327269,297.2780009,99.46689978,City,247.0659987,40.83536932,On,Normal,2,Low,522.2794043
30.49949228,2004.021617,217.3511839,95.61963968,Mixed,156.7428034,42.95937169,On,Eco,5,Medium,60.3102473
62.09251626,1176.928637,89.31896376,83.4906661,Highway,240.4561878,41.38784104,On,Aggressive,2,High,250.6168171
102.0766453,1176.168678,209.3780642,78.02106784,Highway,254.4722963,40.88637652,On,Normal,4,Low,515.5386014
84.03063462,1805.780296,77.86372736,32.48021789,City,306.482459,37.9044695,On,Normal,1,Medium,470.2303355
67.50929214,1893.17637,181.4942186,67.34491689,Highway,332.2727034,43.62673527,On,Normal,1,High,345.4053624
63.16390549,2457.732999,129.807127,76.46018308,City,265.2842676,43.95483915,On,Aggressive,5,High,262.841784
101.6128382,1676.763864,228.1831096,58.90580336,Highway,395.8592836,44.74073362,On,Aggressive,5,High,504.7486648
96.54360798,2376.216476,176.8972788,56.9357629,City,311.4203755,37.08394799,On,Aggressive,5,Medium,484.8300677
30.98494284,2485.503124,248.6099738,67.97685382,Highway,364.3059995,38.62416775,On,Normal,2,Low,98.60474715
39.6872046,2266.751853,115.1419513,93.46479429,Mixed,127.7977333,42.16865112,On,Aggressive,4,Medium,136.5714055
70.98522534,1598.470746,217.4829758,48.26498584,City,126.4909728,43.69706415,On,Eco,4,High,386.9112091
39.17089631,2130.157004,225.081366,57.93383748,City,144.9340305,42.76173758,On,Eco,4,Low,167.4265428
51.98112355,1818.19272,174.6040922,75.71614647,Mixed,175.8865157,40.1003289,On,Normal,1,Low,251.7132973
96.79269674,1298.22543,265.9933582,43.0205082,City,384.560054,42.53379659,On,Aggressive,4,Medium,491.7363059
60.89114138,1194.552472,95.19541342,88.44325064,Highway,29.41248774,36.64912416,On,Eco,5,Medium,247.0057436
66.07316572,1105.1243,242.0192512,76.62470432,Highway,199.3774319,41.96284603,On,Aggressive,2,High,285.6658269
43.93528095,1489.649732,91.67704296,54.65834418,Highway,64.46420865,36.07211575,On,Eco,1,Low,212.4073302
78.18512253,2033.141293,97.65706522,80.55169034,Mixed,324.3573462,36.42793894,On,Normal,2,Medium,383.8602444
39.62481203,2370.784366,108.3569,49.55425761,Mixed,12.4577072,42.81566002,On,Aggressive,3,High,175.2959532
80.41771133,1480.656317,218.6584147,84.21226277,Highway,182.0577029,40.29864341,On,Aggressive,5,Medium,396.2603223
89.73886719,1796.532171,213.3630081,34.94816371,Mixed,157.8964092,36.53595886,On,Normal,1,Medium,487.7721134
99.88871291,1703.217606,167.012732,59.87263912,City,36.872396,40.33675075,On,Normal,5,High,514.2390606
76.5958309,1163.144751,135.4714067,48.31472005,Mixed,150.6875801,36.56478897,On,Eco,2,Low,389.4189229
56.55635624,2140.418317,207.0653066,87.16902711,City,323.6121992,39.11429019,On,Eco,4,High,280.1167169
98.13413914,1779.057596,94.60534251,82.69229441,Highway,54.98986135,37.41635345,On,Aggressive,3,Low,499.6572862
77.72994186,2375.962542,210.8781652,88.93029664,Highway,393.4023025,37.97435219,On,Eco,5,Low,360.9695278
58.6510082,2253.173814,62.86844122,75.60941295,Highway,23.38173805,37.76045044,On,Eco,3,Medium,278.7910266
55.80314777,1417.409986,94.67254583,85.67256923,Mixed,115.6411093,39.34591132,On,Normal,2,High,257.553984
55.64913266,1468.929087,229.9022827,60.71517885,Highway,309.9596457,36.97117485,On,Normal,5,Low,259.125111
34.50747569,1805.479081,269.7528081,77.46401913,Mixed,143.0085131,40.74962805,On,Normal,4,Low,109.9081921
38.10675005,1187.71901,78.14400896,32.17823683,Highway,192.1413958,39.66390912,On,Normal,3,Low,150.2236451
37.17657415,1376.678732,213.3040957,91.6507226,City,74.66340457,43.55878539,On,Eco,1,Low,134.8006848
54.97503754,2231.639497,74.85741247,77.93415558,Mixed,286.1983529,43.43332583,On,Aggressive,2,Low,240.7507708
67.91813502,1229.506292,270.9527157,90.62675204,City,71.81664516,43.41850004,On,Eco,5,Medium,321.783729
41.80640067,1819.362417,153.9995847,83.96012073,City,339.4924388,40.22675349,On,Normal,1,Low,176.3755722
96.23610146,1590.948355,237.8822338,50.04636767,City,215.7998181,38.61709748,On,Eco,4,Medium,512.9734941
35.24931108,1301.396335,101.4605147,49.10161607,Highway,219.2627316,39.73861147,On,Normal,4,Medium,119.059821
105.6249329,2454.660547,266.7240881,85.97471443,City,373.4046369,42.18634565,On,Eco,3,High,568.9860738
35.9547228,2237.68518,163.0008941,42.92964343,City,309.1998325,40.76807721,On,Normal,2,Low,125.9682125
101.5732961,1400.02533,110.1257381,37.74628406,City,297.2557946,41.61873695,On,Aggressive,5,Medium,521.085987
50.85665785,2177.923619,197.3878073,31.05295435,Mixed,343.2160665,42.24345965,On,Eco,1,High,277.1876469
108.939741,1009.626621,129.1587259,50.88996321,Mixed,36.72691352,44.26526965,On,Aggressive,5,High,582.9530502
71.70622611,1416.348678,128.8920563,36.94855354,Mixed,290.4177452,44.4957825,On,Eco,1,Medium,379.9606516
31.46461456,1161.997107,87.49089176,86.11805711,Mixed,93.28316524,43.56422999,On,Eco,2,Medium,114.321235
52.61352242,1636.122839,111.3354137,63.91806817,Mixed,112.3785363,36.58555347,On,Normal,4,Medium,236.5442992
105.2130722,1956.869325,251.4872404,47.67606569,Mixed,6.058454893,44.81401504,On,Normal,4,Medium,565.1866981
53.97326549,1256.966362,185.6588569,72.14608567,Mixed,357.4884253,42.33267654,On,Normal,5,Low,220.5457427
58.76866145,1358.610641,145.1854988,34.9246694,Highway,295.6451728,42.24052934,On,Eco,5,Medium,268.6405042
33.53185658,1589.05598,283.0495514,80.82848759,Mixed,55.71485245,36.20795384,On,Eco,3,High,116.8214397
50.26051255,1946.16387,251.373016,65.09751315,City,131.1692813,40.31459929,On,Eco,1,Medium,231.9121914
50.74561233,1466.089527,134.4653197,30.45334585,Highway,191.9731468,41.63849721,On,Aggressive,3,Low,215.021536
87.27790618,1902.254277,86.57581231,52.3452007,Mixed,197.5643129,38.50658463,On,Normal,1,High,475.4146245
70.46146226,1523.8752,104.2420351,82.51346614,Mixed,238.2615763,36.7491603,On,Normal,2,Medium,322.078057
42.88061446,1386.791707,222.0404683,43.16806193,City,188.8734839,40.79200375,On,Normal,5,Medium,176.4047999
93.6479514,2282.574812,195.136006,97.33140805,City,259.4581263,40.01665102,On,Normal,1,Medium,475.9849923
78.92149999,1574.46249,295.3866481,92.7640401,City,353.5483184,36.39672292,On,Aggressive,4,Medium,359.3016535
51.4767444,2377.561382,63.23855584,84.47671102,Highway,159.2290221,40.67476287,On,Eco,2,Low,230.7992048
47.90269151,1458.361972,270.4303817,35.4983851,Highway,350.6843678,36.96945153,On,Normal,4,Medium,209.2593856
103.9926454,1814.308244,63.42461028,54.76861083,Highway,87.8440864,39.82095698,On,Normal,2,Medium,584.5803507
80.96450177,1080.394237,161.9422155,50.87381416,Highway,48.55253002,38.43371619,On,Eco,1,High,440.3322231
94.5933396,2020.409634,279.9812888,39.63377229,City,95.76051864,44.7342373,On,Eco,4,Low,517.0359823
48.04139467,2193.209062,218.0196982,99.97332266,City,82.63706201,36.31259913,On,Normal,1,High,209.6084749
77.0988832,2457.120492,199.9919207,40.30383445,City,394.0316334,41.04020912,On,Eco,3,Low,413.516837
34.2791669,2254.917107,135.2398334,52.07292826,City,152.4214906,37.3672829,On,Eco,2,Medium,140.1589132
77.57762821,1468.779693,291.8706024,91.60990168,City,260.5893076,38.873647,On,Normal,5,Medium,345.6762753
46.28660608,1834.904076,100.3738935,40.10697526,Mixed,278.4210612,37.65510874,On,Normal,4,High,187.9194114
83.52742359,1887.810819,124.7730053,62.86695804,City,178.0834491,44.95632192,On,Eco,1,Medium,450.9591805
104.5573122,1085.178685,168.7093753,98.29830915,City,89.42869392,36.2912586,On,Eco,4,High,555.2970912
66.69677937,1108.985413,90.31179735,47.31019381,Mixed,175.2392054,40.87220813,On,Aggressive,1,Medium,316.2080836
54.43170616,1488.709945,161.6513423,79.21407519,Highway,189.5043545,41.47238443,On,Aggressive,3,High,216.9785289
39.86137637,2116.636023,69.44231411,35.60277539,City,381.603076,42.94951106,On,Normal,5,Low,152.4131166
83.64733798,1428.300493,281.7885037,72.06103589,Mixed,227.449482,41.63385165,On,Aggressive,4,Medium,373.8401435
76.7342213,2311.187847,137.3133926,53.73346732,Mixed,387.9490421,38.08212216,On,Aggressive,4,High,376.3267127
73.56565571,1967.48589,212.1126196,78.96951724,Mixed,230.6850596,41.38234995,On,Normal,1,Medium,357.2222691
104.8772852,1702.207066,268.9264972,60.30230038,Mixed,57.99920624,44.77470189,On,Normal,1,High,606.6109492
108.2524254,1810.838051,256.3982896,50.92990526,Highway,153.7506553,43.63606592,On,Aggressive,4,Medium,536.6497933
87.35870326,1497.14352,269.6137861,68.22055197,Highway,316.9253304,40.08147402,On,Normal,3,High,422.319013
45.67915118,2460.873502,232.8740758,39.7780839,Highway,168.6489072,40.29667396,On,Normal,4,Low,179.6571382
105.7410735,1263.933987,106.4985197,87.01023795,City,39.89353794,37.19617558,On,Eco,2,Low,588.324542
57.59413292,2290.595231,147.97165,82.54965744,Mixed,38.43046424,41.12932611,On,Normal,2,Medium,298.2697982
36.33239469,2017.226065,182.8876121,68.14777201,City,94.82590242,38.52219054,On,Aggressive,4,High,133.5474281
49.28678313,2067.342463,140.8680843,55.69338109,Mixed,225.9087135,36.9730283,On,Normal,3,Medium,216.4905138
96.4301151,2253.716261,289.2561437,94.06583125,Mixed,332.0619908,40.26788465,On,Normal,1,Medium,494.4345593
46.30118458,1204.334776,253.6408684,74.412088,Highway,213.4850995,36.40564156,On,Eco,1,Medium,206.9188563
61.60539163,2042.7412,251.7484001,49.93600927,Highway,298.4321547,37.08118569,On,Aggressive,4,High,269.1745541
51.88048554,2164.405302,146.6652752,86.46960261,City,258.2372414,37.97139587,On,Normal,5,Low,197.5491301
33.82540706,2476.920485,241.1612397,74.45137912,Mixed,209.6396741,44.91571155,On,Normal,1,Medium,123.2229321
74.93753002,2121.338482,207.3726365,38.89088316,Mixed,85.92317092,43.2763344,On,Normal,2,Medium,389.9809168
80.30056136,2427.629829,150.0514638,37.99632712,City,353.2674159,40.87582503,On,Normal,2,Medium,407.8987999
93.29177807,2274.600353,133.9871801,95.66735136,Highway,110.2861589,38.09308846,On,Normal,5,High,470.6720729
63.1728409,2313.52197,249.3204755,50.15383868,Mixed,101.127972,40.670279,On,Normal,5,Low,290.7702344
41.30643863,2375.381383,203.2319979,76.44378195,Mixed,103.1190498,41.84097377,On,Normal,2,High,157.0396794
82.17246389,1796.738427,68.87889269,32.55037111,Mixed,38.27417934,36.04107525,On,Aggressive,4,Medium,392.6698906
101.2052157,2066.529846,65.20777055,68.95513558,Highway,199.4616164,44.89104244,On,Eco,4,High,557.4007837
39.58570917,1185.93849,262.0729594,46.17900464,Highway,131.0121151,41.641029,On,Eco,4,Medium,165.899873
44.60935264,1534.672351,81.55661018,39.77383885,City,208.7767924,44.89421827,On,Eco,2,Low,203.1286392
56.33584935,2319.10679,184.6468245,84.14521879,Highway,181.2461525,40.22159214,On,Normal,5,Medium,216.4115214
82.02371709,2466.522622,206.0793141,86.66798599,Highway,207.9167223,41.61156616,On,Normal,3,High,423.9992076
71.90498893,1167.504222,279.8309094,80.06485637,City,119.0613408,40.15314668,On,Normal,2,High,363.2455345
86.98948087,1879.19322,183.4863287,30.78307916,City,326.0552452,36.08535278,On,Normal,2,Medium,482.0059753
32.50701213,2101.896996,106.5669111,49.9436451,Mixed,213.6772004,43.64902544,On,Normal,1,High,133.845713
94.83662198,1774.119463,122.5609256,55.26728865,Highway,83.37386758,40.04101449,On,Eco,4,Medium,500.0870093
108.9986025,1349.443064,71.72544523,78.35951567,City,360.7214801,40.23842573,On,Normal,1,Medium,583.1044235
33.73315892,1062.578536,113.2937691,82.88805772,City,43.78204033,39.23967725,On,Aggressive,2,Low,129.266444
69.63323788,2427.246033,255.6336517,73.94984454,Mixed,293.3737924,39.89390821,On,Aggressive,2,Low,339.6344042
89.1931375,1355.244065,241.650867,85.23618413,Highway,271.3793619,42.52995645,On,Aggressive,2,Medium,453.445401
68.11195029,1448.658155,79.66628974,59.91099145,Mixed,29.14356903,42.30562033,On,Eco,3,Low,354.3705856
77.43518192,1964.177814,175.1034021,67.92914929,Highway,360.6030461,43.2754106,On,Eco,1,Medium,413.4520456
103.6741564,1642.94363,132.4374358,34.49751226,City,126.5249687,44.77200362,On,Eco,5,High,536.5782837
73.18748704,1635.20257,215.987704,59.90142726,Mixed,296.3580062,39.52048709,On,Aggressive,4,Medium,356.4541911
48.92758868,1123.904839,290.7217305,60.28431794,Highway,110.8006343,39.05063566,On,Aggressive,4,Medium,206.3664437
89.09014721,2487.815576,211.3648216,72.80640767,City,210.2766973,40.44172558,On,Normal,3,Low,436.5343271
60.03434228,1426.60505,238.9678918,56.45274469,Mixed,388.9334455,37.38950606,On,Normal,1,Low,297.9404401
52.80920626,1165.028127,155.5507655,46.69184909,Mixed,244.3105639,42.82226651,On,Normal,4,Low,217.6300484
49.87243492,2022.355733,67.84506938,46.63174025,City,118.5291046,41.23024133,On,Normal,2,Medium,223.3551243
36.34908882,2128.309157,160.3437031,39.37110263,Highway,183.3508586,37.90206654,On,Normal,1,Medium,155.4535094
104.6325872,1038.032546,182.5909407,79.07158551,Highway,270.4164604,43.77631547,On,Aggressive,4,Low,531.8475914
75.06860444,1403.87183,178.2431912,73.57978667,Mixed,178.0755582,41.57156266,On,Normal,1,Medium,384.1982757
106.4080491,1291.54874,116.050341,70.5474944,City,364.2994249,36.30635388,On,Eco,3,Medium,552.2204361
98.94310568,2183.132067,173.9982408,67.17137405,Highway,346.9842946,37.768652,On,Normal,5,High,508.7148547
32.41827816,1275.630213,232.3182787,55.72762492,Highway,58.72407078,44.01984138,On,Normal,5,Medium,123.3735976
49.78282009,1352.846766,134.7543641,83.81018066,Highway,313.9763576,39.42941001,On,Normal,1,Low,223.5570867
55.22889892,2480.249905,212.1606402,94.54169156,Mixed,376.9659648,44.85916427,On,Eco,3,High,250.8275429
69.18574475,2053.166478,96.77618412,60.79924324,Mixed,126.7632897,40.76777058,On,Normal,4,Medium,340.5905183
87.29028765,1581.489402,126.7310799,58.63620242,Mixed,95.28788558,37.87123632,On,Eco,2,High,477.287846
84.46147326,2130.788607,272.1426984,41.390929,Highway,3.835498523,41.34505104,On,Aggressive,1,Low,432.8514973
108.9817553,1699.711306,210.3893683,76.94961637,City,46.26297422,36.92115845,On,Normal,1,High,613.8529981
103.8658081,1319.001008,80.60148138,69.06645844,City,384.3652284,43.26763246,On,Normal,4,Low,540.8981122
44.90133748,1731.958855,123.5128366,99.15985974,City,156.4486511,41.65056188,On,Eco,2,Medium,200.5150143
98.78937061,2158.036536,298.5506914,70.90262167,Mixed,154.9366158,44.67551958,On,Eco,2,Low,529.216403
97.43482098,1267.506059,124.8251645,50.20276063,Highway,106.6715672,42.21097012,On,Aggressive,4,Low,494.5079812
75.98387163,1728.298476,199.3221502,69.40584632,Highway,65.62356427,36.4423532,On,Normal,1,Medium,404.3989784
57.04966227,1178.981623,192.083354,98.92866629,City,203.5160764,40.28785416,On,Eco,4,Medium,249.5192764
46.68934361,2264.022149,156.5672539,80.6334626,Highway,289.2750626,40.78179218,On,Aggressive,5,Medium,197.5176728
46.99658868,2228.208134,68.10666673,39.00041161,City,220.3181334,44.25098369,On,Aggressive,4,Medium,178.4367888
57.02609393,2010.183671,128.2408686,54.02138328,Mixed,14.18009478,39.89220112,On,Normal,3,Medium,257.6807517
70.31572057,2380.03357,288.8038204,50.90794727,City,321.3878564,41.34162215,On,Normal,1,Medium,372.621391
76.70567048,1599.924646,64.60582172,89.97766453,Mixed,372.6376607,37.67360494,On,Eco,3,Low,380.2666199
56.00320626,1197.965225,231.7640404,72.78139937,Highway,176.1506963,38.20163527,On,Normal,1,High,281.1908406
58.52633074,2463.448439,274.2599099,86.70713974,Highway,146.5858211,40.93728088,On,Eco,1,Medium,309.7134803
31.08154955,1769.613205,242.9727908,42.33722374,Mixed,91.94160422,42.27286107,On,Aggressive,5,Medium,88.6299058
30.16956116,1713.272613,137.5798967,93.56244335,Highway,120.7481199,39.91914631,On,Normal,4,Low,81.307133
102.5745963,1095.585336,184.9122925,34.0817698,Mixed,257.779003,39.89401708,On,Eco,4,Low,544.6400262
31.12109805,1855.565272,268.211404,56.2386031,City,308.0584511,38.30394858,On,Eco,5,Low,81.96879187
32.64971364,1967.111625,294.1098547,30.9904331,Mixed,132.8862945,42.28317689,On,Normal,5,Low,80.29797933
46.45082463,1709.782134,83.28697637,42.89956459,City,135.8690494,36.04925588,On,Eco,2,High,215.5367481
89.47187892,2365.613295,89.84395126,97.35581061,Highway,180.4405279,40.61491776,On,Aggressive,3,High,439.3821783
84.3136332,2113.566129,289.3945433,35.4946732,City,68.08111061,36.0320828,On,Eco,1,Medium,454.1400975
81.77416605,1057.931215,269.4298609,40.17846042,City,370.8832753,41.34121119,On,Normal,2,Low,419.5103774
75.99625305,1813.854059,110.6580552,94.73943184,Highway,282.1824274,36.27815842,On,Normal,4,High,360.1443074
46.13591975,2490.509741,292.8249729,79.71221948,Highway,173.4333713,44.46060372,On,Normal,2,High,211.9469908
61.83469923,1299.621542,110.1604877,58.4875086,City,48.90900476,40.30158386,On,Normal,4,Low,266.3244256
68.24800194,1925.762171,81.24366415,34.81360722,Mixed,339.5302193,42.15620458,On,Eco,5,Medium,347.304076
76.59542469,1410.242641,223.6525618,84.95272714,City,193.485738,43.68238627,On,Normal,1,Medium,400.930609
45.87434477,1557.22516,189.5510439,64.49086238,Highway,318.7531536,38.11879903,On,Normal,1,Low,187.5388749
88.32269317,1050.451727,117.5196067,52.61118064,Mixed,13.3576349,40.86048512,On,Eco,1,Low,465.7260836
54.71316866,2031.87558,282.7866819,55.25252978,City,109.4616385,43.77104626,On,Normal,5,Medium,243.893937
82.8179256,2148.587812,157.0175709,65.36942766,Highway,248.8381507,40.83996247,On,Normal,4,Low,415.9582493
71.11865321,2159.375113,156.6975817,68.58629762,Mixed,195.1693285,39.53495247,On,Eco,5,Low,328.391541
77.37715686,2455.814065,211.6382045,87.26691396,Highway,118.0287912,39.31982827,On,Eco,1,Low,383.0757143
63.0518725,2256.816506,115.3908107,84.01926054,Mixed,80.45209499,39.45697524,On,Eco,1,High,318.0533467
65.60552436,1311.408988,200.8434013,83.69410841,City,120.7253317,41.5388816,On,Eco,1,High,295.9405716
99.45501294,1345.834678,147.3564354,81.05085904,Mixed,296.9357604,36.41095031,On,Aggressive,4,Medium,508.426113
68.07002699,2151.984811,226.8021202,83.04508406,Mixed,73.4829402,39.73844587,On,Aggressive,4,Medium,298.5168843
93.51110589,2165.35956,119.4497925,77.43210676,City,237.5252831,41.04530216,On,Eco,2,Medium,502.9698793
61.60196678,1184.563364,104.5108614,90.76164314,Mixed,169.4723334,43.07742709,On,Normal,2,Medium,315.701257
86.04257136,1009.948489,119.9553033,69.02180073,City,305.2151615,40.76994371,On,Aggressive,3,Low,419.0381334
48.63161587,1602.070624,284.6243584,66.45909817,Highway,80.64740905,44.33555462,On,Normal,4,High,217.9811317
103.3615201,2042.010858,263.8149423,79.0907185,Highway,108.0358305,39.99395693,On,Normal,5,Low,523.4013864
107.3821067,2299.996643,258.9356146,41.62041812,Highway,159.4750128,41.85714736,On,Aggressive,4,Medium,554.9278078
102.1059497,1247.995191,247.3667191,84.38661997,City,66.63024348,36.15823002,On,Normal,2,High,571.3155662
57.71338907,2222.936634,212.8681733,95.53090903,City,184.4779089,38.14603261,On,Aggressive,1,Low,247.0911112
52.11920558,2026.681663,83.61581373,50.73819754,City,166.4203233,43.33911612,On,Eco,2,High,265.0496921
44.59516992,1248.932916,137.9164606,72.773147,City,396.0342177,41.2759355,On,Aggressive,2,Low,176.0913191
99.83954204,2309.924334,194.8484925,32.28357595,Highway,237.5454837,44.51555755,On,Aggressive,2,High,540.646329
39.48931592,2399.482926,85.37993443,83.60760039,City,27.78481004,42.77588794,On,Aggressive,3,Medium,145.9764423
81.38642316,1398.710258,67.22793247,69.17677212,Highway,183.976659,40.04697472,On,Eco,3,High,434.905172
56.51711862,1223.036803,82.42285213,77.15579992,Mixed,351.4006123,43.00840141,On,Normal,3,Medium,245.188128
45.03343959,2451.439358,85.93671481,40.0094904,Mixed,346.707035,40.21008103,On,Normal,5,Low,165.8596653
44.75882383,1034.326544,86.2892133,86.66183638,Highway,384.7220879,38.97151984,On,Normal,3,High,186.2507476
99.67760728,2422.599398,105.641334,47.91554361,Mixed,357.6923467,36.42386465,On,Eco,5,Medium,497.4069609
98.78564288,1324.337265,179.7831965,77.93545423,Highway,70.51988061,43.79061027,On,Eco,4,Medium,528.0702797
51.76230152,1657.195402,128.5081544,71.51992355,City,1.428109797,39.77047562,On,Normal,4,Medium,214.4943206
32.70135476,1462.527732,266.4318003,75.76540123,Highway,246.5010757,42.16653257,On,Normal,3,Low,117.531931
99.52694228,1230.562151,270.2732594,33.51661008,City,280.9777467,37.37753537,On,Normal,4,Medium,498.5522266
34.58602749,1528.715462,280.859941,81.92953992,Mixed,52.48486,43.46066121,On,Eco,4,Medium,130.1485855
36.77761485,1808.871741,173.0781932,85.667481,Highway,66.73411968,43.41780401,On,Normal,1,High,154.2040726
95.75365612,1140.740257,245.7700316,63.23710762,City,385.2306254,40.33932837,On,Aggressive,3,Low,487.0743265
95.37756795,2213.766029,201.8358757,58.6202731,Highway,377.5333019,42.04930237,On,Eco,3,Medium,526.3145641
46.19917541,2200.572297,94.64942255,53.97812928,Highway,62.78861948,40.69308458,On,Eco,2,High,221.1919702
33.05746744,2196.222499,212.5676643,94.95173345,Highway,98.80336171,40.97039375,On,Normal,2,Low,111.0286346
35.03857585,2029.673141,260.8850486,82.8547778,Mixed,356.8454648,43.9992141,On,Eco,4,Low,99.55959862
66.27113931,1682.89356,143.5057624,78.90331091,City,173.9973323,44.70224158,On,Eco,2,Low,330.6102196
63.45876657,2250.586303,239.2020785,94.79246372,Mixed,319.2290503,39.30749049,On,Normal,1,Medium,300.0251332
44.58311688,2277.773484,245.8841392,54.41384614,City,158.3944123,38.98559814,On,Normal,3,Medium,182.4438882
102.7232209,1428.185495,214.4599982,74.10966601,Highway,294.5531661,38.73426692,On,Normal,1,High,537.4879639
74.19273724,1721.425376,271.9858309,78.02397814,Mixed,158.7303212,42.93682914,On,Normal,3,Medium,388.5393295
94.58711393,1304.444306,94.75712657,99.73592803,City,359.671638,42.50607714,On,Eco,5,Medium,466.1333669
38.29808118,1383.685636,262.4199939,59.90302801,City,130.2290716,36.39420068,On,Normal,3,High,148.8558453
107.8766829,1358.430611,206.5754566,58.01267364,Mixed,209.2472528,36.79596802,On,Normal,1,Low,567.9300392
94.77901174,2240.420783,265.3589513,35.9141547,City,208.7023631,41.8158441,On,Aggressive,4,Medium,463.6849544
53.02592338,1376.2232,187.8426291,36.89167393,City,259.5485514,38.47462762,On,Normal,2,Medium,230.752265
31.66284408,1819.470752,138.7110087,65.82593424,Highway,122.6800178,36.82422284,On,Aggressive,2,Low,118.0882877
43.160703,1942.369275,275.3264776,41.98273716,City,257.0642029,39.72297341,On,Normal,1,High,176.6078911
63.48049325,2117.024056,270.5768623,35.10515826,City,56.41432782,43.89734546,On,Normal,2,High,314.6359504
30.23883619,1043.510913,124.2426377,97.54251035,Mixed,357.4454093,39.29680605,On,Normal,4,High,77.11547501
33.2672407,1713.621174,238.585973,96.59921785,City,57.66939502,42.26067035,On,Eco,2,High,119.5897094
37.89088174,1438.913053,81.91073018,52.76937378,Highway,336.1179739,44.10517383,On,Normal,5,Medium,118.055315
94.77731679,2250.960878,80.63470424,85.29085849,Mixed,277.2592278,37.52381773,On,Aggressive,3,High,475.0636961
73.7492644,1055.123546,182.7370692,91.07843375,Mixed,136.426829,41.48731559,On,Normal,5,Medium,328.2546251
45.27846067,1310.491155,68.58278184,62.53229474,City,130.9732952,44.16893318,On,Aggressive,3,High,197.6739463
51.15730177,1473.638108,164.1007406,45.6587974,Mixed,386.4180296,37.74071785,On,Eco,5,Low,242.4457903
81.3742999,1116.762123,249.7794285,39.08633791,Mixed,77.99354489,44.89841352,On,Normal,2,Low,442.6753716
55.48881242,1593.126747,273.4736817,39.857566,Mixed,289.1835062,39.28575177,On,Normal,2,Low,233.3947359
84.57060037,2115.652605,121.1475437,85.78532083,Highway,73.4729201,37.95773229,On,Normal,4,Low,388.0698087
92.25825948,1318.471181,78.475264,56.90910705,Highway,362.1590082,43.54037506,On,Normal,5,Medium,444.0179152
54.52995465,2131.703062,211.357054,78.54553553,City,296.775602,40.21118087,On,Aggressive,3,Low,231.9155537
59.32101529,1793.521314,123.5598819,67.70854041,Highway,373.0818754,42.03610362,On,Normal,3,Low,260.3451173
34.00593763,1517.085794,65.62756301,57.62678663,City,351.643085,40.40646493,On,Normal,2,Low,154.9510275
95.58386711,1553.209095,91.487515,38.66710174,Mixed,219.7995535,41.79175018,On,Normal,2,Medium,514.7330087
78.48562875,1174.457686,285.2053796,53.34142913,Highway,60.89164372,36.31831933,On,Normal,2,Low,418.3669196
101.0614796,1374.671512,270.0183148,88.81217446,Highway,88.58380562,39.15162204,On,Eco,5,Medium,541.8329725
45.11356931,2096.836589,259.108177,86.79785559,Highway,80.72714954,41.91580673,On,Normal,3,Low,164.0106778
106.8480353,2294.118432,141.4736498,31.98580144,Highway,88.25577709,39.15702524,On,Normal,5,Medium,553.8334903
86.53885381,1398.39728,231.4854563,39.81935909,Mixed,190.565658,42.98179158,On,Normal,3,Low,469.3586445
45.72882724,1883.003926,289.6835475,82.91308517,Mixed,347.1173898,44.64796058,On,Aggressive,3,Low,144.3869444
67.03774505,1052.090064,196.2194633,53.50130275,Highway,9.245842029,36.33670303,On,Aggressive,4,Medium,310.1692271
85.91607571,1116.109362,139.9430902,75.05137469,Mixed,95.39216264,43.6978634,On,Normal,2,High,461.7625124
31.35781184,2446.550909,251.8390642,69.38730173,Mixed,238.7211924,37.52157616,On,Eco,5,High,107.1889629
92.42293144,2344.759146,163.2809947,75.64471208,Mixed,346.1293925,44.25603385,On,Normal,5,High,459.4051228
105.8144228,1121.923505,198.562486,33.75875856,City,118.9921547,44.52113471,On,Eco,2,Medium,586.4252356
36.51970923,2233.491955,189.8907217,95.17834439,Highway,153.0108637,41.12261644,On,Normal,5,Medium,93.38216
101.8494209,1153.754814,112.1802851,31.46786848,City,149.3701639,40.31110909,On,Aggressive,4,High,524.2292474
67.15551433,2242.756495,60.16017941,30.56227472,City,117.4774652,42.82649906,On,Aggressive,5,Medium,331.3886915
71.24789737,2370.251062,299.7206523,45.83071017,Mixed,279.505051,44.26219361,On,Normal,3,Low,350.8217521
97.20864099,1229.628366,160.0396255,99.54471436,City,262.325889,38.09201465,On,Aggressive,2,High,492.8252246
77.17264901,1220.849352,128.1159532,35.07727042,Mixed,337.310004,39.44197298,On,Aggressive,2,Low,393.7999692
58.11406044,2389.85835,243.8115856,91.21501218,Mixed,367.0309521,39.75782395,On,Normal,4,High,248.0534543
88.60728852,1452.14771,202.2059311,41.13623493,City,360.1903192,43.61239122,On,Normal,5,Low,428.239957
41.06617231,1708.983239,271.3103708,37.63723052,Highway,216.0643352,37.23225319,On,Eco,3,Low,168.2512718
83.30201155,1456.659399,247.4642423,84.52792783,Highway,74.27898497,41.60739764,On,Eco,1,Medium,425.9673083
91.96990223,2124.004007,127.6246233,89.26751002,Mixed,88.86481982,39.15847173,On,Normal,3,Low,489.9642873
56.78157535,1316.629802,202.1386229,85.45280219,City,236.1015194,43.96962713,On,Normal,3,High,267.7279326
107.6186152,1741.180142,180.6484691,46.87202154,Highway,367.359274,39.05811791,On,Normal,5,High,576.7974653
81.24814922,2275.695422,289.2200801,91.58899082,City,212.1725742,44.80151656,On,Aggressive,1,Medium,397.8102622
37.65429592,2413.972038,117.4968333,35.03198025,City,374.2914179,36.14068898,On,Normal,4,Medium,137.3709695
107.3027541,1529.103519,128.1202771,53.93842243,City,104.9000072,38.1559826,On,Eco,5,High,572.5886307
89.5194453,1170.955444,280.9027696,62.4228188,Mixed,34.5387111,40.11588822,On,Eco,2,High,469.8863228
85.65158137,2214.529813,169.8746056,34.74146901,Mixed,318.5161624,38.30692125,On,Eco,1,Medium,481.7259484
50.25997987,1166.125414,169.7410819,70.5890295,Mixed,351.7534328,42.6365416,On,Normal,2,High,239.3619069
67.85175099,2168.931158,268.3700638,69.15681119,Highway,179.2325026,43.33096322,On,Aggressive,1,High,339.8573619
102.0840724,2033.481463,131.0521289,99.45278024,City,40.97768707,42.27757195,On,Eco,2,Low,546.7722605
54.65235025,1866.339376,227.2554335,73.5164802,Mixed,16.93091781,44.73358635,On,Normal,5,High,224.8691135
63.86654714,2409.234233,233.1655376,57.82819738,City,25.02316624,40.10434201,On,Normal,1,High,330.251689
50.54015856,1483.589806,166.1756032,85.31293933,City,175.6457838,44.81792816,On,Normal,4,High,200.2316215
47.27213324,1139.993978,140.1505241,53.44769029,Mixed,93.92599638,37.12149567,On,Aggressive,5,Medium,169.7233885
33.49720436,2472.40622,239.1973531,67.30080581,Highway,184.7692946,43.61350189,On,Normal,1,Medium,113.5982357
88.95198027,1661.721756,121.4217028,33.88287248,Mixed,195.395801,36.3459716,On,Normal,2,Low,461.6095044
37.26073616,1650.086545,256.634377,52.58660421,City,183.2371408,40.7872491,On,Normal,3,High,136.7289127
72.50593821,1134.294615,159.9387538,66.96756103,City,247.9689628,40.36024452,On,Normal,1,Medium,381.0066239
33.98363845,2115.328645,64.41055658,79.16183256,Highway,271.7615141,43.70669655,On,Aggressive,5,Medium,73.04367557
108.7101552,2080.176389,196.6250769,36.93229533,Mixed,158.3781583,42.30659196,On,Normal,2,Medium,595.9436266
86.75566175,1217.944482,106.660266,85.80307104,City,134.8126849,39.96950868,On,Normal,5,Medium,435.9069394
80.4307706,1350.710043,171.9756541,93.01112907,City,147.3605138,44.06104399,On,Normal,2,High,428.7036742
44.91147372,1024.621699,254.0005131,49.67260159,City,28.07261203,43.97282457,On,Eco,5,High,201.4334912
72.24432497,2334.59332,105.6031321,83.57426065,City,128.6523012,36.2225865,On,Eco,1,High,353.2629928
70.28464635,1366.792139,109.9470778,42.62439438,Mixed,79.96505847,43.83916721,On,Normal,1,Medium,362.6802566
58.69189478,2390.561348,173.7230365,66.63911102,Mixed,116.3360688,40.73926821,On,Eco,1,High,310.7035192
42.48895564,1856.754431,174.3602723,85.83447556,Mixed,285.7588403,43.55064749,On,Normal,2,Medium,156.6293184
59.3704748,1638.111457,168.8807828,57.05441799,Mixed,395.4153739,37.63191236,On,Eco,4,Medium,297.5165377
78.72832562,1011.745736,226.6783147,31.84101764,Mixed,369.4211868,37.35985967,On,Normal,5,Low,403.9276416
68.98803027,1138.408425,124.5835063,67.79771626,Highway,328.6501258,42.49982831,On,Normal,4,High,338.5776161
75.60353944,1238.026113,122.5266724,89.1289911,Mixed,294.8788267,38.47821926,On,Normal,4,Medium,375.2579375
75.76143119,1158.544386,65.36666228,37.58291641,City,377.9750597,41.02956496,On,Normal,4,Low,389.1419783
49.57398298,1384.305026,151.6163243,32.07489815,Mixed,300.8167383,42.19933985,On,Normal,3,Medium,223.9776874
38.87801597,1231.877472,106.9855699,86.63285432,Highway,188.3818682,41.49366758,On,Eco,5,Medium,152.7990524
71.74011241,1995.750614,201.9835959,48.69928051,City,240.5447703,42.29068926,On,Normal,3,High,344.4119173
101.3897733,1445.547187,103.4809655,55.5040594,Highway,122.3139884,41.58321554,On,Eco,5,Medium,547.5064717
109.6292767,2077.437427,274.6874525,36.08874209,City,1.323335115,39.41215228,On,Eco,3,Medium,613.9490647
92.87196445,1203.239117,263.7634374,36.76332891,City,141.4451577,36.81444974,On,Eco,5,High,529.8840057
47.68934397,1313.661268,243.6407817,73.01803498,Mixed,161.9319406,43.69810633,On,Eco,1,Medium,221.769999
80.42586891,2181.174438,254.0458046,68.65607545,Highway,293.236863,43.61407398,On,Eco,4,Low,420.5149623
49.10931299,1951.115354,290.2999843,50.46812435,Highway,343.6882016,36.05111156,On,Eco,2,High,249.5945658
76.11618444,1144.670575,136.7541457,61.69162894,City,385.0618871,43.56778948,On,Eco,4,High,386.0768155
68.45504344,2439.125472,295.1662083,57.1738435,Mixed,140.7167013,37.35889925,On,Normal,5,Low,290.0391102
60.52445556,2143.801806,273.7254398,78.65370415,City,382.9587745,38.99576343,On,Normal,2,High,281.6042468
81.33114111,1828.968113,146.8541015,90.34623174,Highway,319.7542227,39.72013778,On,Normal,4,Medium,393.9367977
98.61695693,1514.366135,267.3777362,83.55716936,City,12.33775109,42.11667764,On,Aggressive,5,Low,501.1781638
56.99812035,1140.911788,275.3531511,30.30853548,Mixed,238.1043388,36.83173937,On,Aggressive,4,Low,252.9532824
68.90035612,1537.302729,68.66119503,36.96874228,Highway,146.2567199,43.4398103,On,Aggressive,5,Low,315.0393525
66.46599004,1484.534293,270.2309686,60.0563746,City,13.6044837,44.48473008,On,Normal,3,Medium,335.635038
49.93791799,1117.557401,163.9787058,89.62591991,Mixed,212.6012331,44.57426282,On,Eco,3,Low,228.9360031
63.68892472,2175.637582,254.7225518,46.58819317,Highway,233.9268324,36.82654201,On,Aggressive,1,Low,318.5356534
31.72676087,1623.003356,86.67935795,91.52664606,Mixed,100.8923019,44.27442228,On,Normal,2,High,98.40424455
71.39456172,2334.273335,101.3248826,37.7009561,City,375.9519004,41.11046007,On,Normal,3,Medium,367.3721041
87.66341989,1236.944991,294.9062699,35.08249867,Highway,244.1816949,42.54235706,On,Aggressive,5,High,457.7815219
59.40891366,1476.358658,159.8833235,93.9393788,Mixed,70.38546135,44.37537036,On,Normal,4,Low,296.4294445
89.72593439,1418.554866,251.6292807,41.33838482,Highway,288.5027436,41.94895911,On,Normal,1,Low,486.5085235
90.0524892,2297.742276,240.0585863,62.46429071,City,199.6558215,40.11065501,On,Eco,4,Medium,484.5121491
108.729229,1761.600311,248.651825,52.81699309,City,189.2936182,40.7260065,On,Eco,4,Medium,595.405598
73.67553144,1212.73279,243.5093714,40.33455043,Mixed,333.8133051,42.16053131,On,Normal,2,High,390.9193367
62.32512834,1536.170247,279.350299,74.24777105,Highway,55.27191938,44.50229011,On,Normal,4,Medium,302.0089807
81.16194597,2414.773796,202.2208501,97.45708999,City,196.3946953,44.00827828,On,Aggressive,2,High,378.4831236
80.12610258,1827.230959,162.1091525,76.06766128,Mixed,312.3052218,41.1936053,On,Aggressive,5,Low,374.2632969
108.9873749,1055.100332,282.0551686,54.75890779,Mixed,264.1553755,37.89909242,On,Aggressive,4,Medium,572.8824436
86.61551156,1086.767479,145.6686752,79.82578691,Mixed,2.165462981,39.12056212,On,Aggressive,4,Medium,417.9762336
54.52643688,1353.52108,211.3677093,40.02737088,Highway,314.9802369,39.25626748,On,Normal,4,Low,218.931511
45.00078851,1931.986599,265.2523373,70.60114175,City,377.8687659,38.60256631,On,Normal,5,Medium,161.2126553
93.41809457,1367.891055,279.8441781,62.86202123,City,281.8675339,42.72071026,On,Normal,3,Low,487.0531955
44.38076692,2275.171828,287.8632291,55.19885,Highway,350.36037,43.52388841,On,Eco,3,High,194.9325818
80.19540579,1944.132798,218.3838572,81.76971117,City,144.3246876,38.87847805,On,Normal,5,Low,386.239497
40.58529975,1451.095893,232.8480878,38.29410018,Mixed,140.2412583,43.61513388,On,Normal,1,High,173.8648544
87.49643357,1590.902038,179.4049672,67.29533328,Mixed,128.345812,42.60993667,On,Aggressive,1,Low,451.667285
92.63158348,1562.886583,128.3741977,89.80781286,Highway,293.9877708,39.97004832,On,Aggressive,2,Medium,474.4298645
109.2431924,1471.275677,63.88308613,44.1197109,Mixed,376.8263827,42.28796727,On,Eco,5,Low,563.7011678
106.3373595,1944.829429,113.2897765,48.51788694,City,354.1603085,42.9240448,On,Eco,1,Low,570.3442646
87.1045609,1302.511372,295.1902425,76.24702549,City,60.08556029,41.04927994,On,Eco,2,High,481.3971483
52.20240035,1438.165117,253.5316392,84.08108709,Highway,250.443094,39.9880205,On,Normal,4,High,225.3341278
33.49745001,1127.85464,174.9686364,49.8334921,Mixed,398.3833118,36.91543002,On,Eco,4,High,112.2417952
74.41932108,1564.054907,142.4618656,55.1928606,City,118.147367,36.01232704,On,Eco,1,Medium,392.244047
91.27843299,1096.576748,75.44264926,81.7938738,City,253.9139172,44.4352618,On,Normal,2,High,487.641313
30.84990022,1026.858231,62.4328477,49.97265656,City,362.6495321,38.40736301,On,Eco,2,Medium,106.906248
71.98410205,1968.96956,241.214538,76.63732533,Mixed,359.819256,41.96685619,On,Aggressive,3,Low,354.1242349
100.6310324,1243.682357,296.537608,41.11843256,City,128.5901129,44.49025043,On,Normal,1,High,566.8294591
80.97742764,1052.796539,120.9189389,58.79173216,Mixed,37.56996597,43.36462151,On,Eco,3,High,442.5450204
84.70248188,1102.499981,125.888824,78.20740468,City,258.4035836,37.10324524,On,Aggressive,5,Medium,406.5812162
67.94657456,1298.815561,284.3219693,62.19331893,Mixed,378.7869992,43.21721205,On,Aggressive,2,Low,328.1022854
105.4520006,2081.321542,204.4948356,31.34661439,City,203.1934911,42.53753789,On,Aggressive,3,Low,584.4353744
59.97177934,1017.793467,101.7146711,58.446625,Mixed,183.0829579,38.96457392,On,Normal,2,Medium,283.5180643
60.32775432,2089.779963,70.96476297,50.18347036,Highway,345.5793629,42.20641619,On,Aggressive,5,High,257.1936263
71.4190183,1895.587226,195.2581946,37.0897528,Highway,169.8386716,43.43298503,On,Normal,3,Low,383.5558076
76.87457513,1770.863876,168.6137465,30.63966082,Highway,272.3714817,38.62279718,On,Eco,5,Medium,407.6230147
72.99400908,2363.925103,163.702654,33.18607811,City,155.4569431,43.82126347,On,Normal,2,Low,368.803733
95.49052514,2244.381615,292.6234328,96.44733604,Mixed,150.8549971,36.70932946,On,Normal,2,High,491.3012061
96.76103901,1628.155774,123.0906038,82.48734454,City,75.12302614,40.74709009,On,Normal,4,Medium,491.6234395
40.53322461,1010.050427,177.1177426,95.7819199,Mixed,35.38066812,38.09897691,On,Normal,2,High,194.4080353
77.69310753,2065.86467,111.2025633,38.03487276,Mixed,354.0642704,42.55209445,On,Eco,4,High,403.867778
108.711937,1071.589215,137.2293961,69.93568016,City,72.48792969,37.57379392,On,Normal,5,Medium,583.9563443
77.97266133,1417.080885,243.8144099,35.83019955,Mixed,24.88736087,39.0730841,On,Normal,1,Low,415.5599103
85.05312801,1739.551795,107.3521184,31.87644738,Highway,232.9232436,37.14647181,On,Eco,5,Medium,444.9373075
98.90957187,1149.01186,222.3562757,62.63968011,City,218.3986993,43.30723265,On,Eco,4,Low,530.4479728
99.32815074,2018.907392,91.11466561,75.24404831,Highway,227.1026813,37.19047306,On,Eco,1,High,547.6438331
31.37526081,1482.053548,105.737459,34.44936526,Highway,187.2419552,42.50836445,On,Eco,4,Low,107.5325278
49.15459729,1542.491073,65.54239432,55.55418017,Highway,56.77454089,42.36507196,On,Normal,2,High,251.4152095
99.03025695,1972.48723,211.3115009,36.31169011,City,8.36593324,37.28131548,On,Eco,4,Medium,532.7189703
83.36805368,1597.36285,297.676917,55.34725493,Highway,18.56557089,41.09445969,On,Normal,1,Low,447.2729966
80.53646309,1336.8546,217.554082,63.02569888,City,377.2588583,40.47191386,On,Normal,4,Medium,413.4188282
98.79553133,1265.137175,281.5970943,53.62719697,City,212.7417035,41.35054112,On,Aggressive,3,High,525.7982204
94.52400767,2086.062898,186.3378975,70.3374317,Highway,159.8883742,44.43504869,On,Eco,3,Medium,513.4475217
90.10804832,2125.877373,223.268741,70.92130395,Mixed,164.3327265,36.7248332,On,Normal,5,Low,423.2680897
33.78822573,1293.550332,282.1279117,53.30547329,Mixed,260.8781393,43.38453357,On,Normal,5,Low,105.3440419
92.53238939,1478.509806,80.69256346,57.27188913,City,150.665111,43.75896716,On,Normal,1,Medium,516.4730277
46.04874425,2434.912184,203.3849034,60.87459325,Highway,318.5836266,37.13646681,On,Normal,4,Medium,215.4031095
32.08070078,2476.344023,198.1269541,56.29573146,City,103.9771669,41.90495525,On,Aggressive,2,High,125.9615845
69.35118962,1877.961821,67.95635725,83.24533624,Mixed,146.9036518,42.31910833,On,Eco,1,Medium,361.3458725
105.38881,2135.418333,97.48783705,39.79632528,City,373.9987263,40.93799654,On,Normal,1,Low,582.6315963
100.9162542,2122.379845,192.5638739,89.9924801,City,104.1134697,40.52636962,On,Eco,1,Low,557.8771424
108.5645784,1593.34221,179.4420292,53.18757122,Mixed,264.634359,38.86036584,On,Normal,5,Low,536.5422324
49.72257119,1072.643266,142.5187992,80.6772598,Highway,145.8269104,42.20173428,On,Normal,1,High,216.2042758
85.63143227,2111.055821,227.4522299,91.86430566,Mixed,188.4788456,38.56991992,On,Eco,4,High,441.1567408
34.46770237,1203.660074,146.455661,92.12168912,Highway,18.07531442,40.14020868,On,Eco,1,High,146.1408864
94.27622408,1435.747649,244.5285027,61.6655549,Highway,66.893556,43.71632251,On,Normal,2,High,502.1212701
71.90113056,1473.315316,254.2169513,47.96222105,Mixed,40.76511366,36.80586012,On,Eco,1,Low,387.237203
109.7028863,1523.638169,214.6987487,72.40323001,City,337.8860591,40.75533231,On,Normal,5,High,581.8253325
49.19955656,1698.522821,126.9554316,42.87741074,City,384.6765033,40.37466654,On,Eco,5,Low,187.3883041
92.77185902,1752.416042,252.6379443,85.34178105,Mixed,27.18984573,39.40633258,On,Aggressive,2,High,461.1484613
43.67645537,1725.285918,120.4289267,79.79414294,Highway,30.73830808,41.37776724,On,Normal,1,Low,180.733134
52.97456591,1244.276227,132.7222846,85.6948367,Mixed,220.8675768,36.14063852,On,Normal,1,Low,248.5278933
53.64504455,1973.204418,206.1133146,60.32802559,City,201.6139699,40.43222617,On,Normal,1,Medium,251.859791
76.22936108,2185.338306,225.370952,69.01998099,City,260.2288531,40.37121486,On,Normal,5,Low,351.4467095
59.20876672,1692.611141,149.1096831,37.19086455,Highway,294.7223342,40.64501062,On,Normal,1,Medium,314.8868096
65.09720356,2257.479585,201.9330397,78.13519323,Mixed,318.8877863,37.91196231,On,Normal,5,Medium,299.7638707
71.74447927,1666.385269,119.5172674,64.07870764,City,59.6333521,37.86836851,On,Normal,5,Medium,338.1942626
34.49760596,1852.478417,250.7556463,65.64668114,Mixed,15.13429169,41.82482302,On,Normal,4,High,146.8607569
83.2289861,1104.324644,298.1107571,89.28945041,Mixed,355.6635491,36.83454755,On,Aggressive,3,Low,401.8908564
81.94135275,1220.268551,227.6083135,84.06247767,Mixed,187.8163575,38.7532937,On,Normal,5,Low,406.615514
107.1841475,2150.999854,136.6476495,67.46347788,Highway,388.4977306,43.47734334,On,Eco,3,High,570.0547427
40.6709744,1373.767673,143.7017776,54.85744288,City,213.1077941,36.93387394,On,Normal,4,Medium,136.2870856
32.47734274,1140.664781,67.32611036,61.25048094,Highway,204.0109502,40.2125939,On,Aggressive,3,Medium,88.58496351
40.65814985,1852.371118,215.2687727,54.55345699,City,249.1917436,42.01767673,On,Eco,3,High,184.8697867
63.79718805,1141.587946,204.0050787,40.61237917,City,68.05759262,37.27479925,On,Normal,2,Medium,318.0780243
47.11467735,2026.111002,289.1012697,75.20431824,Mixed,101.616202,38.81216578,On,Aggressive,2,Low,187.0844727
47.30543612,2033.761827,156.5122885,78.40605018,Mixed,362.3225839,41.02880563,On,Normal,3,Medium,197.1314917
99.55184017,1679.586917,283.9017837,97.98470242,City,84.9311,38.94505069,On,Eco,5,High,521.2849463
55.90648183,2028.650517,242.4594871,61.89931331,Mixed,93.18833279,36.98944,On,Normal,1,Medium,287.0422659
63.34378149,2199.06065,129.1207484,99.81046889,Mixed,203.9936651,38.09165726,On,Normal,1,Medium,295.55477
84.73206675,1296.512967,63.94388952,43.09690099,Mixed,256.4605414,36.98473811,On,Aggressive,4,Medium,400.9170059
57.19536327,1974.299805,234.3986782,75.96415831,Highway,0.361546646,44.85200142,On,Eco,5,Medium,281.2888711
74.34851301,2038.520926,179.1234572,99.63380501,Highway,182.7124762,38.12083743,On,Aggressive,3,Low,336.702127
71.83013333,1291.676998,290.8454395,74.82274786,City,159.6052502,40.77498574,On,Eco,2,Low,382.281513
50.92149584,2090.314927,65.30523564,61.66589271,Mixed,346.247677,39.85669719,On,Aggressive,1,Medium,229.7160605
87.36753715,2079.319708,185.2571562,66.06766107,Mixed,335.8789868,41.12562237,On,Eco,3,Medium,477.5533622
96.72908738,1235.878945,249.3175503,89.18577969,Mixed,362.3693808,40.48282001,On,Eco,1,High,520.1265533
92.67644338,1476.14145,249.5454474,95.73773471,Highway,336.8202442,42.54445657,On,Eco,2,Low,497.9787653
61.62317442,2411.728581,221.2942738,61.77485718,City,314.6845455,43.85712507,On,Normal,2,Low,286.2935807
104.6366805,1106.715254,154.6493945,84.06590198,Mixed,343.6019843,38.56769449,On,Normal,5,Low,522.4782242
101.9171603,1343.420133,76.13824758,95.35818939,Highway,69.92260977,37.65246089,On,Normal,3,Medium,556.9839766
51.34685548,1868.201043,132.4221776,49.7484403,Highway,136.3396367,44.85905863,On,Normal,3,Medium,220.1944483
39.91530601,2453.051202,216.2765726,64.5212416,Mixed,273.44733,43.79465214,On,Eco,4,Medium,145.3284934
101.5046291,1385.717281,245.0541389,99.67922885,Mixed,369.2523834,39.27526458,On,Aggressive,4,Low,487.4599934
89.58853268,2225.171462,256.1712463,54.74349956,Highway,266.7635064,44.05308126,On,Eco,2,Medium,475.4044377
54.87924242,1551.031327,245.7794977,73.37815691,Highway,83.17956176,42.0349168,On,Normal,5,High,240.5738011
54.39014093,1528.72899,137.7100221,75.9922089,City,377.8660255,39.93678576,On,Normal,3,Medium,236.9333394
55.7734551,2494.085419,226.581366,40.79038989,Highway,304.1367216,43.86079757,On,Normal,5,Medium,248.2649876
98.90671662,2225.825579,292.5789013,86.46319179,Highway,286.6175025,42.07754447,On,Eco,2,Low,504.1398038
49.21850192,1372.793117,92.76038691,58.90304265,City,305.0026469,43.43806101,On,Eco,2,High,235.7940768
82.08693739,1278.478201,235.5267318,65.02263895,Highway,263.6578763,39.75983769,On,Aggressive,4,Medium,378.2692866
96.75550502,1126.121408,158.3954454,74.99897291,Highway,8.845033504,43.18843908,On,Aggressive,4,High,489.3375649
60.98763143,1724.052298,113.9984758,58.73392861,City,101.4473039,39.30234245,On,Normal,3,Medium,285.3781722
34.91929785,1501.763571,136.8102086,52.7557726,City,382.628736,42.61571178,On,Eco,5,Low,117.5451381
90.70832054,1571.232365,99.95328406,68.25015097,Mixed,115.441712,39.91977488,On,Aggressive,2,Medium,471.434856
31.58955688,1647.114002,255.6821695,54.27494539,Highway,308.6505938,39.64675144,On,Normal,4,Medium,80.06751697
96.47026841,2486.565296,152.9907468,60.38908067,Mixed,169.7935882,43.16969654,On,Normal,5,Medium,485.4067092
58.86885133,1004.308845,285.0286439,37.58852562,City,363.0110863,37.12533103,On,Normal,2,High,323.0018105
94.10567591,1639.096736,291.9326533,89.1320143,Highway,223.0676218,44.35388119,On,Aggressive,5,Low,453.7775624
73.62889398,1097.459466,291.778165,58.81950577,City,252.7543987,40.57812659,On,Eco,1,Low,384.3433125
58.73729802,2009.523866,97.37073712,35.79488053,Highway,95.850067,41.72466959,On,Normal,1,Low,263.7548132
101.9462799,1075.643198,143.1326539,85.30166256,Mixed,23.00936258,39.64735344,On,Aggressive,4,High,527.029044
91.3635594,2150.246857,134.4923662,31.37377179,Highway,302.6225174,41.81287185,On,Normal,1,Low,468.6011137
36.45659501,2301.677597,281.4428755,71.95423404,City,27.0573158,42.38866305,On,Aggressive,2,Medium,94.13581282
104.4473142,2456.202366,80.75405224,79.18646318,Highway,288.7192765,43.81629602,On,Normal,4,Medium,547.3157453
67.36061292,1181.306011,201.2677001,43.38472853,Mixed,222.1971448,43.68940843,On,Eco,5,Medium,334.8716469
41.91706548,2468.337217,176.4893961,39.18816004,Mixed,328.0094852,39.2203323,On,Eco,3,High,164.4605233
91.69693002,1618.503646,294.3046897,37.97181193,Mixed,82.30923579,41.54267584,On,Eco,1,Low,486.7447164
71.40905152,1948.868228,291.19191,99.53309931,City,216.6118488,43.02519569,On,Aggressive,1,Low,327.7708952
83.81870418,1000.071308,161.7596642,82.85607774,Highway,245.6685549,42.88377141,On,Aggressive,4,Medium,431.9811013
85.52302109,1555.388229,165.929768,51.88973293,Highway,29.71911733,44.01838304,On,Normal,2,Medium,455.0667265
45.7753014,1529.344917,152.2883756,53.48903729,City,295.5762736,43.48749186,On,Normal,1,Medium,215.4089691
107.6692638,1755.708758,249.401314,75.40373282,Mixed,155.6117741,42.46070334,On,Eco,5,Medium,586.7994415
38.44344685,1198.888601,84.04346347,62.0370371,City,51.56563575,42.73969711,On,Eco,2,High,194.1310285
78.46356099,2035.278796,87.87525623,48.99381008,Highway,154.8259733,43.26699381,On,Eco,1,High,430.385203
41.70642644,1893.553804,229.1262697,33.99676246,Highway,39.32059429,43.5409966,On,Aggressive,1,High,191.0795292
100.1839344,1318.731741,64.00482291,84.86975515,Highway,355.1983492,39.17402126,On,Eco,5,High,523.6468436
43.85969616,2475.454171,221.0471439,92.17581059,Highway,182.7039603,43.0362966,On,Aggressive,1,Low,141.7815457
65.28296684,1008.389525,90.88704728,44.41715003,Highway,55.21122482,44.54288088,On,Aggressive,2,Low,317.5181285
36.94975677,1503.877105,248.684539,34.438358,Mixed,100.8382711,38.09667049,On,Eco,3,High,155.28017
65.84266628,1392.587281,237.5132276,38.3037854,City,289.8596413,36.43411463,On,Aggressive,3,Medium,270.39943
30.32498273,1840.058939,103.7424717,58.99815182,Mixed,314.4352669,36.65156662,On,Aggressive,1,Medium,87.19148048
65.47761416,2332.599463,241.6638499,50.95437731,Highway,16.52655807,37.95046362,On,Normal,4,High,309.8606537
85.03138423,1986.662729,249.6553396,35.14204711,Mixed,23.95208296,44.2781133,On,Normal,2,High,469.8415902
44.62640178,1071.391488,282.1349076,61.84081207,City,366.8740685,37.14116475,On,Normal,3,Medium,181.5068787
74.23885939,2295.097391,233.8667186,44.2743232,Highway,132.3928912,42.7284274,On,Normal,4,Low,351.843216
67.9506901,1397.620082,268.2242808,34.68640055,Mixed,77.32954699,43.80339448,On,Normal,3,Low,317.1126754
56.79847044,1165.486454,212.9951372,76.05496971,City,49.22305268,43.8976892,On,Aggressive,4,Medium,238.5442161
83.66391618,1648.830957,210.1239285,70.07544047,Mixed,190.3829912,39.75073726,On,Eco,1,High,456.9417
109.6110562,2348.067085,222.0825532,87.84785285,Mixed,308.4210778,40.45735561,On,Eco,4,Low,585.3896241
105.0223287,1051.875648,157.5243378,51.15970498,City,208.447107,38.9092397,On,Normal,1,Low,584.9772101
107.6082464,1938.491932,114.8577043,39.50758742,Highway,8.26947185,37.32609951,On,Eco,4,High,573.0452774
31.61703909,1498.745134,159.1955268,55.21125285,Mixed,193.5619864,37.90954147,On,Aggressive,4,Medium,92.10216406
50.51158515,1933.859262,202.4136525,84.50949361,Highway,124.6628309,37.21306628,On,Normal,4,Low,202.3443157
103.820494,1399.518983,225.6012817,46.92175486,City,273.1436681,39.66770041,On,Normal,2,Low,554.9676568
33.86342898,2450.64421,169.6088693,47.85005949,Highway,209.4035874,37.53311025,On,Aggressive,3,High,117.2832044
59.1847185,1170.745428,139.2265038,40.33092788,Mixed,386.13486,39.63060686,On,Eco,4,High,312.3819912
82.17617534,1236.990969,119.2538549,99.05600533,Mixed,239.2656616,43.66070216,On,Eco,1,Medium,428.5003436
108.6389573,1068.501531,103.9677616,97.71168777,City,252.9923864,41.89064065,On,Aggressive,4,Medium,555.6845232
52.06176147,2192.496759,174.3287818,76.06364969,Mixed,208.0923093,41.96476602,On,Normal,2,High,223.9521652
91.13470478,1140.935213,229.5338048,45.0372659,Mixed,124.4021949,43.3067947,On,Aggressive,2,Low,456.752721
82.82952362,1414.935274,259.1635621,83.65894363,City,252.2412632,36.37074157,On,Aggressive,2,Medium,395.2895867
79.07746169,1308.40199,142.8748762,70.87534007,Highway,133.1646533,43.15059805,On,Normal,4,Low,364.427873
89.43476574,1530.300586,206.6794243,82.4696297,Highway,286.9392591,37.76713958,On,Normal,4,Medium,439.5995221
50.31405024,2148.672478,174.6499254,90.22872523,Highway,94.73857492,39.11334214,On,Aggressive,4,Medium,219.6204847
57.0947613,2425.288042,291.9029223,52.29320571,Highway,147.0645473,38.77238541,On,Eco,3,High,269.0770958
74.83711401,2318.305023,271.7742899,93.95891205,Mixed,233.4593306,36.95089993,On,Normal,4,Medium,349.7553775
65.11849057,2261.748614,271.745628,92.89908308,Highway,251.396681,37.56338929,On,Eco,5,High,283.5516152
87.75938012,1626.206022,199.0082617,68.29913508,City,267.4451445,44.60712477,On,Normal,2,High,458.5832355
94.05024698,2202.728052,164.8398215,77.92000872,City,280.1265875,41.40245031,On,Eco,4,Low,469.4204272
72.24079999,2165.726407,216.4457081,58.77251222,Highway,127.3225509,40.26574585,On,Normal,3,High,357.3530812
61.51650755,1371.29604,98.31658578,75.85719183,Mixed,357.0305631,42.82015304,On,Aggressive,1,Medium,282.1230557
102.9476786,1393.593199,271.9134574,68.42709307,City,11.9734433,43.32365438,On,Aggressive,2,Medium,542.4625441
89.98791875,1748.490712,125.0958632,52.59739232,City,75.37197521,36.99236569,On,Aggressive,4,Low,464.0628975
83.859423,2445.216443,258.4557815,52.59869934,Mixed,28.05632783,42.66814874,On,Eco,4,Medium,460.8539937
34.58394642,1161.852593,131.6402493,75.61662518,City,268.614789,44.39156885,On,Normal,1,Low,153.7202438
72.22753205,2482.599687,185.2846914,96.96396213,Highway,109.4660946,41.26892474,On,Normal,3,Low,343.5639529
39.72016128,1238.394327,245.346319,44.10837964,Highway,79.6614029,41.52741256,On,Eco,5,Low,157.661398
82.84053185,1728.415665,154.4973379,57.4775657,Highway,192.266995,43.83366561,On,Eco,1,Medium,449.488986
53.97015233,1455.957762,145.9209061,86.39964339,Mixed,247.6190087,42.11534303,On,Eco,3,High,262.5644718
89.08035938,1629.630593,273.0893289,38.61080317,City,247.6984357,44.9574076,On,Normal,3,High,461.8627314
92.25216822,2436.750295,76.53815827,99.59167533,City,222.9810118,38.54424272,On,Aggressive,4,Low,431.6134433
54.03275629,1947.703355,261.9682279,77.46970027,Mixed,396.794544,43.6093252,On,Normal,4,High,205.3982362
108.1013349,1446.267844,282.7676285,93.75603262,Highway,344.0859109,41.51168299,On,Aggressive,2,Medium,576.4049872
71.33557939,1942.640542,195.1586295,88.66374804,Highway,95.54408205,39.29161987,On,Eco,4,Low,347.271954
47.42962332,1678.231249,227.0329419,84.39944549,Mixed,303.4865039,43.94753704,On,Eco,4,Low,183.0225859
92.01574576,2415.039913,266.7474707,32.30307422,City,227.7188888,44.9662163,On,Aggressive,3,High,501.6819956
90.85946392,1529.267458,164.5266902,58.45472809,Highway,28.20761954,36.52064432,On,Normal,4,High,464.2201227
63.11152598,1876.711931,270.9091009,44.13036763,Highway,19.83243397,44.32970481,On,Normal,4,Low,317.0017655
82.68898038,2274.132609,149.3427225,90.99333293,City,319.8476211,37.82799902,On,Normal,4,Low,386.6418369
31.73813125,2438.263808,133.55314,77.62003868,Highway,217.9962759,37.8466922,On,Normal,5,Low,83.43599523
53.29839085,2198.752068,295.9681299,37.49513183,City,228.5299555,36.37580483,On,Aggressive,5,High,230.2838248
100.5178585,2403.301934,67.4755192,55.1718425,City,134.5076219,44.29968961,On,Normal,2,High,537.4981229
48.56896709,1695.663021,136.6945913,34.85157185,Highway,372.1392285,42.83458235,On,Aggressive,1,Medium,199.3237616
102.4468922,2146.750887,170.0520151,81.79976398,Highway,285.3391129,36.48104268,On,Aggressive,3,Low,521.1333101
76.39010918,1141.974446,134.6122257,59.28225829,City,371.1089981,41.70181688,On,Normal,2,Medium,377.2978831
102.2329044,1890.720129,127.7190939,46.40598885,Mixed,39.70690297,37.08120995,On,Normal,3,High,531.3055374
40.46969115,1020.254431,148.9633745,66.23834112,Mixed,233.4917397,42.76264699,On,Aggressive,1,High,141.4176736
67.11430293,1390.069787,155.5346397,32.94311044,Highway,255.0108999,39.68148459,On,Aggressive,1,High,342.8912418
53.7167272,1998.339546,77.18497699,48.01062293,City,50.3973291,36.4659915,On,Eco,2,Medium,232.6431348
100.9537475,1257.34319,246.0580727,42.27129501,City,138.5059952,43.46466704,On,Normal,5,Medium,523.3873767
57.32472949,1300.213588,100.3792424,95.14505622,City,85.92173888,41.15171947,On,Aggressive,5,High,247.4800589
77.07703394,1092.57763,69.84517137,56.39751842,Mixed,393.7835902,42.95581361,On,Eco,5,High,366.8120793
96.21138758,2121.081985,201.6909982,70.91310765,Highway,217.3660765,42.07077766,On,Normal,4,Low,471.2192248
48.32184375,1671.917538,220.4624729,65.20593656,Highway,126.1043652,39.90956557,On,Normal,4,High,210.4952715
33.65924906,2331.924515,242.4669994,76.14434118,Mixed,265.7986608,42.28799814,On,Eco,2,High,96.52707791
69.53117799,1543.388813,81.06823662,49.53812216,City,263.8190482,36.13278115,On,Normal,4,High,339.1741287
84.69322037,1652.885493,101.213997,38.45457055,Mixed,138.9321504,39.05763803,On,Aggressive,3,High,428.0245245
87.54096896,1742.38143,103.7561784,35.70161242,Mixed,397.5691436,43.00068056,On,Normal,2,Medium,482.4478794
63.37569745,2291.365179,202.4736662,43.5377875,Highway,323.584633,42.86755716,On,Normal,2,High,337.6381208
36.28955467,1438.279606,273.5331393,63.79806871,Mixed,160.1272679,43.9866843,On,Normal,1,Medium,152.4209878
62.25182784,1077.369352,229.5424919,46.52191703,City,264.0237377,41.49940968,On,Aggressive,1,Medium,291.9296036
39.75925272,1940.787087,135.5297823,60.38014551,Mixed,284.2158491,44.47977122,On,Normal,2,Low,157.5125969
35.77755312,2238.551341,264.7584445,32.05117871,City,69.52660787,41.01940986,On,Normal,5,Medium,137.5270983
54.27481859,1834.386084,220.7504662,73.92857684,Mixed,351.2636689,40.50408606,On,Eco,1,Medium,273.6064982
92.17759411,1480.717155,225.2272908,91.47131192,City,330.415124,37.77494948,On,Normal,4,Medium,429.9072081
91.46756314,1945.704051,289.7664337,33.3312958,Highway,302.2699723,43.00952777,On,Normal,2,Low,463.6652237
78.64295051,2486.504843,288.0875139,45.26278365,Highway,89.07042442,42.22851439,On,Eco,3,Medium,422.0882348
96.09917205,1861.062652,152.5614456,52.24392863,Mixed,54.49992592,40.14684616,On,Normal,2,Medium,497.6051255
70.0658665,1472.824626,212.6003992,50.1068402,Highway,72.21923348,36.78397873,On,Eco,3,High,368.988803
49.47555901,1365.42332,108.4848712,32.82696081,Mixed,37.2075237,37.13132143,On,Normal,1,Medium,251.6301898
75.59768847,2497.340039,158.8589409,37.46049323,City,376.116332,37.03015076,On,Normal,5,High,378.8568517
103.8596692,2275.63287,125.6191154,93.87232523,City,340.5977798,39.38039377,On,Eco,3,Low,553.6400675
32.89034196,1419.228296,148.1675881,79.79532613,Highway,36.31178675,37.43079817,On,Normal,5,Low,85.25625144
107.1886806,1393.669138,222.0975273,97.09066506,Mixed,271.1882824,43.74757889,On,Eco,3,Low,550.1206117
89.54537242,2205.505291,110.4588426,60.83234749,City,98.2349401,44.09411508,On,Eco,5,High,491.3283813
84.89934089,2488.428023,103.278955,91.53231949,Mixed,6.909461325,43.71092158,On,Normal,3,Medium,400.4144
79.10671281,1698.404815,151.0412169,87.15774453,Highway,116.956855,41.47969445,On,Normal,2,Medium,401.4742391
50.61895516,1340.898359,83.55310446,91.24587389,Mixed,176.0120277,41.36719859,On,Aggressive,2,High,207.9711929
100.8594714,1345.515391,255.3344988,32.74079127,Highway,8.015263448,44.01831678,On,Normal,1,Low,573.8381686
107.7168845,2196.02751,290.0396621,75.67609598,Mixed,129.4880123,39.65677345,On,Normal,2,Low,575.6994236
103.9306927,1907.525397,252.3208199,69.66402597,Highway,280.1410517,36.56109887,On,Eco,4,Medium,540.5234782
38.70506502,1950.626883,187.5379347,68.16510307,Mixed,91.37138361,40.23353841,On,Normal,1,Low,150.9388793
88.92098806,1291.488257,221.7927933,65.30687765,Mixed,193.9571901,40.98339416,On,Eco,2,Medium,489.8670312
74.53243288,1195.710226,253.338812,85.71835809,Mixed,355.0323652,40.9450693,On,Eco,2,High,400.2491984
93.06695586,1015.961262,76.37481558,97.76398486,Highway,11.35639328,37.43103672,On,Eco,4,Medium,492.425824
58.18291163,2372.803389,160.3497597,88.02431828,Mixed,314.2548582,43.05071676,On,Eco,5,Medium,257.0421688
106.5574728,1532.484625,94.50730401,90.92767615,Highway,153.5571295,42.58770218,On,Eco,2,Medium,566.1485514
55.00866234,2136.964048,81.77831601,63.87318937,City,216.4599564,38.0686764,On,Eco,3,Medium,248.3385796
89.0382864,2326.687054,242.1535342,78.34264892,Mixed,92.34869106,40.96106352,On,Eco,5,High,464.4260896
70.30482123,1897.847983,265.9370047,59.08950328,Mixed,231.5793843,43.11295388,On,Normal,3,High,363.1900896
79.35082875,1636.385608,80.11100001,55.22003011,Highway,292.2798598,36.06916161,On,Aggressive,5,High,359.9974968
39.25338806,1058.001904,102.912435,92.6696979,Mixed,80.61517187,38.47639326,On,Aggressive,3,Low,107.0886273
78.86700595,1505.692273,112.9970754,93.36478803,Mixed,137.3075271,40.24834081,On,Normal,2,High,398.7647168
75.08280034,1482.441222,265.6687434,77.75541346,City,226.9515991,43.6052844,On,Aggressive,3,Low,357.5178527
87.51412224,1849.519801,279.2565516,88.64895327,Mixed,166.7123988,43.19070543,On,Normal,2,Medium,452.7807429
53.01629572,2146.100672,243.5940182,55.22546145,Mixed,117.2611512,37.35893272,On,Normal,4,Medium,239.5675544
96.58273731,2066.651582,251.1304214,60.36324409,City,180.6749732,40.16467704,On,Eco,3,Low,506.4537846
105.6220389,2304.879721,142.2453968,87.47114044,Highway,116.3311069,38.74173038,On,Eco,1,High,603.1892212
100.5615952,1070.269295,157.9955336,57.86351962,City,120.7494333,39.61290294,On,Eco,1,High,586.4228553
61.308186,1907.505129,127.3174243,32.79773334,City,244.2534709,40.86562331,On,Eco,3,High,318.7810062
64.81039778,1261.124494,106.9455372,68.32487796,Mixed,606.9367921,29.67683367,On,Aggressive,5,High,307.5207541
69.03490733,1368.525076,150.0096207,70.65326173,Mixed,792.9560548,27.70219025,Off,Eco,1,Medium,410.5538888
76.56638631,2285.471414,137.7696233,62.86172025,Mixed,909.9908763,19.50664041,On,Aggressive,3,Medium,379.1659013
35.07255927,1878.748263,182.564124,50.89863042,Mixed,1157.368682,27.65195034,Off,Aggressive,1,High,157.9599248
99.05492171,1882.463324,156.2164926,79.42386252,Mixed,944.0713256,23.44877227,On,Aggressive,1,Low,542.4255386
99.33423486,1844.314547,249.1893741,45.33426904,Mixed,776.9423856,20.49199313,Off,Aggressive,1,High,550.1506653
52.51341382,1327.391141,244.3201328,55.72896672,Mixed,811.3144124,17.41292092,Off,Aggressive,4,Low,246.3182089
100.3858029,1364.954523,245.3699462,56.02020512,Mixed,803.4953701,23.61932352,Off,Aggressive,5,High,533.736266
89.61558461,2424.464673,148.6450926,51.41694256,Mixed,708.2216277,21.80266846,Off,Aggressive,2,High,495.4159321
68.65531263,2085.205228,157.7684347,36.07076596,Mixed,686.9092061,22.28369965,On,Normal,5,Low,324.6662266
57.82112198,1135.651731,232.9108628,47.69710461,Mixed,888.3812563,17.99662662,On,Aggressive,3,High,257.5353714
61.95031362,1334.407407,89.80760793,40.7594873,Mixed,762.1566247,24.78630229,Off,Normal,2,Medium,306.6591229
72.75351323,1940.673282,264.4607081,74.99285965,Mixed,655.1057209,11.62685535,Off,Normal,4,High,380.0277235
63.00165615,1425.19808,189.9019771,62.76875415,Mixed,729.8871941,24.52317926,Off,Normal,2,Low,337.4275858
63.61906593,1377.600484,263.6508529,44.3907092,Mixed,912.4356442,24.61522627,On,Aggressive,2,High,331.9524285
46.24986989,1303.52199,250.4647154,58.28663116,Mixed,754.135937,20.31886791,Off,Normal,2,Medium,216.8132799
86.62496041,1278.590295,149.8519405,72.66037611,Mixed,742.6453095,15.26566301,On,Eco,1,Medium,484.165238
78.76732584,1919.995873,84.3743304,76.72172473,Mixed,972.3938975,20.38553029,Off,Normal,3,Medium,428.279005
109.352119,2358.773236,280.9992578,33.75177815,Mixed,1013.649819,12.46172371,On,Eco,4,High,616.6531222
41.29953634,1541.697784,142.7052839,69.34542508,Mixed,744.7475332,15.70287551,On,Normal,3,Low,175.9943085
39.0990679,1182.262902,149.6980057,78.31540456,Mixed,883.2847723,18.42599757,Off,Aggressive,1,High,154.5995024
71.27458393,1186.449014,278.1716403,53.36229011,Mixed,1058.740052,23.4646757,Off,Aggressive,4,Medium,361.0326622
42.15926108,2400.534557,280.1633287,79.7767005,Mixed,1013.942555,13.74433536,Off,Aggressive,1,High,197.8878352
78.84969209,1793.103217,123.0974849,77.85389954,Mixed,641.574435,13.16341503,On,Normal,4,Low,404.4945272
45.68920869,1699.428266,81.34950736,62.8445674,Mixed,816.0424824,22.15592724,Off,Eco,4,High,250.4620331
68.63987983,2336.111866,60.2659263,72.38056998,Mixed,1033.965415,23.59091082,Off,Normal,5,High,344.491149
78.90491599,1760.669406,165.1906763,44.82815589,Mixed,707.6624943,11.67311506,Off,Normal,1,Low,439.6929613
66.64326312,1720.898339,196.4576164,75.87318252,Mixed,717.5563095,10.66326367,Off,Normal,3,High,356.5660249
55.59882437,2389.9788,124.8811208,59.59445551,Mixed,978.1030247,12.94299703,Off,Normal,1,Medium,294.8797035
92.58528661,1711.688684,122.3399163,55.4832794,Mixed,770.2505721,28.02053403,Off,Aggressive,1,Medium,524.5708308
98.37264195,1586.441614,145.6284109,71.78308822,Mixed,794.2502563,23.4527707,On,Normal,1,Low,546.1316118
52.24398674,1872.493198,123.1404247,74.47471893,Mixed,913.6893715,28.42051822,On,Normal,5,Low,219.1438512
95.07149877,2465.847297,266.0252171,65.06245334,Mixed,1050.34837,23.29429606,Off,Normal,5,High,520.5282451
61.33072159,2445.743564,214.2821739,31.25181416,Mixed,898.9733181,29.30474481,On,Normal,5,Medium,290.0610574
69.00989108,2163.402106,258.9472399,59.86030709,Mixed,1136.056129,18.77813341,On,Eco,5,Low,316.4265049
48.53997503,1748.921289,266.5147799,71.08279482,Mixed,663.9844912,21.98197876,On,Aggressive,1,Medium,208.3999818
80.05790206,2322.192563,164.402387,57.26346693,Mixed,1052.489537,22.02370902,Off,Normal,3,High,404.2037889
38.07413734,1629.074468,174.6185877,76.74293217,Mixed,926.1829161,10.06279833,Off,Normal,2,Medium,199.6986536
77.33100208,1960.214567,294.6767037,74.86586929,Mixed,1090.011908,10.54908921,Off,Normal,1,Low,438.2127284
109.1774465,1269.140265,256.041579,56.48381259,Mixed,789.8419566,12.90530422,Off,Normal,3,Medium,633.1846391
90.27730458,1991.93147,251.494637,50.19153964,Mixed,889.2608682,20.2225911,Off,Eco,2,High,520.313464
101.6031447,1414.158874,200.0911697,32.75382254,Mixed,1094.158632,18.61053041,On,Aggressive,2,High,570.2012086
67.13564322,2157.629472,170.6760623,61.62988716,Mixed,1099.06883,20.79498118,On,Aggressive,5,Medium,319.7523398
41.36842722,1621.060242,274.7065672,43.29823526,Mixed,825.5942821,26.00981588,Off,Aggressive,2,Low,172.37628
53.07695151,1597.614677,253.0936708,63.42261561,Mixed,1093.317597,26.44480557,Off,Normal,3,High,257.716508
33.92237394,2119.866471,184.0293378,69.93806187,Mixed,1009.439058,29.54029707,On,Normal,5,High,123.8795267
70.14487779,1637.977959,124.9177925,50.43467554,Mixed,845.6577141,21.150956,Off,Normal,1,High,388.9684342
81.97334975,2071.032036,95.34705695,30.77923692,Mixed,1181.823295,16.94430978,Off,Normal,1,Medium,453.8458168
63.95866448,2282.598341,192.6493701,73.26267166,Mixed,618.5365927,16.1605541,On,Normal,5,Medium,313.7175615
75.05639192,1205.317952,131.0472048,57.45035541,Mixed,829.5977333,16.81483153,Off,Normal,5,Low,376.8125757
55.65617987,1718.534494,123.4117887,45.73957189,Mixed,784.1715872,16.47659204,On,Eco,2,High,328.8040248
36.86864752,2417.367295,85.38869625,61.68980226,Mixed,1161.456269,17.85839949,Off,Normal,2,High,195.3757047
64.5599194,2218.272177,68.27345277,63.71970631,Mixed,659.6719417,11.49762842,On,Normal,3,Low,315.1099096
73.82382363,2460.418399,248.0049174,37.37333534,Mixed,976.81467,22.66864947,Off,Aggressive,5,Low,388.1646067
108.6107834,2290.462685,85.91641601,62.32007651,Mixed,1029.976815,21.36082446,Off,Aggressive,1,High,618.5181352
57.78187237,1465.329727,273.266272,44.33434903,Mixed,710.5054944,19.23921785,Off,Aggressive,3,Low,283.4240969
84.2215726,1268.728915,111.3078738,70.18123994,Mixed,689.9685085,11.62210581,On,Eco,1,Medium,496.3289696
95.80995529,1315.812707,242.3221662,77.07552899,Mixed,628.6987999,11.86417386,Off,Normal,1,Medium,551.8450503
56.83125822,1325.339107,257.5198753,35.13336839,Mixed,695.3251203,20.90210351,Off,Normal,3,High,293.9129347
104.3944991,1113.604592,250.2134213,75.86788987,Mixed,1084.929022,10.73160734,Off,Normal,1,Low,595.9425705
57.10650297,2360.192639,269.4853968,75.17229876,Mixed,1166.3737,24.49577861,Off,Eco,5,Medium,303.280438
107.5843448,1753.822884,141.5330057,47.14538089,Mixed,1140.853345,29.87556284,On,Eco,5,Medium,584.234719
30.17255343,1151.906797,296.6132343,31.44177578,Mixed,819.1828775,21.94813798,Off,Eco,3,High,154.6085519
80.73386587,2143.96241,127.1027281,63.16126933,Mixed,1035.525306,24.46862964,Off,Normal,1,Medium,444.84778
93.19409982,1488.461098,284.2315416,47.23555887,Mixed,1096.226203,18.77871985,Off,Normal,1,High,541.0847898
52.40483352,1106.556262,164.9856228,39.58237481,Mixed,1087.491293,23.34824662,Off,Normal,2,Medium,260.6123576
39.3640219,1284.634836,73.66367837,35.42822279,Mixed,637.6109676,23.03560647,Off,Normal,4,High,180.8662824
31.94947527,1986.324738,248.3799526,39.8013181,Mixed,728.8982241,26.48181792,Off,Normal,3,Medium,139.2434093
35.95255491,2191.009443,248.9785999,41.87334162,Mixed,1163.366958,24.22679171,Off,Normal,1,High,182.6963519
73.44272342,1380.515066,107.3514947,69.79127594,Mixed,1043.9437,24.98099088,Off,Eco,3,Low,411.9572171
97.13339228,1865.587406,257.6429876,69.19097229,Mixed,1100.611443,21.13271988,On,Eco,2,Medium,532.5529025
35.05046922,1001.308837,97.81905671,54.72071032,Mixed,908.4739478,19.69029872,On,Normal,3,Low,147.9456352
39.05443023,1417.581206,96.34359815,57.66626476,Mixed,835.8336291,19.17432988,On,Eco,5,Low,151.45429
30.40824017,1272.450733,254.1406291,75.89082509,Mixed,990.7341918,17.84021841,Off,Normal,1,Medium,144.1175381
52.5821919,1114.819337,129.6525898,75.40200973,Mixed,883.7140343,15.32055527,Off,Eco,2,Medium,296.197442
103.6997109,1725.842948,78.45068044,71.43369015,Mixed,824.2572676,10.66622088,On,Eco,5,Medium,556.5091443
52.10303983,1946.523272,289.5225566,48.71368976,Mixed,808.725338,23.42191266,On,Eco,4,Medium,256.292829
65.26515576,1069.56453,193.6896374,48.32761989,Mixed,694.7441966,28.01922389,Off,Eco,4,Low,342.3432033
44.31659166,1206.836769,167.5385975,74.39413259,Mixed,917.6479136,28.60964875,On,Normal,3,Medium,199.9642897
39.30276291,2398.436768,180.9864105,76.32567831,Mixed,911.9079424,21.61123413,On,Normal,1,High,137.6102664
44.59155573,1334.669265,220.9080665,69.92273235,Mixed,954.4617298,11.88273217,Off,Normal,4,High,187.13974
46.83462673,2139.98162,266.7998365,67.85680059,Mixed,669.7341932,27.57328614,Off,Normal,2,Medium,244.0680002
40.42310606,2121.602492,221.4189332,57.90820071,Mixed,1148.953798,24.95489765,Off,Normal,1,High,181.0280871
93.32424092,1482.373754,237.4863343,46.91674506,Mixed,1045.233674,15.02822108,On,Normal,2,High,505.9851956
68.17965107,1306.175349,103.2367392,42.03162838,Mixed,678.5784601,26.07089882,On,Aggressive,2,Low,363.8012578
73.1815542,1365.92583,152.1823367,37.0169151,Mixed,647.6063663,19.44015896,Off,Eco,2,Medium,433.0097171
59.97204602,1848.84845,200.3543503,66.41008955,Mixed,985.7524035,27.75186223,On,Eco,4,High,331.276561
46.85942727,1571.738531,208.6575585,68.8489409,Mixed,804.9016317,14.95221866,Off,Aggressive,3,Medium,218.089183
37.51213316,1743.348037,124.9663468,47.93225922,Mixed,791.4291322,26.01811841,Off,Normal,4,Medium,167.6377642
36.07405625,2217.418725,293.9957405,30.30205955,Mixed,1103.994637,24.23820632,Off,Aggressive,4,Medium,148.3218394
44.81136206,1753.444577,88.36463332,76.92981397,Mixed,807.0859197,10.28882345,On,Normal,3,Medium,181.7291537
98.01409546,2492.843389,86.94680356,51.85446611,Mixed,979.3092132,21.26669218,Off,Eco,5,High,544.5083784
47.32361517,1998.750706,114.9960477,78.72955239,Mixed,922.2447069,24.31068556,Off,Normal,2,Medium,214.8835903
58.38556734,1310.871487,240.9391837,63.8679785,Mixed,757.7804296,13.12821577,Off,Normal,5,Low,300.5422821
75.8201315,1749.278173,68.77230923,36.20067482,Mixed,798.9840427,20.63797871,On,Normal,2,Medium,415.8035842
70.9130484,2220.126583,297.0877869,46.3476104,Mixed,1165.915734,16.0815582,Off,Normal,5,Medium,346.507877
83.26565038,1327.452302,297.0550672,62.85251054,Mixed,798.8237239,23.9250583,Off,Aggressive,2,Medium,442.7005443
45.54518636,2094.133208,98.32420719,62.46264058,Mixed,1070.402059,20.80279626,On,Normal,3,Low,200.1143569
71.9239143,1050.173551,156.2887858,41.59927129,Mixed,1116.765294,22.42915989,On,Normal,3,Low,369.2242567
91.41993276,2413.950747,108.9401615,38.84284306,Mixed,642.6227975,11.45079675,On,Normal,3,Low,476.7672788
61.00055638,1995.042624,157.923651,43.83953997,Mixed,997.8633001,12.7559028,On,Eco,1,Low,322.8958482
107.7515519,1243.855456,187.8870754,69.34459911,Mixed,1049.556336,21.04178361,Off,Normal,2,Medium,617.4104453
76.23595463,2311.442049,257.4556683,42.09349006,Mixed,860.4130105,13.62345764,Off,Aggressive,3,Medium,412.7479715
83.98612463,1122.731021,68.59375147,65.08903623,Mixed,941.5950458,19.97382342,Off,Normal,5,High,472.7048389
66.72701917,1608.893445,296.8554411,73.49998051,Mixed,697.0835133,23.80058598,Off,Normal,1,High,373.9543535
98.62806752,2105.424009,285.7351104,49.58111719,Mixed,791.0983564,26.19543418,On,Normal,1,High,537.1620048
66.11895392,2406.109941,196.9001517,30.34970196,Mixed,1024.600178,12.86013612,On,Normal,3,High,325.3548855
105.3824251,1523.2154,175.4151309,37.09788683,Mixed,961.54274,24.83757734,Off,Normal,4,Medium,608.1005846
54.59924344,2245.766846,192.1547408,45.59484336,Mixed,681.8314462,17.26372169,Off,Eco,3,Low,312.5828965
99.26555246,1295.128386,64.42582234,39.49771132,Mixed,1192.829219,23.5786594,Off,Eco,4,Medium,559.4161947
81.14825389,1052.665554,237.0438461,44.47567999,Mixed,1162.673474,12.90569265,Off,Normal,3,Low,444.4738498
93.92437355,1043.141475,179.1446362,57.20209911,Mixed,734.4703706,20.30350363,Off,Normal,2,Medium,533.5139742
33.01610277,1987.255737,128.6495807,31.05405498,Mixed,1125.072338,26.75124551,On,Normal,5,Low,106.9806993
52.18237214,1231.310959,170.7704541,33.21407458,Mixed,760.3015816,12.12862839,Off,Normal,4,Low,240.4888267
97.7663083,1075.486466,130.2162725,72.78696676,Mixed,938.2434782,26.55361516,On,Eco,4,High,539.2279618
55.46669547,2465.121289,227.9881854,56.11598687,Mixed,1069.230602,19.05536791,On,Eco,1,Low,307.1596412
87.01242827,1363.018402,207.4642089,76.77655547,Mixed,806.4481206,26.46543205,On,Aggressive,4,Medium,441.5398876
109.3751052,1693.831724,153.1422238,30.16378047,Mixed,933.0884361,29.1677542,On,Aggressive,2,High,603.0684777
44.17349997,1919.621709,135.4180661,30.00755952,Mixed,870.2121649,13.19305219,On,Aggressive,5,Low,167.5376754
63.40367524,1216.684055,270.7287947,66.97983023,Mixed,1056.11917,23.49139219,Off,Eco,4,Low,335.0301669
43.21013686,1535.753291,223.7372745,53.81263602,Mixed,887.2054232,14.70192908,Off,Eco,1,Low,245.5712024
42.34291636,1971.560267,231.7876361,75.68991732,Mixed,940.1467187,12.71108551,Off,Normal,5,Medium,188.7450145
80.64342612,1959.642576,208.4653421,69.32919796,Mixed,1107.334619,22.56165192,On,Aggressive,4,Low,365.8724249
45.31008294,2263.085963,78.05533206,55.19813316,Mixed,1019.187323,12.15967265,On,Eco,2,High,247.0462998
68.61231591,1656.133649,74.22299681,53.92620009,Mixed,916.5019652,19.3034514,On,Aggressive,2,Medium,354.9029352
108.2353179,2334.741438,163.0011644,70.55902132,Mixed,876.7749576,22.71908681,Off,Eco,5,Low,595.9598313
56.65035856,2023.289103,283.3199897,70.18531862,Mixed,676.0593912,19.99261456,Off,Eco,1,Low,302.9684511
99.89038773,1843.157792,185.9299389,43.84724049,Mixed,633.8198898,23.94138555,Off,Eco,2,Medium,577.5951601
61.70920491,1175.705239,270.2122831,63.73184299,Mixed,1171.665256,26.02824006,Off,Eco,3,High,344.9028109
51.02919285,1862.055868,83.17196209,62.16011268,Mixed,711.9159375,27.44492845,Off,Aggressive,3,Medium,217.9167404
56.90013625,1892.008027,233.822658,72.80422492,Mixed,766.1230245,21.19744511,On,Normal,4,Low,267.3117014
40.21491819,2138.206574,118.8810852,73.42897854,Mixed,966.569122,15.53260942,On,Eco,2,Medium,185.9250812
84.31881248,2078.708601,185.8790784,43.41403209,Mixed,1096.755431,20.19323736,Off,Eco,3,High,481.7441905
70.72159557,1794.970269,130.3010569,73.9871227,Mixed,1099.885181,17.75377215,Off,Normal,4,Medium,346.3902584
79.10643705,1889.243757,230.9600064,76.22855608,Mixed,1097.788451,14.51851179,Off,Eco,4,Medium,401.0137594
54.24742222,2158.514068,156.2133727,35.48183328,Mixed,1186.852805,20.58134653,Off,Eco,4,Medium,311.700701
82.27719723,1527.160393,170.9204382,58.68730822,Mixed,633.421828,10.45309726,Off,Eco,1,Medium,479.9915953
43.16791106,1202.456673,118.8828896,51.82318404,Mixed,839.9089189,22.11129799,On,Eco,4,High,228.2303931
82.19781728,2311.449071,127.5499237,50.09923516,Mixed,1148.152648,26.43207587,On,Aggressive,1,Medium,443.4003131
36.49105265,2447.528163,103.0741658,65.24146972,Mixed,880.4026906,29.98871441,On,Normal,3,High,150.4496163
62.02185244,1643.957258,192.9116514,36.47841801,Mixed,1122.777974,28.4335815,Off,Normal,4,Medium,322.4385235
78.7802439,2485.464684,94.79926945,70.99729045,Mixed,610.5938704,11.79631832,On,Normal,3,High,428.5531183
98.42540357,1484.042372,124.3686268,31.32997138,Mixed,902.6206912,13.24858759,On,Aggressive,2,High,556.6568047
94.99320209,1099.861141,187.3107251,58.9150431,Mixed,1153.47133,12.77289246,On,Eco,1,Medium,538.6237389
72.15600616,1858.689372,125.9595118,41.26799997,Mixed,756.7697315,21.16703106,On,Normal,3,High,395.0420819
100.6696558,2302.301027,201.2399183,63.37344596,Mixed,1157.794986,10.91871932,On,Normal,4,Low,543.4004653
70.47223722,1926.222727,63.39936107,56.27159469,Mixed,605.0863723,28.73985468,Off,Normal,3,Low,380.8581585
71.37333725,1014.140722,293.573469,79.98761155,Mixed,647.3565227,11.23673341,Off,Normal,4,Low,360.9264012
87.64429173,1017.749022,235.1973255,73.11612707,Mixed,886.0947735,17.82501111,Off,Eco,5,Low,479.5549253
100.2225858,2086.526609,180.9165909,46.8316371,Mixed,663.8277651,27.87939635,On,Normal,1,High,556.6606147
78.2173197,2268.014494,281.0011008,56.42412145,Mixed,735.3583893,28.96756641,Off,Eco,2,Low,434.2566328
105.5353405,1379.555064,268.7438594,45.89060254,Mixed,778.5150128,19.30581571,On,Aggressive,3,Low,571.5985703
48.60688528,1705.196585,147.9730368,66.43967458,Mixed,888.8976056,19.76863094,Off,Eco,3,Medium,247.9065716
103.9447543,2441.636351,87.8710028,51.12065683,Mixed,834.3081812,22.72354187,Off,Normal,5,Medium,589.1632378
47.73223642,1690.861125,120.5357741,35.77188815,Mixed,1153.288583,18.15277604,On,Normal,4,High,207.996799
72.11323977,1203.721149,110.0854247,63.04019379,Mixed,1131.608797,16.49322609,Off,Eco,2,Medium,370.2753802
93.6825437,2367.47951,240.0137845,30.55325239,Mixed,1048.842535,24.78854024,On,Aggressive,4,High,511.1497602
94.12673338,1742.751504,191.5463742,44.86450385,Mixed,995.5849866,21.90716609,Off,Normal,4,Medium,518.2696297
52.25274097,1516.460413,264.023564,75.35715342,Mixed,722.6046361,19.63342189,Off,Aggressive,3,High,256.3258968
108.8716176,1146.149084,177.5281801,34.70871556,Mixed,961.095755,12.0157467,On,Eco,3,Low,598.5390543
36.44827377,1687.402446,244.7436132,55.22128702,Mixed,688.2376605,11.3772324,On,Normal,3,Medium,124.4480784
32.78261977,2154.509154,137.621481,69.75442426,Mixed,871.6314706,20.21630451,On,Eco,1,High,138.8738222
97.32235672,2075.776515,204.5161927,75.22510606,Mixed,876.9142511,22.3886344,On,Normal,1,Low,537.0104234
95.52151285,1744.881475,213.4560439,57.9919148,Mixed,1013.825974,23.15023448,Off,Normal,3,High,531.4822824
87.02539571,2079.303019,242.2289018,37.65907003,Mixed,1101.076035,27.89780216,Off,Normal,4,Medium,468.6823465
98.06192193,1526.140853,251.8772161,77.04287094,Mixed,792.3013616,26.32449727,Off,Normal,2,Low,522.6847469
41.0047405,2102.902304,126.3607302,67.46294229,Mixed,624.7087657,12.81524478,On,Normal,2,Medium,208.1212751
37.65500359,1128.601237,152.4139204,49.78351788,Mixed,628.182223,25.88861918,On,Aggressive,4,High,148.0115617
107.5522106,1298.85105,109.7124218,43.84903706,Mixed,1124.894573,23.52606286,Off,Normal,5,Low,621.8617594
79.93903942,2316.584983,239.4802489,32.38582447,Mixed,891.7955162,26.56057789,On,Normal,4,Medium,420.678749
103.5877398,1440.48311,124.9747833,39.57155828,Mixed,748.8075499,26.86709196,Off,Normal,2,High,622.765917
102.5154579,1308.912092,153.8446084,68.88385317,Mixed,619.3720364,16.91065168,On,Normal,5,High,539.3508913
82.25118715,1133.503882,252.7263541,35.43138161,Mixed,917.2586028,15.26537726,Off,Eco,5,Medium,431.8094172
80.27796103,1589.432492,141.5526337,36.47062673,Mixed,682.2568679,21.05268057,Off,Aggressive,2,Medium,439.4879042
58.79566432,1100.473113,129.9600742,39.7966351,Mixed,850.2168403,15.97215376,On,Normal,5,High,291.2760072
41.92880448,1745.47069,216.2835439,49.76708649,Mixed,909.646629,16.9937068,Off,Normal,1,Low,220.2487149
84.92839621,2378.807105,294.0896606,39.45355728,Mixed,737.5201955,11.38320131,Off,Normal,3,High,482.2119882
95.4288456,2180.701518,75.02975259,75.21517519,Mixed,719.3020837,29.8272745,Off,Aggressive,5,Medium,534.5324634
73.5699,1061.010654,260.3492171,42.88276744,Mixed,611.8848424,16.18593919,Off,Aggressive,5,Low,381.3115413
34.06953121,1449.637246,89.18516022,75.97438062,Mixed,951.3124711,25.60146639,Off,Normal,1,Low,150.4481493
41.59341646,1281.466424,142.7755481,79.24715104,Mixed,720.2647266,29.86316589,On,Normal,1,Low,183.0534074
38.15682707,1100.409783,160.0123038,67.74016782,Mixed,1126.937067,29.38252033,On,Normal,4,High,139.2256801
82.62653189,1162.960822,232.4974464,30.37185298,Mixed,962.2659299,22.67766301,On,Normal,2,Medium,452.1249052
75.18312697,2362.216559,282.3758234,42.00100588,Mixed,933.8485978,20.773229,Off,Normal,4,Low,411.7848577
67.32002352,1465.124823,84.48263047,43.36667069,Mixed,902.8107988,16.1855299,Off,Normal,2,High,392.4948092
73.47268447,1588.335814,238.7540285,57.13772942,Mixed,729.186047,27.23013454,Off,Aggressive,1,High,401.2620531
52.07638739,1728.551302,137.3501749,37.91968515,Mixed,1181.646267,16.75990289,On,Eco,3,Low,251.3343049
94.37817372,2117.393647,276.458639,33.86075765,Mixed,1180.226778,12.13447592,On,Eco,2,Medium,516.7431792
56.28362011,2197.555711,126.7720369,38.81788711,Mixed,792.7634547,15.88196783,On,Eco,2,Low,303.3593162
81.54409551,2445.594314,226.5268679,46.36759832,Mixed,1065.729734,16.30194652,Off,Aggressive,1,Medium,429.4292163
61.26993973,1316.017106,99.54139209,32.4604985,Mixed,671.5476394,24.36970745,Off,Normal,5,High,310.9714537
35.773322,1451.599268,289.9072989,39.76821167,Mixed,1068.317307,13.39083917,Off,Normal,4,Medium,98.52326469
50.55611395,1469.441073,61.03784126,38.3759983,Mixed,771.7991598,16.33726467,On,Normal,3,High,230.6774479
107.2078662,1667.88819,115.8844746,68.61796633,Mixed,773.4806856,11.53172849,On,Aggressive,2,High,577.2628705
45.24296964,2211.106527,222.2265878,38.47870009,Mixed,904.3399857,26.96802313,Off,Normal,5,Medium,202.5942243
38.39429548,1359.184128,264.8458152,69.57697626,Mixed,835.397377,24.49550904,Off,Normal,1,Medium,171.1854092
53.29217538,2174.38265,298.4537542,55.4091076,Mixed,670.6986858,18.74974006,On,Eco,2,Medium,256.6697505
100.2340726,1306.060028,101.5825529,67.89270898,Mixed,955.8462858,18.60030532,Off,Normal,5,Low,557.1534548
54.48211395,2065.221426,133.7145215,52.51784528,Mixed,728.3061656,13.32743596,On,Eco,4,High,260.1101016
63.39041117,2198.50198,274.044485,75.05275873,Mixed,866.6878688,17.6894625,Off,Aggressive,1,High,309.2787336
54.8061537,2280.675611,67.7999798,43.82593412,Mixed,738.6064139,28.13650349,Off,Normal,5,Medium,255.2866227
109.117885,1765.428312,235.9972374,68.34034258,Mixed,1114.551145,12.77316046,On,Eco,5,Low,569.7326821
109.9900079,1493.07248,161.5324615,38.17100066,Mixed,802.8130064,25.30056765,Off,Eco,2,High,650.2369531
68.62182026,2158.57635,225.3163248,74.13222208,Mixed,1132.494495,10.9435165,Off,Eco,4,Medium,364.4283222
92.78605677,1481.374686,185.9760292,31.42204487,Mixed,795.6583461,16.23359099,On,Eco,1,Medium,511.627617
47.60478701,1222.133164,210.5068528,52.87180614,Mixed,707.6982432,26.93875102,On,Normal,1,Medium,239.4900655
59.94361174,2252.029673,219.9992905,51.06291395,Mixed,945.9807856,18.89967435,Off,Aggressive,4,High,317.2553538
84.34717371,1616.861395,211.4990268,61.18953426,Mixed,933.0826658,24.05388082,On,Normal,3,Low,452.8138024
52.90627205,1856.25065,219.4951147,52.04666798,Mixed,971.3481343,12.07083517,On,Eco,2,Low,271.2722157
47.97589943,2377.66607,196.4035038,59.4489336,Mixed,781.2837591,23.66851481,Off,Normal,5,High,233.0384012
103.7790306,1203.694932,231.334886,73.08514764,Mixed,791.9813495,26.38041288,Off,Aggressive,2,Low,568.2427625
49.54384607,1835.775845,246.2456336,37.10142624,Mixed,742.4580501,26.10491726,On,Aggressive,4,High,242.8392776
34.74222552,1838.146887,249.1045005,42.20736597,Mixed,1157.040582,18.77739504,On,Eco,5,Low,135.5611886
90.08704112,2292.836959,264.8431437,70.14099593,Mixed,1009.773439,28.08282396,Off,Normal,3,High,484.9065986
49.46146303,1511.888458,135.9365809,41.40319876,Mixed,1053.753449,21.49949952,On,Normal,4,High,226.1273614
66.01473179,1601.821134,238.9856234,75.2826998,Mixed,716.4978841,26.35743488,On,Normal,2,Medium,325.8012711
38.92456272,1778.939743,287.1987099,57.04056736,Mixed,996.9469745,14.26918622,Off,Normal,5,Medium,162.9047008
35.48124627,1250.799973,148.1923389,34.09321648,Mixed,1057.59859,14.20481027,Off,Normal,1,Low,191.0885891
66.83565374,1705.992092,246.6338678,31.03301337,Mixed,805.4736642,25.08724392,On,Normal,5,Low,323.7297587
56.96706738,1654.122691,129.9510667,68.1452292,Mixed,694.6155642,22.93270252,Off,Eco,5,High,283.2633343
70.47401815,1296.091713,102.1366237,72.8175416,Mixed,1018.20255,23.52619777,On,Normal,4,High,365.254298
107.2626604,2249.533778,167.1424541,41.99322993,Mixed,966.6861552,14.73140567,On,Aggressive,3,Low,591.1424249
62.5910629,1646.550643,253.5677182,42.03899521,Mixed,945.3709489,17.99245269,Off,Eco,5,High,321.8250337
78.2125683,1459.098866,133.7094047,77.70510521,Mixed,709.5399875,15.16759381,Off,Normal,5,Medium,428.3183945
37.80763058,1195.561355,130.7854484,62.80935683,Mixed,757.4952543,11.36251859,On,Eco,3,Medium,181.5422111
100.8734084,1134.621692,126.6420084,38.38070562,Mixed,974.9307175,14.07882374,Off,Normal,3,Low,558.0485155
94.46888828,2440.34034,112.3490363,52.42934707,Mixed,968.1517345,29.9032859,On,Aggressive,5,Medium,497.6884472
71.79256045,2492.730157,206.6666383,75.52180578,Mixed,932.8337001,14.68083892,Off,Normal,1,Medium,373.743262
44.67014994,2346.888076,118.4008524,61.05870977,Mixed,1060.88362,13.18586474,Off,Normal,1,Medium,218.50755
64.07599355,1687.947148,284.3766773,50.37347999,Mixed,1088.794319,23.93753597,On,Normal,1,Medium,316.1295746
53.79071967,2211.87364,143.0234512,37.551675,Mixed,765.9084812,22.04288872,On,Normal,4,Medium,240.4027415
109.5613404,2251.423298,190.1757017,66.30009222,Mixed,694.5645386,24.92026132,Off,Normal,4,Low,618.7102286
69.26706308,1449.713816,158.2009109,43.81814446,Mixed,720.7006705,23.07346192,Off,Normal,1,Low,385.2717183
63.7786484,1879.043575,291.0517762,58.29553536,Mixed,768.7852776,14.4598679,Off,Aggressive,1,Low,319.2599324
43.52466529,2435.233025,161.7627608,60.00701001,Mixed,1168.649144,20.01812083,On,Normal,1,High,195.3962943
49.12871595,1420.1017,195.2866676,57.7724741,Mixed,682.297269,13.53285621,Off,Normal,3,High,243.0421653
86.92701714,1994.329561,243.2215824,42.32463958,Mixed,1127.256895,15.07075857,On,Aggressive,2,High,464.7110256
72.79274661,1993.811688,101.1111689,65.41372971,Mixed,722.0264755,29.73835298,On,Aggressive,4,Low,382.0048232
58.64250502,1679.005978,67.83403261,58.30250028,Mixed,809.0674278,24.57359884,Off,Normal,4,High,304.6451431
53.76109487,1735.493283,169.1807797,50.1841465,Mixed,675.523598,25.65700949,Off,Normal,4,Low,270.470434
46.0592197,1684.573768,192.1538563,32.60654263,Mixed,662.0162106,10.6011832,On,Aggressive,2,Medium,234.7141536
32.71183143,1781.615385,128.8946493,46.56318979,Mixed,657.0858259,17.6426788,On,Eco,5,High,124.7562065
108.1719975,1223.166694,171.0011198,47.62237539,Mixed,805.655344,21.10497754,Off,Eco,4,Low,633.4612639
90.24882807,2192.120668,207.6385094,69.55816826,Mixed,914.2152534,12.99348041,On,Eco,5,Medium,467.0259496
104.2296652,1991.612669,293.5855098,55.67235337,Mixed,720.484524,26.97092843,Off,Eco,3,Low,589.8023424
63.00406931,2460.73341,204.4265174,76.60594324,Mixed,1159.604539,12.7920042,Off,Normal,1,Medium,328.2442827
99.55062003,1368.464784,167.7257511,67.53649357,Mixed,951.8512681,22.7301094,Off,Aggressive,1,Medium,554.7907104
50.49999375,1218.952365,65.40683855,56.90023244,Mixed,1131.038853,21.06374413,On,Eco,3,Medium,240.3153301
70.78678511,1513.831099,134.5399757,38.44429028,Mixed,689.2912702,26.98626409,On,Normal,1,Medium,387.7622132
46.19835519,1764.612105,146.0366313,41.05166008,Mixed,686.0966928,16.23621449,On,Normal,3,Medium,209.1746669
91.62697323,1307.514332,174.4666967,38.00396837,Mixed,1108.051621,15.68167417,On,Normal,1,High,512.6166839
69.80816055,1690.901547,247.7210551,52.14253669,Mixed,940.7888127,26.92826218,Off,Normal,3,High,355.1539131
72.90183507,1963.919872,246.2129703,66.12624422,Mixed,1163.152077,14.42811682,On,Normal,3,High,382.0547374
98.75637038,1084.256943,262.868636,67.96624126,Mixed,688.1381114,24.92082793,On,Eco,1,Medium,575.6167244
89.1373934,2137.044795,129.5982141,34.8075615,Mixed,615.6107878,13.82291714,Off,Eco,5,High,506.4994384
107.3012765,2409.566921,143.150242,54.79554179,Mixed,1149.936329,27.51390825,On,Aggressive,4,Medium,574.3269593
62.42687993,1402.372322,96.05733374,54.07203042,Mixed,1019.302263,26.78127084,On,Eco,4,Low,296.0881577
66.9163778,2164.333557,265.7797863,51.94433262,Mixed,1084.300829,25.74926099,Off,Eco,2,Low,386.9901053
79.22709486,1626.901392,216.5364396,45.06079988,Mixed,777.6084082,19.8294256,On,Normal,2,High,432.3357623
66.26499612,1996.648993,78.6119774,53.7904031,Mixed,601.8398517,10.67678442,On,Aggressive,1,High,322.2889396
63.56923037,2114.524105,132.8776795,55.83033642,Mixed,889.7279097,12.64930405,On,Normal,4,High,329.9372015
57.24573935,1442.460474,96.65401232,59.98480832,Mixed,1194.005649,19.13210205,On,Normal,2,High,293.3811066
96.55073755,2181.096393,292.6147575,48.86825836,Mixed,1144.52245,10.87295289,On,Normal,4,Medium,536.6042781
72.67914909,1157.667003,137.9046741,77.25503177,Mixed,643.213671,11.26944886,On,Aggressive,3,Low,379.3099922
78.59225033,2480.087272,179.1521565,46.94193303,Mixed,712.670196,12.51007675,Off,Eco,5,Medium,446.2634048
46.32604271,1505.537477,136.2964838,74.75254601,Mixed,786.7367383,15.21693395,On,Eco,3,Medium,223.1143427
50.14211843,1335.704148,173.8311677,70.06267594,Mixed,1098.240273,24.98645579,Off,Eco,2,Low,268.1009609
57.18345667,1207.981069,299.669315,53.26353535,Mixed,1094.828659,10.9596479,Off,Eco,2,High,300.6842876
67.2295181,2218.273188,128.9733063,54.81561898,Mixed,711.0027017,29.67278791,Off,Eco,1,Low,375.4950142
33.51418429,1878.83556,127.8292928,73.49307945,Mixed,919.8480463,15.47659041,On,Normal,5,Medium,151.4337638
101.0713089,2427.505446,149.1310971,54.63625036,Mixed,901.0769195,16.40395556,Off,Aggressive,5,Medium,515.7854423
102.2969804,1971.517586,100.6360256,63.96897869,Mixed,848.5682975,14.95769776,Off,Normal,4,Medium,569.0017849
82.9343936,1510.889477,237.3580178,70.46514441,Mixed,921.5522735,22.0478156,On,Eco,1,Medium,456.0657002
55.28422673,2254.618801,151.0416723,75.39406081,Mixed,775.6733184,10.38853254,On,Normal,5,Low,253.4543672
60.82546437,1421.852562,199.4061066,40.90820815,Mixed,918.9295036,11.87139051,Off,Normal,2,Low,326.8165633
88.72407991,1436.261028,218.7127412,78.76828853,Mixed,1011.36491,11.97554878,Off,Aggressive,3,Low,483.9951706
52.90328044,1042.420134,68.50647179,78.26667849,Mixed,637.5019664,23.29064851,On,Aggressive,3,Low,233.6503441
78.71344181,1378.034034,214.5606701,44.86774843,Mixed,1180.38354,16.59043475,On,Normal,5,High,410.8382612
102.5016863,1392.151327,187.8646462,60.68640593,Mixed,699.1821594,18.74988375,Off,Normal,3,Medium,582.3657958
62.83582656,1446.282261,79.88409849,32.34589755,Mixed,816.1791979,28.99946707,On,Normal,2,Low,318.307434
76.96390112,1552.942899,89.87676499,38.39136701,Mixed,882.3764175,14.00085754,On,Aggressive,4,High,385.0085991
104.287183,1865.010974,165.7916219,59.19085886,Mixed,624.5906643,11.40393577,Off,Eco,2,Medium,624.798266
57.24652527,1324.58653,143.1138515,62.50531203,Mixed,929.0171013,18.82846459,On,Eco,5,Low,276.5917939
90.77117964,1955.141526,164.9989932,56.73014901,Mixed,1121.98426,13.28146425,Off,Normal,2,High,524.1036565
90.40974847,1199.972589,212.5236203,65.23610789,Mixed,1140.610898,12.89314297,On,Normal,2,Medium,501.3323504
104.2796155,2396.366347,97.06195471,69.64453826,Mixed,795.7149766,18.20264166,On,Eco,3,Medium,568.0556721
98.68714553,1039.165353,218.9867075,38.42289129,Mixed,935.2779652,23.39302312,Off,Normal,4,Medium,546.20282
89.90625469,2362.296834,256.3503325,62.98086228,Mixed,1066.078459,14.85703801,On,Normal,1,Low,478.2971125
80.92123425,1820.800389,60.7027757,58.12991184,Mixed,751.7074271,27.5192779,Off,Normal,5,High,447.9538701
49.29506328,2065.068018,148.4312641,35.87931215,Mixed,917.0835049,17.24895894,On,Normal,5,Low,214.9690308
83.65189381,1447.514096,126.0402217,41.43022449,Mixed,820.0329598,28.68096525,Off,Normal,2,Medium,473.4114017
52.11547729,1260.698177,163.6799466,50.98345092,Mixed,826.9049758,19.84790557,Off,Normal,3,High,256.1491854
65.20156843,2420.942063,207.666892,73.18792179,Mixed,656.4825196,24.53475786,On,Aggressive,3,Medium,323.6044914
86.77589095,1661.505727,105.0166323,40.85128905,Mixed,844.1337811,26.98033719,Off,Eco,5,Medium,491.5872023
83.99153981,1720.769352,92.18294844,39.14618461,Mixed,696.5275541,20.5943975,On,Normal,1,High,476.7513056
62.09592743,2478.517606,234.9212185,66.04758639,Mixed,780.7620435,27.00646903,On,Normal,1,High,325.1123362
44.61405488,1504.103198,224.5807537,78.78964714,Mixed,798.1686617,17.55963573,Off,Eco,4,High,235.170746
68.73139633,1150.287403,170.6026786,52.36643788,Mixed,858.3599673,17.26808149,Off,Eco,2,Medium,385.6099559
51.59783364,1880.371334,180.3174547,47.50688072,Mixed,1150.148243,25.8812678,Off,Normal,5,Medium,263.4659494
50.4347583,1832.211372,124.7666981,42.69702947,Mixed,978.5982514,14.82539449,Off,Normal,1,Medium,278.4052628
56.14348684,2159.656552,139.0029906,32.48704318,Mixed,1184.677223,24.34076982,Off,Eco,1,Medium,296.2326481
86.49902068,2432.617143,136.8198184,38.92070608,Mixed,954.3909098,11.54173914,On,Eco,3,Low,465.3453242
69.78286656,1461.511565,234.3204261,34.67075331,Mixed,1083.294026,22.71250128,On,Normal,4,High,360.3225922
59.85367815,2082.694671,193.3543444,54.70507773,Mixed,1100.49088,28.8381943,Off,Normal,5,Low,279.3497323
102.0475851,1651.754609,235.0772806,78.90987635,Mixed,1043.402283,19.12931774,Off,Eco,4,Low,578.7595631
86.54245394,2175.659184,201.7719982,69.37012121,Mixed,1001.948983,18.31930029,On,Aggressive,1,Medium,427.0939165
69.57222619,1246.415444,190.9527141,60.08450418,Mixed,850.7489951,20.81081725,On,Eco,4,Low,364.5231734
63.70306903,1751.284626,136.9396688,54.33191349,Mixed,940.3656871,24.39132149,On,Eco,1,Medium,350.8029383
95.5117465,1115.780392,154.9117944,60.85909955,Mixed,716.2300042,17.17672618,Off,Normal,3,Medium,506.3323462
43.83395951,1841.761794,272.9754903,48.80133215,Mixed,970.9479878,10.00260023,Off,Eco,2,Low,227.3074966
83.13231403,1253.460414,198.2232002,38.91926468,Mixed,908.5779133,20.04169421,Off,Eco,5,Medium,451.2977349
31.68122391,2440.067605,185.8692714,59.48868268,Mixed,1082.595153,18.38556321,On,Normal,2,Medium,139.4931119
30.55685705,1831.495497,72.75155435,56.40516445,Mixed,1141.526175,20.65406123,On,Aggressive,4,Medium,77.14828619
104.5426955,1794.061882,221.0134007,77.22683439,Mixed,679.6767311,24.30624563,Off,Normal,1,High,614.9463593
71.11908626,2458.496086,224.6441875,62.49164235,Mixed,1014.544681,15.66782105,Off,Normal,2,Medium,396.2820009
55.20939405,1747.62293,225.7575768,68.67152544,Mixed,1170.027785,20.10519354,Off,Aggressive,3,Low,253.5282464
93.57569634,2015.089696,81.89330742,34.63508579,Mixed,1150.728502,15.06777501,On,Eco,4,Medium,525.3487624
108.7862405,1070.022293,132.1092624,68.04685003,Mixed,1100.65575,19.18693273,On,Normal,4,Low,573.9543683
32.75310331,2062.508223,149.0942511,79.14244186,Mixed,629.0046003,16.89078213,Off,Eco,2,Low,172.0048345
33.03685554,1156.465561,258.359255,62.87477806,Mixed,751.49047,17.38082602,Off,Normal,4,High,180.0993243
98.38256419,2170.351944,295.3614562,67.10418519,Mixed,688.9730788,21.58722101,On,Normal,5,Medium,529.5307863
74.53718398,2315.268749,159.5394224,78.97606232,Mixed,1156.160677,23.79221984,On,Normal,2,Low,383.6146735
100.6193393,1473.201803,193.0273698,49.56373615,Mixed,1049.333889,10.25316995,Off,Normal,2,Medium,563.65205
85.57144616,2317.195021,61.76094208,71.20892567,Mixed,919.0707818,27.53282479,On,Aggressive,3,Medium,461.1827638
67.64685212,1723.955112,62.10702754,49.98462641,Mixed,1187.640141,17.28670817,On,Eco,4,Low,350.5875755
42.90767399,1857.364122,77.88005497,51.29593083,Mixed,716.8312592,22.87220646,Off,Normal,3,Medium,202.7514429
61.18889176,1616.474307,232.6719461,62.91209425,Mixed,984.9431507,12.4478486,On,Eco,4,Low,318.736258
92.9716074,1714.813191,102.7527835,42.82095791,Mixed,965.628617,21.42912161,Off,Normal,2,Medium,527.05843
48.71340397,2362.406346,241.8837626,79.63909098,Mixed,804.272547,23.56919061,On,Eco,4,Medium,230.4111083
86.98931952,2420.941605,163.6502764,46.46157834,Mixed,891.2281753,13.14876092,On,Aggressive,3,Medium,445.368589
49.78756633,1668.803413,263.9925621,36.14249807,Mixed,741.2317012,28.24309608,Off,Normal,2,High,254.9667136
67.08275025,1771.542209,268.8759297,46.12770285,Mixed,1006.268853,25.14932814,Off,Normal,4,Low,332.947836
36.83456034,1174.262475,271.159898,72.79831151,Mixed,850.9444262,20.67839121,Off,Aggressive,3,Medium,148.5386675
66.3998767,1488.431716,190.4406331,45.69640189,Mixed,614.1300582,13.32132072,Off,Normal,4,Medium,358.8799309
79.01620354,1769.855768,249.2417833,60.56778075,Mixed,1170.471134,27.31102739,Off,Aggressive,3,Medium,408.6714385
75.06544333,1303.874125,218.8589361,76.76601054,Mixed,900.8514944,11.37251937,Off,Normal,5,Medium,374.7126213
62.51732115,1864.799896,104.8111664,42.99830282,Mixed,1023.380328,12.30343116,Off,Eco,3,Low,322.1719991
59.57562206,2027.924851,151.5640141,36.5682664,Mixed,718.1579941,23.96348475,Off,Normal,1,Medium,348.0322616
52.0319006,1974.940068,290.9669645,34.84241249,Mixed,676.3378307,15.07721703,Off,Aggressive,4,Low,247.0319672
91.36832526,1663.768739,245.4155283,52.01841002,Mixed,1141.453158,19.18635799,On,Eco,1,Low,479.0620531
92.61104782,2153.978681,123.1185305,35.21433513,Mixed,954.559514,20.77820246,Off,Normal,5,High,508.5937124
68.64220399,1479.283616,127.433841,52.69042037,Mixed,896.0105231,19.16468317,On,Eco,3,Medium,353.6141986
60.60494119,1703.915402,121.0034695,73.13584696,Mixed,912.6900214,11.67787313,Off,Normal,2,Medium,320.036918
80.99383778,1405.232332,138.9156061,68.8741914,Mixed,741.7215583,24.74948877,On,Eco,2,High,437.999589
74.61858577,1905.442885,282.7937703,59.08504267,Mixed,1147.611821,14.79980416,Off,Normal,3,High,420.0826183
83.38043731,1661.06055,164.0501497,72.52112531,Mixed,728.5441108,24.77063362,Off,Normal,5,Medium,438.2550327
54.48124258,1325.66912,147.4205788,35.0135024,Mixed,694.8037667,27.30581571,Off,Eco,3,Low,290.9609473
93.06796474,1462.277432,117.4037605,60.4708848,Mixed,1158.027533,20.72747651,Off,Normal,2,Low,510.369945
55.33942487,1419.202115,274.1779356,35.78206855,Mixed,754.5443138,24.12752877,On,Normal,2,Medium,286.5605286
63.49786175,2366.369079,289.7703745,54.10697056,Mixed,1117.490831,10.73875572,On,Aggressive,2,Medium,312.570749
40.59381826,1782.931413,137.6499481,53.17311887,Mixed,1063.507684,10.73496234,On,Eco,3,Medium,176.8029247
98.42954578,1978.983758,207.9968216,43.25776825,Mixed,829.1661705,13.94324578,On,Eco,5,Low,529.0895252
81.54189971,2402.100661,290.0240034,71.49273188,Mixed,752.4012038,17.16766583,Off,Eco,5,Medium,434.9094006
48.8229647,1273.326693,179.8752002,41.4113833,Mixed,1055.393145,13.6556769,On,Eco,5,High,240.6255568
98.1374443,2405.340636,172.4789676,57.59471231,Mixed,958.5592146,22.69920539,On,Normal,2,High,521.0935347
86.38344064,1809.455815,186.6466199,54.11306725,Mixed,752.4242099,15.53775234,Off,Aggressive,4,Medium,454.7518981
65.37442044,2284.321314,67.96080766,51.58261056,Mixed,1134.52768,26.91502051,On,Normal,3,Low,316.5540381
109.1874265,1251.993332,132.0285626,31.67710741,Mixed,1032.589451,21.21207599,Off,Eco,2,High,664.6251775
56.97678,1409.403819,227.7581324,64.83669297,Mixed,1145.566878,17.56159067,Off,Normal,5,High,294.5542669
37.96396534,1291.256544,292.0150935,30.63426717,Mixed,862.4822322,27.86156333,Off,Eco,3,Low,195.7693981
88.67672387,1980.132676,196.4987328,71.02736021,Mixed,676.9197085,26.56726123,Off,Eco,5,Medium,470.8721738
90.56392318,1211.142104,105.7142004,43.31972934,Mixed,1154.445217,26.40070292,On,Normal,1,Low,494.4292185
34.71720848,2188.783827,162.4351851,36.00027158,Mixed,960.8556183,24.56702498,On,Eco,2,Low,180.6912765
95.55352976,1375.654437,177.6047245,50.85203377,Mixed,963.6357003,22.28428673,On,Normal,5,Low,494.905746
92.07532111,1383.213193,96.53393039,57.96802749,Mixed,950.5592648,17.33646798,Off,Eco,1,Low,532.4117825
104.3677097,1421.681945,139.0278723,45.51813293,Mixed,883.4358135,18.45200853,On,Aggressive,5,Medium,549.8495725
39.4839298,2119.582143,166.8154902,36.08923865,Mixed,753.0258479,22.94247986,Off,Normal,2,Low,182.2640315
78.06476466,2386.323927,122.8565241,30.9163637,Mixed,967.8131268,13.45742665,On,Normal,4,Low,387.7294597
47.55380333,2361.265021,144.9327357,65.19066215,Mixed,1031.161647,26.55629243,On,Eco,5,Medium,196.050204
61.95535624,1151.881332,126.2986465,74.32178968,Mixed,1149.925911,28.77340441,Off,Eco,5,High,313.5846403
51.20726633,1393.655355,207.0771654,35.02605273,Mixed,643.2886248,11.95977212,On,Normal,1,Low,265.4319482
65.94381616,2008.272949,198.8646289,41.53168833,Mixed,752.8257195,10.44911362,On,Aggressive,2,High,339.2929597
39.03010627,1927.825961,192.4068627,31.01145802,Mixed,1066.011472,12.85400349,On,Normal,5,Medium,160.5609296
54.28124063,1525.043597,83.21647661,74.25331176,Mixed,1065.090416,25.19805211,On,Normal,3,Medium,280.9720718
35.67349829,2294.264985,104.0538353,52.23692746,Mixed,727.2207037,12.15653118,Off,Eco,2,Medium,217.3805242
69.34655904,1195.699413,86.59852055,76.25976042,Mixed,710.8306073,17.44499111,On,Eco,1,Medium,375.8558239
53.73465677,1958.547817,75.18743202,53.40496652,Mixed,820.2841256,11.26247232,Off,Eco,1,Medium,311.9047694
77.22468415,1409.626714,119.2391713,73.10915532,Mixed,637.7492191,18.65114338,Off,Normal,1,Low,437.1644555
66.51569451,1790.761933,106.6851531,77.58782141,Mixed,1038.216471,22.07718137,Off,Aggressive,2,Low,350.595115
49.50824717,1581.229856,233.9991358,46.75758366,Mixed,1001.885235,22.570192,On,Normal,2,Medium,251.2519644
38.23521749,2469.602649,227.0128367,62.03555276,Mixed,1115.235297,20.37830692,Off,Normal,5,Medium,148.6256945
90.26533507,1730.038411,108.3214029,63.32100015,Mixed,858.0294883,28.76215822,On,Aggressive,1,Low,506.3232289
80.65060433,2464.140089,99.73529359,31.07043676,Mixed,982.0416054,20.62273061,On,Normal,1,High,466.1104956
32.63439971,1382.531375,94.77498084,51.91145824,Mixed,1172.369693,27.18476046,On,Normal,2,Medium,141.9795316
109.1492448,2151.911398,136.8119929,72.76639199,Mixed,1175.281389,29.8605149,On,Eco,2,Medium,616.0170068
81.39922197,2075.587188,130.6048484,77.31426312,Mixed,642.6465685,14.59490796,Off,Normal,3,Medium,446.813911
46.57446294,2271.467931,66.84902629,74.96104369,Mixed,601.130607,15.31070833,Off,Normal,1,Medium,243.0859389
97.23974985,2040.411196,196.2889123,78.64489665,Mixed,1175.990637,20.43739067,Off,Aggressive,2,Low,534.1723141
100.5680577,2023.538647,275.5275527,62.65209312,Mixed,921.1899612,13.64756765,On,Normal,2,Medium,552.666995
75.89483174,1991.061636,189.3255994,41.63996925,Mixed,1020.240325,21.28250137,Off,Eco,5,Low,409.8946969
100.8457758,2477.577358,75.31395179,58.76910856,Mixed,1147.558295,23.68779814,On,Eco,1,Medium,565.9502691
32.33374107,1342.146664,203.892229,51.05719783,Mixed,859.8927595,11.20795098,On,Normal,3,Medium,122.7214481
105.6133369,1045.170527,176.3894486,42.93262877,Mixed,864.3919692,23.62789805,On,Aggressive,2,High,609.5456314
34.57628913,2016.956297,277.6629227,68.63930724,Mixed,700.1889426,13.18933719,Off,Normal,5,Medium,141.5664777
81.39120512,1258.506655,147.1726672,61.4599365,Mixed,1143.496968,15.98637215,Off,Eco,5,Medium,432.7617378
57.67157096,2019.075895,240.4756873,69.50521042,Mixed,988.6039836,24.77619643,Off,Eco,4,Low,295.3069099
33.14498812,1479.528116,69.22566033,43.47453339,Mixed,708.1615484,13.27179992,On,Aggressive,1,Low,117.586092
104.3430646,1065.027576,233.1583405,75.19422728,Mixed,935.8752087,20.63366096,On,Eco,5,Medium,575.6343729
40.82861274,2154.651988,69.96638352,41.935687,Mixed,796.898363,21.78350612,On,Eco,3,Medium,192.0641179
98.29953499,1077.472262,142.7316666,60.09612069,Mixed,688.3091819,13.28715746,Off,Normal,1,Medium,563.32662
56.42760072,1336.207473,287.5405977,32.84473317,Mixed,709.1216684,15.49562891,On,Eco,3,Medium,288.0871146
89.29312022,1504.612951,228.7691527,57.04821342,Mixed,935.5542947,22.12927843,On,Eco,5,Low,447.2613268
50.33766318,1199.124176,282.0055455,34.93617049,Mixed,938.6311356,19.22397015,Off,Eco,1,High,315.1512307
76.67471502,2370.353741,179.0047127,46.61074475,Mixed,1073.964469,23.19962668,On,Aggressive,5,High,380.0279082
93.96430457,1932.754736,205.4919901,73.03446293,Mixed,748.7905705,27.09433762,Off,Eco,5,Medium,543.1499691
75.29438643,2313.09392,184.2595933,74.67636576,Mixed,1149.500029,12.70068048,On,Aggressive,5,Medium,351.2959691
54.52420509,2023.078094,174.9275007,68.36492653,Mixed,911.1677589,11.41265428,Off,Normal,2,Medium,288.4495213
48.67485871,2487.918109,198.7753513,48.3851896,Mixed,722.5036133,23.33453138,Off,Aggressive,2,Medium,252.5906718
43.98444774,1787.729198,69.33584522,58.93614075,Mixed,847.9683454,25.41287294,Off,Aggressive,3,High,214.6433358
97.10500176,1080.644862,104.5641451,41.19894832,Mixed,1154.015563,18.98613977,Off,Normal,2,High,550.6010258
78.87541001,1241.287967,111.5091723,63.91745976,Mixed,886.8939257,17.87818939,On,Normal,3,High,391.4269025
70.69423398,1882.648993,151.8837436,47.37015092,Mixed,1124.829066,21.93543714,Off,Eco,2,Low,423.8751719
49.96645471,1521.592809,164.2932344,41.0499301,Mixed,695.8996411,21.02907905,On,Normal,5,Low,212.4567125
64.70025988,1169.339201,237.5323531,59.24851789,Mixed,1148.375039,19.80341382,Off,Normal,2,Medium,381.3754703
79.60502467,1357.209613,99.72961877,35.59010957,Mixed,858.3712833,26.37410256,Off,Aggressive,4,Medium,415.4132464
35.75053228,1711.856096,196.7741978,64.33494903,Mixed,1161.676166,13.4700092,On,Normal,5,High,148.9577043
58.85719493,1777.272805,125.3493943,39.35027125,Mixed,1119.647112,23.62417823,On,Eco,4,Low,297.6035603
49.16029214,2401.871888,183.7568987,57.67276805,Mixed,995.9797841,24.82679479,On,Normal,5,Medium,219.5987066
81.7211925,1136.018872,210.3876785,49.6254243,Mixed,1003.70785,28.02604021,Off,Aggressive,2,Medium,436.517306
78.50152064,1536.711175,199.7881281,58.31223554,Mixed,726.9047927,28.90200405,On,Eco,1,High,436.5773927
53.95323957,1759.073817,111.6913915,42.29809349,Mixed,961.6978674,20.15731257,On,Normal,3,Low,251.0941152
33.33045777,1169.901371,230.2687511,45.51946594,Mixed,929.6973431,18.67280032,Off,Normal,5,Medium,139.4648889
44.62502006,2031.703035,216.9090858,37.01605472,Mixed,800.4882218,20.07817128,Off,Eco,1,Low,242.0536041
42.80496605,1772.542137,283.680788,68.84828227,Mixed,903.3729145,24.65158526,Off,Normal,1,Medium,209.3235604
75.4715468,1689.267877,212.1964619,33.50560124,Mixed,1157.486131,10.34342738,On,Aggressive,2,High,381.3838223
43.54331651,1984.120861,232.8778579,48.82172563,Mixed,603.1833983,13.48287871,Off,Aggressive,5,Medium,180.2446538
68.58674834,1431.722037,254.6466367,52.45483948,Mixed,850.2744557,28.15332642,On,Normal,1,High,375.4053211
79.16230699,1508.990653,85.44102786,39.76031059,Mixed,800.1832325,13.90869361,On,Normal,3,Low,404.8266961
100.3652466,1244.047747,227.1202253,49.24108078,Mixed,1176.73864,14.56966715,Off,Normal,4,Medium,537.9512314
49.60220504,1785.588953,136.4592553,50.90441105,Mixed,1184.336539,28.78928674,Off,Eco,2,High,268.9183521
44.8730349,1558.613131,257.5557061,41.21651955,Mixed,951.3963214,15.88560647,Off,Normal,2,High,202.7364001
43.86030665,1390.496296,175.2433225,61.9627871,Mixed,930.0041811,15.80885482,On,Aggressive,2,High,192.7636993
58.83434476,1187.113312,199.3478051,31.54270027,Mixed,1141.927498,28.4741769,On,Eco,3,Medium,302.541571
81.93449755,1034.837806,122.4810178,39.87823319,Mixed,603.9254843,17.50163988,On,Aggressive,2,Low,439.5799864
83.74899366,1290.028407,216.1356285,61.20374857,Mixed,937.3683618,19.87884039,Off,Aggressive,3,High,456.2415562
46.87695205,1371.139295,68.55583922,61.37637205,Mixed,614.779445,21.20814687,On,Eco,1,High,227.5969495
40.49867615,1728.15446,239.6578282,43.26312995,Mixed,1180.897363,27.36564956,On,Aggressive,5,High,149.2012621
65.8942347,1361.494935,99.19100208,64.15246195,Mixed,792.0957344,11.55142855,Off,Normal,1,High,376.1160536
41.29530256,2226.480241,114.6178923,53.48944076,Mixed,912.4807811,15.2171247,Off,Normal,5,Low,182.7662248
95.0336596,1711.193335,60.21846308,56.36233312,Mixed,850.5411028,21.74016193,On,Normal,2,Low,503.3005471
36.7105158,1935.716146,135.1619124,46.63051816,Mixed,1136.174474,18.69225551,Off,Normal,1,High,190.4572521
90.16746577,1311.907517,153.1798123,79.21361607,Mixed,1199.890766,15.56561487,Off,Aggressive,3,Low,486.0447483
33.41183324,1624.192193,116.1599273,66.86936135,Mixed,641.0327868,18.19284519,Off,Eco,2,High,156.8978822
94.55872928,1904.166035,115.2504989,42.42149498,Mixed,1039.218682,29.32485271,On,Normal,1,Medium,495.5462183
80.17213405,1466.568832,274.3154371,41.82816398,Mixed,820.7991744,10.4206513,On,Normal,1,Low,458.9471073
55.78984847,1504.296113,138.348601,68.70867467,Mixed,683.4437518,12.93949005,On,Eco,3,Low,278.8130719
62.44147958,2211.137775,233.3477059,49.40054603,Mixed,843.2625178,10.37310335,Off,Aggressive,3,Low,306.8317216
83.88937924,2255.772055,116.9715584,34.57559776,Mixed,1198.887978,21.86793318,Off,Aggressive,1,High,461.056346
44.85025152,1799.411399,254.1698948,31.77999565,Mixed,814.5403796,10.2587375,Off,Normal,3,High,232.4112997
101.2256535,2344.616133,222.6580779,50.69780083,Mixed,766.4396931,19.08031952,Off,Eco,4,Low,583.7920977
68.63097074,2105.023004,241.4889582,50.73540225,Mixed,1107.702825,27.18392424,On,Aggressive,4,Medium,305.3434836
90.81115955,1082.952379,165.4888245,65.34283511,Mixed,1120.7628,11.94409979,Off,Aggressive,3,Low,477.1426248
70.53568206,1839.210171,271.0954957,58.73858276,Mixed,803.3214929,17.30348111,Off,Eco,1,Low,421.3017268
66.18233828,2046.689946,149.7629817,68.50600672,Mixed,779.2038844,17.55995842,On,Normal,3,Medium,340.9120427
67.56924499,1811.327247,204.214812,45.88761197,Mixed,988.3688865,17.24508528,Off,Eco,3,High,385.9829079
59.04997686,2247.963775,213.6173074,61.21257362,Mixed,723.1070902,24.5492409,Off,Eco,5,High,313.3355532
88.62033565,1451.255695,288.5403326,74.28513938,Mixed,890.2112416,10.08819198,On,Eco,4,Medium,474.7372999
97.6921955,1098.2187,92.2854454,33.46435269,Mixed,684.806215,25.59930149,On,Normal,2,Low,534.2986113
98.35173314,1950.430793,92.54523532,65.42256665,Mixed,782.8528669,26.78082672,Off,Aggressive,2,High,541.003741
39.69165711,2096.20092,170.89234,65.79415056,Mixed,778.4888986,18.62927128,Off,Eco,2,Medium,213.0820309
90.90943243,2147.880802,280.2901487,69.70151451,Mixed,1016.939979,27.74313992,Off,Normal,3,Medium,489.0176898
45.99636958,1016.590785,65.20442591,43.45236599,Mixed,769.363821,17.62078027,Off,Aggressive,2,High,236.4108462
30.9742676,2010.067372,126.3061458,50.82604437,Mixed,1139.097422,23.89445564,Off,Normal,5,Medium,116.8268675
52.03672282,1031.091676,128.0607178,41.98541727,Mixed,1189.827657,17.7764976,On,Aggressive,3,Medium,264.6485926
53.42948786,2162.179025,133.1886247,45.42909451,Mixed,648.6370208,10.75686842,On,Aggressive,1,Medium,259.2428528
94.78312433,2054.657711,65.92919259,78.42542462,Mixed,838.5885791,11.66852746,Off,Normal,1,Medium,551.3665942
89.39170522,1851.120855,258.14552,52.28270038,Mixed,781.1046381,18.84098831,On,Normal,3,High,493.0728765
36.77476562,1759.486609,62.13826864,72.42762237,Mixed,811.1940771,29.80192186,Off,Eco,4,Low,162.3955278
56.07690462,2072.661795,174.648949,69.7439927,Mixed,759.2129316,13.55113717,On,Normal,4,Medium,242.1991504
50.10398773,1085.792963,73.52616553,52.22630151,Mixed,829.5989167,27.91163914,On,Normal,1,High,253.6643
77.63641502,2248.284051,251.6745671,79.60895654,Mixed,684.8487557,28.38788374,On,Normal,2,Low,413.8752758
73.32095786,1301.839282,239.1806009,72.03902595,Mixed,767.8909653,18.19297637,Off,Normal,5,Low,357.1495223
84.31302445,1716.683295,233.1674068,54.13475299,Mixed,1048.690727,19.23650975,On,Aggressive,3,Medium,443.1192263
102.8583866,1730.199137,236.7035866,45.48528406,Mixed,806.4279154,20.05640885,On,Aggressive,5,Medium,557.2297163
63.68588461,2165.6853,285.6574932,33.76472757,Mixed,724.7009384,25.40813697,On,Eco,5,High,327.5405751
82.47392087,1289.486606,160.0346191,53.23999525,Mixed,665.0664231,12.47448735,Off,Normal,5,Low,450.667895
103.4681993,1449.624608,266.7779529,48.00049517,Mixed,808.8024884,16.57274536,On,Aggressive,3,Low,553.9949735
73.33444675,1994.661941,104.2157407,65.56884416,Mixed,986.0454532,13.41404676,On,Normal,2,High,391.533628
54.6624784,1619.157612,168.3034807,30.98391821,Mixed,751.9829226,27.56828302,On,Aggressive,3,Low,275.6239339
62.23201235,1448.295435,62.13818266,71.57238338,Mixed,853.4674145,11.41036151,Off,Normal,1,Low,310.3439438
90.36909253,1932.134834,128.1936704,50.83140689,Mixed,1171.439148,24.95408304,Off,Normal,2,High,497.9066584
87.60089265,1129.858285,169.9582743,53.4866291,Mixed,931.4177111,18.79482331,On,Normal,1,Low,493.4278362
89.87323213,2184.667858,278.2295612,39.1395089,Mixed,919.1631695,24.29208293,Off,Eco,5,High,522.1898818
89.46375122,1787.123826,136.0683757,76.87410509,Mixed,845.9659875,27.79790516,Off,Aggressive,2,Medium,465.1758076
103.6367119,1309.030764,221.3780527,49.91935993,Mixed,934.1039862,16.79324629,On,Normal,5,Medium,573.812822
91.12041167,1612.773876,260.1520333,72.13623988,Mixed,1190.740365,14.54002794,On,Normal,1,Low,451.6518001
98.43496689,1196.615202,138.3671355,41.87267287,Mixed,752.2841433,23.00437189,On,Normal,3,Medium,547.653207
75.89693205,1924.871669,100.6147684,34.83284982,Mixed,1165.156737,29.95051664,Off,Normal,2,High,426.5438064
81.53371094,2003.950947,201.8865946,61.78804849,Mixed,689.4425906,24.59016834,On,Normal,5,Medium,403.5952365
107.4175579,1607.928892,128.2521236,79.22082449,Mixed,666.6632181,25.91244816,On,Aggressive,4,Medium,557.1895765
99.62407008,1509.535732,216.5885062,62.34707848,Mixed,992.8016974,22.59714459,Off,Aggressive,5,Medium,520.4153837
92.18881925,2274.677124,92.3282504,60.43565617,Mixed,750.7074148,17.36366913,Off,Aggressive,1,Medium,510.9805963
84.84117139,1864.103866,96.38276248,52.1115359,Mixed,866.6353838,23.09288572,Off,Normal,1,High,513.5007893
58.68145902,2000.531908,222.2215364,44.19006474,Mixed,1037.792861,12.57100462,Off,Normal,3,Medium,315.407322
73.8500451,1191.27867,293.6542656,51.54166288,Mixed,920.9049019,19.7763608,Off,Normal,2,Low,422.324141
34.41025508,2069.987941,119.2551154,37.44784726,Mixed,608.2496096,21.46116462,Off,Eco,4,Low,157.0853841
63.29333997,1666.916162,231.3390802,43.09533827,Mixed,783.5059398,28.13499974,Off,Eco,1,Low,361.4892166
38.95171342,1550.002634,187.6897468,54.36927101,Mixed,638.8120019,28.39438662,Off,Normal,2,Medium,177.5927171
88.29116287,2394.106299,262.5219679,37.23977798,Mixed,1155.66873,11.20249019,On,Eco,4,Low,464.9566023
101.385411,1080.900981,153.3326382,69.57659097,Mixed,1076.789156,22.63762257,Off,Aggressive,3,Low,540.0594692
